#
# There is insufficient memory for the Java Runtime Environment to continue.
# Native memory allocation (malloc) failed to allocate 1064464 bytes. Error detail: Chunk::new
# Possible reasons:
#   The system is out of physical RAM or swap space
#   This process is running with CompressedOops enabled, and the Java Heap may be blocking the growth of the native heap
# Possible solutions:
#   Reduce memory load on the system
#   Increase physical memory or swap space
#   Check if swap backing store is full
#   Decrease Java heap size (-Xmx/-Xms)
#   Decrease number of Java threads
#   Decrease Java thread stack sizes (-Xss)
#   Set larger code cache with -XX:ReservedCodeCacheSize=
#   JVM is running with Unscaled Compressed Oops mode in which the Java heap is
#     placed in the first 4GB address space. The Java Heap base address is the
#     maximum limit for the native heap growth. Please use -XX:HeapBaseMinAddress
#     to set the Java Heap base and to place the Java Heap above 4GB virtual address.
# This output file may be truncated or incomplete.
#
#  Out of Memory Error (arena.cpp:168), pid=23512, tid=30388
#
# JRE version: OpenJDK Runtime Environment (21.0.10) (build 21.0.10+-14961533-b1163.108)
# Java VM: OpenJDK 64-Bit Server VM (21.0.10+-14961533-b1163.108, mixed mode, tiered, compressed oops, compressed class ptrs, g1 gc, windows-amd64)
# No core dump will be written. Minidumps are not enabled by default on client versions of Windows
#

---------------  S U M M A R Y ------------

Command Line: --add-opens=java.base/java.lang=ALL-UNNAMED --add-opens=java.base/java.lang.invoke=ALL-UNNAMED --add-opens=java.base/java.util=ALL-UNNAMED --add-opens=java.prefs/java.util.prefs=ALL-UNNAMED --add-exports=jdk.compiler/com.sun.tools.javac.api=ALL-UNNAMED --add-exports=jdk.compiler/com.sun.tools.javac.util=ALL-UNNAMED --add-opens=java.base/java.util=ALL-UNNAMED --add-opens=java.prefs/java.util.prefs=ALL-UNNAMED --add-opens=java.base/java.nio.charset=ALL-UNNAMED --add-opens=java.base/java.net=ALL-UNNAMED --add-opens=java.base/java.util.concurrent.atomic=ALL-UNNAMED --add-opens=java.xml/javax.xml.namespace=ALL-UNNAMED -Xmx2048m -Dfile.encoding=UTF-8 -Duser.country=IN -Duser.language=en -Duser.variant -javaagent:C:\Users\nickine chrise.j\.gradle\wrapper\dists\gradle-8.13-bin\5xuhj0ry160q40clulazy9h7d\gradle-8.13\lib\agents\gradle-instrumentation-agent-8.13.jar org.gradle.launcher.daemon.bootstrap.GradleDaemon 8.13

Host: Intel(R) Core(TM) i5-10210U CPU @ 1.60GHz, 8 cores, 7G,  Windows 11 , 64 bit Build 26100 (10.0.26100.8737)
Time: Sat Jul 25 21:59:18 2026 India Standard Time elapsed time: 97.783606 seconds (0d 0h 1m 37s)

---------------  T H R E A D  ---------------

Current thread (0x000001e7ea463ac0):  JavaThread "C2 CompilerThread0" daemon [_thread_in_native, id=30388, stack(0x0000009ed7400000,0x0000009ed7500000) (1024K)]


Current CompileTask:
C2:97783 20290       4       java.lang.invoke.MethodHandleImpl::makePairwiseConvertByEditor (617 bytes)

Stack: [0x0000009ed7400000,0x0000009ed7500000]
Native frames: (J=compiled Java code, j=interpreted, Vv=VM code, C=native code)
V  [jvm.dll+0x6d78a9]
V  [jvm.dll+0x8665b3]
V  [jvm.dll+0x868bde]
V  [jvm.dll+0x8692c3]
V  [jvm.dll+0x280ee6]
V  [jvm.dll+0xc07cd]
V  [jvm.dll+0xc0d03]
V  [jvm.dll+0x3ba0cb]
V  [jvm.dll+0x1e0052]
V  [jvm.dll+0x249d24]
V  [jvm.dll+0x2491a1]
V  [jvm.dll+0x1c76e4]
V  [jvm.dll+0x25891e]
V  [jvm.dll+0x256e66]
V  [jvm.dll+0x3f513e]
V  [jvm.dll+0x80fd28]
V  [jvm.dll+0x6d60fd]
C  [ucrtbase.dll+0x2cd30]
C  [KERNEL32.DLL+0x2e957]
C  [ntdll.dll+0xaad6c]


---------------  P R O C E S S  ---------------

Threads class SMR info:
_java_thread_list=0x000001e7f2e1a7a0, length=153, elements={
0x000001e7d2b7bc30, 0x000001e7ea4224c0, 0x000001e7ea437cf0, 0x000001e7ea4392c0,
0x000001e7ea445c90, 0x000001e7ea4466f0, 0x000001e7ea447150, 0x000001e7ea45d040,
0x000001e7ea463ac0, 0x000001e7ea464ce0, 0x000001e7ea7b9ae0, 0x000001e7f099a810,
0x000001e7f0f65e90, 0x000001e7f0ffc650, 0x000001e7f11e7250, 0x000001e7f10a6550,
0x000001e7f103afc0, 0x000001e7f1039580, 0x000001e7f1039c10, 0x000001e7ea70a810,
0x000001e7ea709af0, 0x000001e7ea70aea0, 0x000001e7ea708dd0, 0x000001e7ea709460,
0x000001e7ea70b530, 0x000001e7ea70bbc0, 0x000001e7ea70c250, 0x000001e7ea70c8e0,
0x000001e7ea70cf70, 0x000001e7ea70e320, 0x000001e7f41bc790, 0x000001e7effca360,
0x000001e7effc7c00, 0x000001e7effc7570, 0x000001e7effcbda0, 0x000001e7effcc430,
0x000001e7effca9f0, 0x000001e7effccac0, 0x000001e7effcd150, 0x000001e7f28d7900,
0x000001e7f28d8cb0, 0x000001e7f28d99d0, 0x000001e7f28d6be0, 0x000001e7f28d6550,
0x000001e7f28dbaa0, 0x000001e7f28dad80, 0x000001e7f28ddb70, 0x000001e7f28db410,
0x000001e7f28dce50, 0x000001e7f28da6f0, 0x000001e7f28dc130, 0x000001e7f28dd4e0,
0x000001e7f28dc7c0, 0x000001e7f9857e50, 0x000001e7f98577c0, 0x000001e7f98556f0,
0x000001e7f98584e0, 0x000001e7f9855060, 0x000001e7f9858b70, 0x000001e7f9859200,
0x000001e7f9855d80, 0x000001e7f9856410, 0x000001e7f9859890, 0x000001e7f9859f20,
0x000001e7f9857130, 0x000001e7f985c680, 0x000001e7f985ac40, 0x000001e7f985a5b0,
0x000001e7f985b2d0, 0x000001e7f985b960, 0x000001e7f985bff0, 0x000001e7f92ec420,
0x000001e7f92ecab0, 0x000001e7f92ede60, 0x000001e7f92eb700, 0x000001e7f92ee4f0,
0x000001e7f92eb070, 0x000001e7f92ef8a0, 0x000001e7f92eff30, 0x000001e7f92f05c0,
0x000001e7f92f2000, 0x000001e7f92eeb80, 0x000001e7f92f0c50, 0x000001e7f92f12e0,
0x000001e7f92ef210, 0x000001e7f92f1970, 0x000001e7f41b9310, 0x000001e7f41bad50,
0x000001e7f41b99a0, 0x000001e7f41b85f0, 0x000001e7f41ba030, 0x000001e7f41ba6c0,
0x000001e7f41b78d0, 0x000001e7f41bb3e0, 0x000001e7f41bba70, 0x000001e7f41b8c80,
0x000001e7f41be1d0, 0x000001e7f41be860, 0x000001e7f41bd4b0, 0x000001e7f41b7240,
0x000001e7effc6ee0, 0x000001e7effc8290, 0x000001e7effc61c0, 0x000001e7effc8fb0,
0x000001e7effc9640, 0x000001e7effc8920, 0x000001e7effc9cd0, 0x000001e7fa33fdf0,
0x000001e7fa340480, 0x000001e7fa33f760, 0x000001e7fa340b10, 0x000001e7fa33d690,
0x000001e7fa33ea40, 0x000001e7fa342be0, 0x000001e7f2e68340, 0x000001e7f2e66900,
0x000001e7f2e6cb70, 0x000001e7f2e6b7c0, 0x000001e7f2e6be50, 0x000001e7f2e6d200,
0x000001e7ea70a180, 0x000001e7ea70dc90, 0x000001e7ea70fd60, 0x000001e7ea7103f0,
0x000001e7ea70e9b0, 0x000001e7f1038ef0, 0x000001e7f103b650, 0x000001e7f1038860,
0x000001e7f10381d0, 0x000001e7f41bdb40, 0x000001e7f9f4d410, 0x000001e7f9f4cd80,
0x000001e7f9f4acb0, 0x000001e7f9f4b9d0, 0x000001e7f9f4a620, 0x000001e7f9f49f90,
0x000001e7f9f4e130, 0x000001e7f9f4e7c0, 0x000001e7fa265cf0, 0x000001e7fa265660,
0x000001e7fa269e90, 0x000001e7fa267dc0, 0x000001e7fa268450, 0x000001e7fa268ae0,
0x000001e7fa2670a0, 0x000001e7fa269170, 0x000001e7fa269800, 0x000001e7fa266380,
0x000001e7fa266a10, 0x000001e7fa26a520, 0x000001e7fa26abb0, 0x000001e7fa267730,
0x000001e7f1e325b0
}

Java Threads: ( => current thread )
  0x000001e7d2b7bc30 JavaThread "main"                              [_thread_blocked, id=28620, stack(0x0000009ed6500000,0x0000009ed6600000) (1024K)]
  0x000001e7ea4224c0 JavaThread "Common-Cleaner"             daemon [_thread_blocked, id=24292, stack(0x0000009ed6d00000,0x0000009ed6e00000) (1024K)]
  0x000001e7ea437cf0 JavaThread "Reference Handler"          daemon [_thread_blocked, id=30420, stack(0x0000009ed6e00000,0x0000009ed6f00000) (1024K)]
  0x000001e7ea4392c0 JavaThread "Finalizer"                  daemon [_thread_blocked, id=22820, stack(0x0000009ed6f00000,0x0000009ed7000000) (1024K)]
  0x000001e7ea445c90 JavaThread "Signal Dispatcher"          daemon [_thread_blocked, id=29456, stack(0x0000009ed7000000,0x0000009ed7100000) (1024K)]
  0x000001e7ea4466f0 JavaThread "Attach Listener"            daemon [_thread_blocked, id=30124, stack(0x0000009ed7100000,0x0000009ed7200000) (1024K)]
  0x000001e7ea447150 JavaThread "Service Thread"             daemon [_thread_blocked, id=10244, stack(0x0000009ed7200000,0x0000009ed7300000) (1024K)]
  0x000001e7ea45d040 JavaThread "Monitor Deflation Thread"   daemon [_thread_blocked, id=4948, stack(0x0000009ed7300000,0x0000009ed7400000) (1024K)]
=>0x000001e7ea463ac0 JavaThread "C2 CompilerThread0"         daemon [_thread_in_native, id=30388, stack(0x0000009ed7400000,0x0000009ed7500000) (1024K)]
  0x000001e7ea464ce0 JavaThread "C1 CompilerThread0"         daemon [_thread_blocked, id=17236, stack(0x0000009ed7500000,0x0000009ed7600000) (1024K)]
  0x000001e7ea7b9ae0 JavaThread "Notification Thread"        daemon [_thread_blocked, id=15356, stack(0x0000009ed7600000,0x0000009ed7700000) (1024K)]
  0x000001e7f099a810 JavaThread "Daemon health stats"               [_thread_blocked, id=29716, stack(0x0000009ed7900000,0x0000009ed7a00000) (1024K)]
  0x000001e7f0f65e90 JavaThread "Incoming local TCP Connector on port 55622"        [_thread_in_native, id=31032, stack(0x0000009ed7c00000,0x0000009ed7d00000) (1024K)]
  0x000001e7f0ffc650 JavaThread "Daemon periodic checks"            [_thread_blocked, id=18420, stack(0x0000009ed7d00000,0x0000009ed7e00000) (1024K)]
  0x000001e7f11e7250 JavaThread "Daemon"                            [_thread_blocked, id=29212, stack(0x0000009ed8100000,0x0000009ed8200000) (1024K)]
  0x000001e7f10a6550 JavaThread "Daemon worker"                     [_thread_blocked, id=8036, stack(0x0000009ed8500000,0x0000009ed8600000) (1024K)]
  0x000001e7f103afc0 JavaThread "Cache worker for journal cache (C:\Users\nickine chrise.j\.gradle\caches\journal-1)"        [_thread_blocked, id=28652, stack(0x0000009ed8900000,0x0000009ed8a00000) (1024K)]
  0x000001e7f1039580 JavaThread "File lock request listener"        [_thread_in_native, id=28852, stack(0x0000009ed8a00000,0x0000009ed8b00000) (1024K)]
  0x000001e7f1039c10 JavaThread "Cache worker for file hash cache (C:\Users\nickine chrise.j\.gradle\caches\8.13\fileHashes)"        [_thread_blocked, id=24668, stack(0x0000009ed8b00000,0x0000009ed8c00000) (1024K)]
  0x000001e7ea70a810 JavaThread "File watcher server"        daemon [_thread_in_native, id=25404, stack(0x0000009ed8e00000,0x0000009ed8f00000) (1024K)]
  0x000001e7ea709af0 JavaThread "File watcher consumer"      daemon [_thread_blocked, id=14772, stack(0x0000009ed8f00000,0x0000009ed9000000) (1024K)]
  0x000001e7ea70aea0 JavaThread "jar transforms"                    [_thread_blocked, id=6344, stack(0x0000009ed9000000,0x0000009ed9100000) (1024K)]
  0x000001e7ea708dd0 JavaThread "jar transforms Thread 2"           [_thread_blocked, id=18188, stack(0x0000009ed9100000,0x0000009ed9200000) (1024K)]
  0x000001e7ea709460 JavaThread "jar transforms Thread 3"           [_thread_blocked, id=20524, stack(0x0000009ed9200000,0x0000009ed9300000) (1024K)]
  0x000001e7ea70b530 JavaThread "jar transforms Thread 4"           [_thread_blocked, id=1972, stack(0x0000009ed9300000,0x0000009ed9400000) (1024K)]
  0x000001e7ea70bbc0 JavaThread "jar transforms Thread 5"           [_thread_blocked, id=8616, stack(0x0000009ed9400000,0x0000009ed9500000) (1024K)]
  0x000001e7ea70c250 JavaThread "jar transforms Thread 6"           [_thread_blocked, id=1752, stack(0x0000009ed9500000,0x0000009ed9600000) (1024K)]
  0x000001e7ea70c8e0 JavaThread "jar transforms Thread 7"           [_thread_blocked, id=4220, stack(0x0000009ed9600000,0x0000009ed9700000) (1024K)]
  0x000001e7ea70cf70 JavaThread "jar transforms Thread 8"           [_thread_blocked, id=1868, stack(0x0000009ed9700000,0x0000009ed9800000) (1024K)]
  0x000001e7ea70e320 JavaThread "Cache worker for file content cache (C:\Users\nickine chrise.j\.gradle\caches\8.13\fileContent)"        [_thread_blocked, id=12780, stack(0x0000009ed9900000,0x0000009ed9a00000) (1024K)]
  0x000001e7f41bc790 JavaThread "Memory manager"                    [_thread_blocked, id=5260, stack(0x0000009edc600000,0x0000009edc700000) (1024K)]
  0x000001e7effca360 JavaThread "Handler for socket connection from /127.0.0.1:55622 to /127.0.0.1:57210"        [_thread_in_native, id=28328, stack(0x0000009ed8200000,0x0000009ed8300000) (1024K)]
  0x000001e7effc7c00 JavaThread "Cancel handler"                    [_thread_blocked, id=9384, stack(0x0000009ed8400000,0x0000009ed8500000) (1024K)]
  0x000001e7effc7570 JavaThread "Asynchronous log dispatcher for DefaultDaemonConnection: socket connection from /127.0.0.1:55622 to /127.0.0.1:57210"        [_thread_blocked, id=24536, stack(0x0000009ed8700000,0x0000009ed8800000) (1024K)]
  0x000001e7effcbda0 JavaThread "Stdin handler"                     [_thread_blocked, id=25428, stack(0x0000009ed8800000,0x0000009ed8900000) (1024K)]
  0x000001e7effcc430 JavaThread "Daemon client event forwarder"        [_thread_blocked, id=14236, stack(0x0000009ed8c00000,0x0000009ed8d00000) (1024K)]
  0x000001e7effca9f0 JavaThread "Cache worker for file hash cache (C:\Users\nickine chrise.j\AndroidStudioProjects\AngelGuard\.gradle\8.13\fileHashes)"        [_thread_blocked, id=24068, stack(0x0000009ed8d00000,0x0000009ed8e00000) (1024K)]
  0x000001e7effccac0 JavaThread "Cache worker for checksums cache (C:\Users\nickine chrise.j\AndroidStudioProjects\AngelGuard\.gradle\8.13\checksums)"        [_thread_blocked, id=24860, stack(0x0000009ed9800000,0x0000009ed9900000) (1024K)]
  0x000001e7effcd150 JavaThread "Cache worker for Build Output Cleanup Cache (C:\Users\nickine chrise.j\AndroidStudioProjects\AngelGuard\.gradle\buildOutputCleanup)"        [_thread_blocked, id=28352, stack(0x0000009ed9a00000,0x0000009ed9b00000) (1024K)]
  0x000001e7f28d7900 JavaThread "build event listener"              [_thread_blocked, id=31616, stack(0x0000009ed9c00000,0x0000009ed9d00000) (1024K)]
  0x000001e7f28d8cb0 JavaThread "Build operations"                  [_thread_blocked, id=29472, stack(0x0000009ed9d00000,0x0000009ed9e00000) (1024K)]
  0x000001e7f28d99d0 JavaThread "included builds"                   [_thread_blocked, id=23840, stack(0x0000009ed9f00000,0x0000009eda000000) (1024K)]
  0x000001e7f28d6be0 JavaThread "Execution worker"                  [_thread_blocked, id=15084, stack(0x0000009eda000000,0x0000009eda100000) (1024K)]
  0x000001e7f28d6550 JavaThread "Execution worker Thread 2"         [_thread_blocked, id=18992, stack(0x0000009eda100000,0x0000009eda200000) (1024K)]
  0x000001e7f28dbaa0 JavaThread "Execution worker Thread 3"         [_thread_blocked, id=1792, stack(0x0000009eda200000,0x0000009eda300000) (1024K)]
  0x000001e7f28dad80 JavaThread "Execution worker Thread 4"         [_thread_blocked, id=20288, stack(0x0000009eda300000,0x0000009eda400000) (1024K)]
  0x000001e7f28ddb70 JavaThread "Execution worker Thread 5"         [_thread_blocked, id=14812, stack(0x0000009eda400000,0x0000009eda500000) (1024K)]
  0x000001e7f28db410 JavaThread "Execution worker Thread 6"         [_thread_blocked, id=28304, stack(0x0000009eda500000,0x0000009eda600000) (1024K)]
  0x000001e7f28dce50 JavaThread "Execution worker Thread 7"         [_thread_blocked, id=25208, stack(0x0000009eda600000,0x0000009eda700000) (1024K)]
  0x000001e7f28da6f0 JavaThread "Cache worker for execution history cache (C:\Users\nickine chrise.j\AndroidStudioProjects\AngelGuard\.gradle\8.13\executionHistory)"        [_thread_blocked, id=23204, stack(0x0000009eda700000,0x0000009eda800000) (1024K)]
  0x000001e7f28dc130 JavaThread "Unconstrained build operations"        [_thread_blocked, id=22152, stack(0x0000009eda800000,0x0000009eda900000) (1024K)]
  0x000001e7f28dd4e0 JavaThread "Unconstrained build operations Thread 2"        [_thread_blocked, id=3936, stack(0x0000009eda900000,0x0000009edaa00000) (1024K)]
  0x000001e7f28dc7c0 JavaThread "Unconstrained build operations Thread 3"        [_thread_blocked, id=8628, stack(0x0000009edaa00000,0x0000009edab00000) (1024K)]
  0x000001e7f9857e50 JavaThread "Unconstrained build operations Thread 4"        [_thread_blocked, id=14164, stack(0x0000009edab00000,0x0000009edac00000) (1024K)]
  0x000001e7f98577c0 JavaThread "Unconstrained build operations Thread 5"        [_thread_blocked, id=4836, stack(0x0000009edac00000,0x0000009edad00000) (1024K)]
  0x000001e7f98556f0 JavaThread "Unconstrained build operations Thread 6"        [_thread_blocked, id=29136, stack(0x0000009edad00000,0x0000009edae00000) (1024K)]
  0x000001e7f98584e0 JavaThread "Unconstrained build operations Thread 7"        [_thread_blocked, id=16516, stack(0x0000009edae00000,0x0000009edaf00000) (1024K)]
  0x000001e7f9855060 JavaThread "Unconstrained build operations Thread 8"        [_thread_blocked, id=7632, stack(0x0000009edaf00000,0x0000009edb000000) (1024K)]
  0x000001e7f9858b70 JavaThread "Unconstrained build operations Thread 9"        [_thread_blocked, id=22104, stack(0x0000009edb000000,0x0000009edb100000) (1024K)]
  0x000001e7f9859200 JavaThread "Unconstrained build operations Thread 10"        [_thread_blocked, id=11596, stack(0x0000009edb100000,0x0000009edb200000) (1024K)]
  0x000001e7f9855d80 JavaThread "Unconstrained build operations Thread 11"        [_thread_blocked, id=21464, stack(0x0000009edb200000,0x0000009edb300000) (1024K)]
  0x000001e7f9856410 JavaThread "Unconstrained build operations Thread 12"        [_thread_blocked, id=18520, stack(0x0000009edb300000,0x0000009edb400000) (1024K)]
  0x000001e7f9859890 JavaThread "Unconstrained build operations Thread 13"        [_thread_blocked, id=30064, stack(0x0000009edb400000,0x0000009edb500000) (1024K)]
  0x000001e7f9859f20 JavaThread "Unconstrained build operations Thread 14"        [_thread_blocked, id=26656, stack(0x0000009edb500000,0x0000009edb600000) (1024K)]
  0x000001e7f9857130 JavaThread "Unconstrained build operations Thread 15"        [_thread_blocked, id=29236, stack(0x0000009edb600000,0x0000009edb700000) (1024K)]
  0x000001e7f985c680 JavaThread "Unconstrained build operations Thread 16"        [_thread_blocked, id=17228, stack(0x0000009edb700000,0x0000009edb800000) (1024K)]
  0x000001e7f985ac40 JavaThread "Unconstrained build operations Thread 17"        [_thread_blocked, id=29004, stack(0x0000009edb800000,0x0000009edb900000) (1024K)]
  0x000001e7f985a5b0 JavaThread "Unconstrained build operations Thread 18"        [_thread_blocked, id=12476, stack(0x0000009edb900000,0x0000009edba00000) (1024K)]
  0x000001e7f985b2d0 JavaThread "Unconstrained build operations Thread 19"        [_thread_blocked, id=16388, stack(0x0000009edba00000,0x0000009edbb00000) (1024K)]
  0x000001e7f985b960 JavaThread "Unconstrained build operations Thread 20"        [_thread_blocked, id=9484, stack(0x0000009edbb00000,0x0000009edbc00000) (1024K)]
  0x000001e7f985bff0 JavaThread "Unconstrained build operations Thread 21"        [_thread_blocked, id=29764, stack(0x0000009edbc00000,0x0000009edbd00000) (1024K)]
  0x000001e7f92ec420 JavaThread "Unconstrained build operations Thread 22"        [_thread_blocked, id=4816, stack(0x0000009edbd00000,0x0000009edbe00000) (1024K)]
  0x000001e7f92ecab0 JavaThread "Unconstrained build operations Thread 23"        [_thread_blocked, id=10256, stack(0x0000009edbe00000,0x0000009edbf00000) (1024K)]
  0x000001e7f92ede60 JavaThread "Unconstrained build operations Thread 24"        [_thread_blocked, id=15752, stack(0x0000009edbf00000,0x0000009edc000000) (1024K)]
  0x000001e7f92eb700 JavaThread "Unconstrained build operations Thread 25"        [_thread_blocked, id=13428, stack(0x0000009edc000000,0x0000009edc100000) (1024K)]
  0x000001e7f92ee4f0 JavaThread "Unconstrained build operations Thread 26"        [_thread_blocked, id=26988, stack(0x0000009edc100000,0x0000009edc200000) (1024K)]
  0x000001e7f92eb070 JavaThread "Unconstrained build operations Thread 27"        [_thread_blocked, id=25304, stack(0x0000009edc200000,0x0000009edc300000) (1024K)]
  0x000001e7f92ef8a0 JavaThread "Unconstrained build operations Thread 28"        [_thread_blocked, id=21108, stack(0x0000009edc300000,0x0000009edc400000) (1024K)]
  0x000001e7f92eff30 JavaThread "Unconstrained build operations Thread 29"        [_thread_blocked, id=16408, stack(0x0000009edc400000,0x0000009edc500000) (1024K)]
  0x000001e7f92f05c0 JavaThread "Unconstrained build operations Thread 30"        [_thread_blocked, id=22060, stack(0x0000009edc500000,0x0000009edc600000) (1024K)]
  0x000001e7f92f2000 JavaThread "Unconstrained build operations Thread 31"        [_thread_blocked, id=19976, stack(0x0000009edc700000,0x0000009edc800000) (1024K)]
  0x000001e7f92eeb80 JavaThread "Unconstrained build operations Thread 32"        [_thread_blocked, id=28224, stack(0x0000009edc800000,0x0000009edc900000) (1024K)]
  0x000001e7f92f0c50 JavaThread "Unconstrained build operations Thread 33"        [_thread_blocked, id=3952, stack(0x0000009edca00000,0x0000009edcb00000) (1024K)]
  0x000001e7f92f12e0 JavaThread "Unconstrained build operations Thread 34"        [_thread_blocked, id=22120, stack(0x0000009edcb00000,0x0000009edcc00000) (1024K)]
  0x000001e7f92ef210 JavaThread "Unconstrained build operations Thread 35"        [_thread_blocked, id=30644, stack(0x0000009edcc00000,0x0000009edcd00000) (1024K)]
  0x000001e7f92f1970 JavaThread "Unconstrained build operations Thread 36"        [_thread_blocked, id=15240, stack(0x0000009edcd00000,0x0000009edce00000) (1024K)]
  0x000001e7f41b9310 JavaThread "Unconstrained build operations Thread 37"        [_thread_blocked, id=380, stack(0x0000009edce00000,0x0000009edcf00000) (1024K)]
  0x000001e7f41bad50 JavaThread "Unconstrained build operations Thread 38"        [_thread_blocked, id=1436, stack(0x0000009edcf00000,0x0000009edd000000) (1024K)]
  0x000001e7f41b99a0 JavaThread "Unconstrained build operations Thread 39"        [_thread_blocked, id=12996, stack(0x0000009edd000000,0x0000009edd100000) (1024K)]
  0x000001e7f41b85f0 JavaThread "Unconstrained build operations Thread 40"        [_thread_blocked, id=14064, stack(0x0000009edd100000,0x0000009edd200000) (1024K)]
  0x000001e7f41ba030 JavaThread "Unconstrained build operations Thread 41"        [_thread_blocked, id=28032, stack(0x0000009edd200000,0x0000009edd300000) (1024K)]
  0x000001e7f41ba6c0 JavaThread "Unconstrained build operations Thread 42"        [_thread_blocked, id=25580, stack(0x0000009edd300000,0x0000009edd400000) (1024K)]
  0x000001e7f41b78d0 JavaThread "Unconstrained build operations Thread 43"        [_thread_blocked, id=27660, stack(0x0000009edd400000,0x0000009edd500000) (1024K)]
  0x000001e7f41bb3e0 JavaThread "Unconstrained build operations Thread 44"        [_thread_blocked, id=31696, stack(0x0000009edd500000,0x0000009edd600000) (1024K)]
  0x000001e7f41bba70 JavaThread "Unconstrained build operations Thread 45"        [_thread_blocked, id=28280, stack(0x0000009edd600000,0x0000009edd700000) (1024K)]
  0x000001e7f41b8c80 JavaThread "Unconstrained build operations Thread 46"        [_thread_blocked, id=19384, stack(0x0000009edd700000,0x0000009edd800000) (1024K)]
  0x000001e7f41be1d0 JavaThread "Unconstrained build operations Thread 47"        [_thread_blocked, id=29576, stack(0x0000009edd800000,0x0000009edd900000) (1024K)]
  0x000001e7f41be860 JavaThread "Unconstrained build operations Thread 48"        [_thread_blocked, id=25820, stack(0x0000009edd900000,0x0000009edda00000) (1024K)]
  0x000001e7f41bd4b0 JavaThread "Unconstrained build operations Thread 49"        [_thread_blocked, id=14296, stack(0x0000009edda00000,0x0000009eddb00000) (1024K)]
  0x000001e7f41b7240 JavaThread "Unconstrained build operations Thread 50"        [_thread_blocked, id=14596, stack(0x0000009eddb00000,0x0000009eddc00000) (1024K)]
  0x000001e7effc6ee0 JavaThread "Unconstrained build operations Thread 51"        [_thread_blocked, id=29660, stack(0x0000009eddc00000,0x0000009eddd00000) (1024K)]
  0x000001e7effc8290 JavaThread "Unconstrained build operations Thread 52"        [_thread_blocked, id=8324, stack(0x0000009eddd00000,0x0000009edde00000) (1024K)]
  0x000001e7effc61c0 JavaThread "Unconstrained build operations Thread 53"        [_thread_blocked, id=29040, stack(0x0000009edde00000,0x0000009eddf00000) (1024K)]
  0x000001e7effc8fb0 JavaThread "Unconstrained build operations Thread 54"        [_thread_blocked, id=24744, stack(0x0000009eddf00000,0x0000009ede000000) (1024K)]
  0x000001e7effc9640 JavaThread "Unconstrained build operations Thread 55"        [_thread_blocked, id=20872, stack(0x0000009ede000000,0x0000009ede100000) (1024K)]
  0x000001e7effc8920 JavaThread "Unconstrained build operations Thread 56"        [_thread_blocked, id=31264, stack(0x0000009ede100000,0x0000009ede200000) (1024K)]
  0x000001e7effc9cd0 JavaThread "Unconstrained build operations Thread 57"        [_thread_blocked, id=30400, stack(0x0000009ede200000,0x0000009ede300000) (1024K)]
  0x000001e7fa33fdf0 JavaThread "Unconstrained build operations Thread 58"        [_thread_blocked, id=9152, stack(0x0000009ede300000,0x0000009ede400000) (1024K)]
  0x000001e7fa340480 JavaThread "Unconstrained build operations Thread 59"        [_thread_blocked, id=23736, stack(0x0000009ede400000,0x0000009ede500000) (1024K)]
  0x000001e7fa33f760 JavaThread "Unconstrained build operations Thread 60"        [_thread_blocked, id=17552, stack(0x0000009ede500000,0x0000009ede600000) (1024K)]
  0x000001e7fa340b10 JavaThread "Unconstrained build operations Thread 61"        [_thread_blocked, id=4548, stack(0x0000009ede600000,0x0000009ede700000) (1024K)]
  0x000001e7fa33d690 JavaThread "Unconstrained build operations Thread 62"        [_thread_blocked, id=19956, stack(0x0000009ede700000,0x0000009ede800000) (1024K)]
  0x000001e7fa33ea40 JavaThread "Unconstrained build operations Thread 63"        [_thread_blocked, id=18344, stack(0x0000009ede800000,0x0000009ede900000) (1024K)]
  0x000001e7fa342be0 JavaThread "Unconstrained build operations Thread 64"        [_thread_blocked, id=9332, stack(0x0000009ede900000,0x0000009edea00000) (1024K)]
  0x000001e7f2e68340 JavaThread "Unconstrained build operations Thread 65"        [_thread_blocked, id=11536, stack(0x0000009edea00000,0x0000009edeb00000) (1024K)]
  0x000001e7f2e66900 JavaThread "Unconstrained build operations Thread 66"        [_thread_blocked, id=23996, stack(0x0000009edeb00000,0x0000009edec00000) (1024K)]
  0x000001e7f2e6cb70 JavaThread "Unconstrained build operations Thread 67"        [_thread_blocked, id=9328, stack(0x0000009edec00000,0x0000009eded00000) (1024K)]
  0x000001e7f2e6b7c0 JavaThread "Unconstrained build operations Thread 68"        [_thread_blocked, id=23356, stack(0x0000009eded00000,0x0000009edee00000) (1024K)]
  0x000001e7f2e6be50 JavaThread "Unconstrained build operations Thread 69"        [_thread_blocked, id=3348, stack(0x0000009edee00000,0x0000009edef00000) (1024K)]
  0x000001e7f2e6d200 JavaThread "Unconstrained build operations Thread 70"        [_thread_blocked, id=11056, stack(0x0000009edef00000,0x0000009edf000000) (1024K)]
  0x000001e7ea70a180 JavaThread "Unconstrained build operations Thread 71"        [_thread_blocked, id=15552, stack(0x0000009edf000000,0x0000009edf100000) (1024K)]
  0x000001e7ea70dc90 JavaThread "Unconstrained build operations Thread 72"        [_thread_blocked, id=22348, stack(0x0000009edf100000,0x0000009edf200000) (1024K)]
  0x000001e7ea70fd60 JavaThread "Unconstrained build operations Thread 73"        [_thread_blocked, id=28744, stack(0x0000009edf200000,0x0000009edf300000) (1024K)]
  0x000001e7ea7103f0 JavaThread "Unconstrained build operations Thread 74"        [_thread_blocked, id=7688, stack(0x0000009edf300000,0x0000009edf400000) (1024K)]
  0x000001e7ea70e9b0 JavaThread "Unconstrained build operations Thread 75"        [_thread_blocked, id=8284, stack(0x0000009edf400000,0x0000009edf500000) (1024K)]
  0x000001e7f1038ef0 JavaThread "Unconstrained build operations Thread 76"        [_thread_blocked, id=12284, stack(0x0000009edf500000,0x0000009edf600000) (1024K)]
  0x000001e7f103b650 JavaThread "Unconstrained build operations Thread 77"        [_thread_blocked, id=23632, stack(0x0000009edf600000,0x0000009edf700000) (1024K)]
  0x000001e7f1038860 JavaThread "Unconstrained build operations Thread 78"        [_thread_blocked, id=19980, stack(0x0000009edf700000,0x0000009edf800000) (1024K)]
  0x000001e7f10381d0 JavaThread "Unconstrained build operations Thread 79"        [_thread_blocked, id=19580, stack(0x0000009edf800000,0x0000009edf900000) (1024K)]
  0x000001e7f41bdb40 JavaThread "Unconstrained build operations Thread 80"        [_thread_blocked, id=25456, stack(0x0000009edf900000,0x0000009edfa00000) (1024K)]
  0x000001e7f9f4d410 JavaThread "WorkerExecutor Queue"              [_thread_blocked, id=26552, stack(0x0000009edfa00000,0x0000009edfb00000) (1024K)]
  0x000001e7f9f4cd80 JavaThread "RMI Scheduler(0)"           daemon [_thread_blocked, id=25448, stack(0x0000009edfb00000,0x0000009edfc00000) (1024K)]
  0x000001e7f9f4acb0 JavaThread "RMI GC Daemon"              daemon [_thread_blocked, id=16188, stack(0x0000009edfd00000,0x0000009edfe00000) (1024K)]
  0x000001e7f9f4b9d0 JavaThread "RMI TCP Accept-0"           daemon [_thread_in_native, id=28828, stack(0x0000009edfe00000,0x0000009edff00000) (1024K)]
  0x000001e7f9f4a620 JavaThread "RMI Reaper"                        [_thread_blocked, id=2580, stack(0x0000009edff00000,0x0000009ee0000000) (1024K)]
  0x000001e7f9f49f90 JavaThread "RMI TCP Connection(2)-127.0.0.1" daemon [_thread_in_native, id=23436, stack(0x0000009ee0000000,0x0000009ee0100000) (1024K)]
  0x000001e7f9f4e130 JavaThread "WorkerExecutor Queue Thread 2"        [_thread_in_native, id=3324, stack(0x0000009ed6200000,0x0000009ed6300000) (1024K)]
  0x000001e7f9f4e7c0 JavaThread "Cache worker for Java compile cache (C:\Users\nickine chrise.j\.gradle\caches\8.13\javaCompile)"        [_thread_blocked, id=28008, stack(0x0000009ed6300000,0x0000009ed6400000) (1024K)]
  0x000001e7fa265cf0 JavaThread "Problems report writer"            [_thread_blocked, id=26876, stack(0x0000009ed6400000,0x0000009ed6500000) (1024K)]
  0x000001e7fa265660 JavaThread "Build operations Thread 2"         [_thread_blocked, id=24880, stack(0x0000009edc900000,0x0000009edca00000) (1024K)]
  0x000001e7fa269e90 JavaThread "Build operations Thread 3"         [_thread_blocked, id=17476, stack(0x0000009edfc00000,0x0000009edfd00000) (1024K)]
  0x000001e7fa267dc0 JavaThread "Build operations Thread 4"         [_thread_blocked, id=9040, stack(0x0000009ee0100000,0x0000009ee0200000) (1024K)]
  0x000001e7fa268450 JavaThread "Build operations Thread 5"         [_thread_blocked, id=6528, stack(0x0000009ee0200000,0x0000009ee0300000) (1024K)]
  0x000001e7fa268ae0 JavaThread "Build operations Thread 6"         [_thread_blocked, id=20620, stack(0x0000009ee0300000,0x0000009ee0400000) (1024K)]
  0x000001e7fa2670a0 JavaThread "Build operations Thread 7"         [_thread_blocked, id=14752, stack(0x0000009ee0400000,0x0000009ee0500000) (1024K)]
  0x000001e7fa269170 JavaThread "Build operations Thread 8"         [_thread_blocked, id=24156, stack(0x0000009ee0500000,0x0000009ee0600000) (1024K)]
  0x000001e7fa269800 JavaThread "WorkerExecutor Queue Thread 3"        [_thread_blocked, id=28212, stack(0x0000009ed8600000,0x0000009ed8700000) (1024K)]
  0x000001e7fa266380 JavaThread "WorkerExecutor Queue Thread 4"        [_thread_blocked, id=28164, stack(0x0000009ee0600000,0x0000009ee0700000) (1024K)]
  0x000001e7fa266a10 JavaThread "WorkerExecutor Queue Thread 5"        [_thread_blocked, id=4384, stack(0x0000009ee0700000,0x0000009ee0800000) (1024K)]
  0x000001e7fa26a520 JavaThread "WorkerExecutor Queue Thread 6"        [_thread_blocked, id=18436, stack(0x0000009ee0800000,0x0000009ee0900000) (1024K)]
  0x000001e7fa26abb0 JavaThread "WorkerExecutor Queue Thread 7"        [_thread_blocked, id=27032, stack(0x0000009ee0900000,0x0000009ee0a00000) (1024K)]
  0x000001e7fa267730 JavaThread "WorkerExecutor Queue Thread 8"        [_thread_blocked, id=20788, stack(0x0000009ee0a00000,0x0000009ee0b00000) (1024K)]
  0x000001e7f1e325b0 JavaThread "C2 CompilerThread1"         daemon [_thread_in_native, id=24088, stack(0x0000009ee0b00000,0x0000009ee0c00000) (1024K)]
Total: 153

Other Threads:
  0x000001e7ea259660 VMThread "VM Thread"                           [id=23208, stack(0x0000009ed6c00000,0x0000009ed6d00000) (1024K)]
  0x000001e7ea215f00 WatcherThread "VM Periodic Task Thread"        [id=28912, stack(0x0000009ed6b00000,0x0000009ed6c00000) (1024K)]
  0x000001e7d2bd42f0 WorkerThread "GC Thread#0"                     [id=11988, stack(0x0000009ed6600000,0x0000009ed6700000) (1024K)]
  0x000001e7eab32bd0 WorkerThread "GC Thread#1"                     [id=22512, stack(0x0000009ed7700000,0x0000009ed7800000) (1024K)]
  0x000001e7eab32f80 WorkerThread "GC Thread#2"                     [id=6664, stack(0x0000009ed7800000,0x0000009ed7900000) (1024K)]
  0x000001e7ef487fc0 WorkerThread "GC Thread#3"                     [id=16180, stack(0x0000009ed7a00000,0x0000009ed7b00000) (1024K)]
  0x000001e7eaeeca30 WorkerThread "GC Thread#4"                     [id=2504, stack(0x0000009ed7b00000,0x0000009ed7c00000) (1024K)]
  0x000001e7f1008540 WorkerThread "GC Thread#5"                     [id=5852, stack(0x0000009ed7e00000,0x0000009ed7f00000) (1024K)]
  0x000001e7f10088f0 WorkerThread "GC Thread#6"                     [id=25460, stack(0x0000009ed7f00000,0x0000009ed8000000) (1024K)]
  0x000001e7f1054540 WorkerThread "GC Thread#7"                     [id=5972, stack(0x0000009ed8000000,0x0000009ed8100000) (1024K)]
  0x000001e7d2be6030 ConcurrentGCThread "G1 Main Marker"            [id=9244, stack(0x0000009ed6700000,0x0000009ed6800000) (1024K)]
  0x000001e7d2be71f0 WorkerThread "G1 Conc#0"                       [id=20316, stack(0x0000009ed6800000,0x0000009ed6900000) (1024K)]
  0x000001e7f11f8910 WorkerThread "G1 Conc#1"                       [id=25308, stack(0x0000009ed8300000,0x0000009ed8400000) (1024K)]
  0x000001e7ea0e3580 ConcurrentGCThread "G1 Refine#0"               [id=8540, stack(0x0000009ed6900000,0x0000009ed6a00000) (1024K)]
  0x000001e7ea0e4dc0 ConcurrentGCThread "G1 Service"                [id=29608, stack(0x0000009ed6a00000,0x0000009ed6b00000) (1024K)]
Total: 15

Threads with active compile tasks:
C2 CompilerThread0  97853 20290       4       java.lang.invoke.MethodHandleImpl::makePairwiseConvertByEditor (617 bytes)
C2 CompilerThread1  97853 20349       4       sun.nio.fs.WindowsPathParser::parse (504 bytes)
Total: 2

VM state: not at safepoint (normal execution)

VM Mutex/Monitor currently owned by a thread: None

Heap address: 0x0000000080000000, size: 2048 MB, Compressed Oops mode: 32-bit

CDS archive(s) not mapped
Compressed class space mapped at: 0x0000000100000000-0x0000000140000000, reserved size: 1073741824
Narrow klass base: 0x0000000000000000, Narrow klass shift: 3, Narrow klass range: 0x140000000

GC Precious Log:
 CardTable entry size: 512
 Card Set container configuration: InlinePtr #cards 5 size 8 Array Of Cards #cards 12 size 40 Howl #buckets 4 coarsen threshold 1843 Howl Bitmap #cards 512 size 80 coarsen threshold 460 Card regions per heap region 1 cards per card region 2048
 CPUs: 8 total, 8 available
 Memory: 8022M
 Large Page Support: Disabled
 NUMA Support: Disabled
 Compressed Oops: Enabled (32-bit)
 Heap Region Size: 1M
 Heap Min Capacity: 8M
 Heap Initial Capacity: 126M
 Heap Max Capacity: 2G
 Pre-touch: Disabled
 Parallel Workers: 8
 Concurrent Workers: 2
 Concurrent Refinement Workers: 8
 Periodic GC: Disabled

Heap:
 garbage-first heap   total 370688K, used 306915K [0x0000000080000000, 0x0000000100000000)
  region size 1024K, 95 young (97280K), 10 survivors (10240K)
 Metaspace       used 164474K, committed 167360K, reserved 1245184K
  class space    used 22943K, committed 24384K, reserved 1048576K

Heap Regions: E=young(eden), S=young(survivor), O=old, HS=humongous(starts), HC=humongous(continues), CS=collection set, F=free, TAMS=top-at-mark-start, PB=parsable bottom
|   0|0x0000000080000000, 0x0000000080100000, 0x0000000080100000|100%|HS|  |TAMS 0x0000000080000000| PB 0x0000000080000000| Complete 
|   1|0x0000000080100000, 0x0000000080200000, 0x0000000080200000|100%|HC|  |TAMS 0x0000000080100000| PB 0x0000000080100000| Complete 
|   2|0x0000000080200000, 0x0000000080300000, 0x0000000080300000|100%|HC|  |TAMS 0x0000000080200000| PB 0x0000000080200000| Complete 
|   3|0x0000000080300000, 0x0000000080400000, 0x0000000080400000|100%| O|  |TAMS 0x0000000080300000| PB 0x0000000080300000| Untracked 
|   4|0x0000000080400000, 0x0000000080500000, 0x0000000080500000|100%| O|  |TAMS 0x0000000080400000| PB 0x0000000080400000| Untracked 
|   5|0x0000000080500000, 0x0000000080600000, 0x0000000080600000|100%| O|  |TAMS 0x0000000080500000| PB 0x0000000080500000| Untracked 
|   6|0x0000000080600000, 0x0000000080700000, 0x0000000080700000|100%|HS|  |TAMS 0x0000000080600000| PB 0x0000000080600000| Complete 
|   7|0x0000000080700000, 0x0000000080800000, 0x0000000080800000|100%| O|  |TAMS 0x0000000080700000| PB 0x0000000080700000| Untracked 
|   8|0x0000000080800000, 0x0000000080900000, 0x0000000080900000|100%| O|  |TAMS 0x0000000080800000| PB 0x0000000080800000| Untracked 
|   9|0x0000000080900000, 0x0000000080a00000, 0x0000000080a00000|100%| O|  |TAMS 0x0000000080900000| PB 0x0000000080900000| Untracked 
|  10|0x0000000080a00000, 0x0000000080b00000, 0x0000000080b00000|100%| O|  |TAMS 0x0000000080a00000| PB 0x0000000080a00000| Untracked 
|  11|0x0000000080b00000, 0x0000000080c00000, 0x0000000080c00000|100%| O|  |TAMS 0x0000000080b00000| PB 0x0000000080b00000| Untracked 
|  12|0x0000000080c00000, 0x0000000080d00000, 0x0000000080d00000|100%| O|  |TAMS 0x0000000080c00000| PB 0x0000000080c00000| Untracked 
|  13|0x0000000080d00000, 0x0000000080e00000, 0x0000000080e00000|100%| O|  |TAMS 0x0000000080d00000| PB 0x0000000080d00000| Untracked 
|  14|0x0000000080e00000, 0x0000000080f00000, 0x0000000080f00000|100%| O|  |TAMS 0x0000000080e00000| PB 0x0000000080e00000| Untracked 
|  15|0x0000000080f00000, 0x0000000081000000, 0x0000000081000000|100%| O|  |TAMS 0x0000000080f00000| PB 0x0000000080f00000| Untracked 
|  16|0x0000000081000000, 0x0000000081100000, 0x0000000081100000|100%| O|  |TAMS 0x0000000081000000| PB 0x0000000081000000| Untracked 
|  17|0x0000000081100000, 0x0000000081200000, 0x0000000081200000|100%| O|  |TAMS 0x0000000081100000| PB 0x0000000081100000| Untracked 
|  18|0x0000000081200000, 0x0000000081300000, 0x0000000081300000|100%| O|  |TAMS 0x0000000081200000| PB 0x0000000081200000| Untracked 
|  19|0x0000000081300000, 0x0000000081400000, 0x0000000081400000|100%| O|  |TAMS 0x0000000081300000| PB 0x0000000081300000| Untracked 
|  20|0x0000000081400000, 0x0000000081500000, 0x0000000081500000|100%| O|  |TAMS 0x0000000081400000| PB 0x0000000081400000| Untracked 
|  21|0x0000000081500000, 0x0000000081600000, 0x0000000081600000|100%| O|  |TAMS 0x0000000081500000| PB 0x0000000081500000| Untracked 
|  22|0x0000000081600000, 0x0000000081700000, 0x0000000081700000|100%|HS|  |TAMS 0x0000000081600000| PB 0x0000000081600000| Complete 
|  23|0x0000000081700000, 0x0000000081800000, 0x0000000081800000|100%|HC|  |TAMS 0x0000000081700000| PB 0x0000000081700000| Complete 
|  24|0x0000000081800000, 0x0000000081900000, 0x0000000081900000|100%|HC|  |TAMS 0x0000000081800000| PB 0x0000000081800000| Complete 
|  25|0x0000000081900000, 0x0000000081a00000, 0x0000000081a00000|100%|HC|  |TAMS 0x0000000081900000| PB 0x0000000081900000| Complete 
|  26|0x0000000081a00000, 0x0000000081b00000, 0x0000000081b00000|100%|HC|  |TAMS 0x0000000081a00000| PB 0x0000000081a00000| Complete 
|  27|0x0000000081b00000, 0x0000000081c00000, 0x0000000081c00000|100%|HC|  |TAMS 0x0000000081b00000| PB 0x0000000081b00000| Complete 
|  28|0x0000000081c00000, 0x0000000081d00000, 0x0000000081d00000|100%|HS|  |TAMS 0x0000000081c00000| PB 0x0000000081c00000| Complete 
|  29|0x0000000081d00000, 0x0000000081e00000, 0x0000000081e00000|100%|HS|  |TAMS 0x0000000081d00000| PB 0x0000000081d00000| Complete 
|  30|0x0000000081e00000, 0x0000000081f00000, 0x0000000081f00000|100%|HS|  |TAMS 0x0000000081e00000| PB 0x0000000081e00000| Complete 
|  31|0x0000000081f00000, 0x0000000082000000, 0x0000000082000000|100%|HC|  |TAMS 0x0000000081f00000| PB 0x0000000081f00000| Complete 
|  32|0x0000000082000000, 0x0000000082100000, 0x0000000082100000|100%|HC|  |TAMS 0x0000000082000000| PB 0x0000000082000000| Complete 
|  33|0x0000000082100000, 0x0000000082200000, 0x0000000082200000|100%|HC|  |TAMS 0x0000000082100000| PB 0x0000000082100000| Complete 
|  34|0x0000000082200000, 0x0000000082300000, 0x0000000082300000|100%|HC|  |TAMS 0x0000000082200000| PB 0x0000000082200000| Complete 
|  35|0x0000000082300000, 0x0000000082400000, 0x0000000082400000|100%|HC|  |TAMS 0x0000000082300000| PB 0x0000000082300000| Complete 
|  36|0x0000000082400000, 0x0000000082500000, 0x0000000082500000|100%|HS|  |TAMS 0x0000000082400000| PB 0x0000000082400000| Complete 
|  37|0x0000000082500000, 0x0000000082600000, 0x0000000082600000|100%|HS|  |TAMS 0x0000000082500000| PB 0x0000000082500000| Complete 
|  38|0x0000000082600000, 0x0000000082700000, 0x0000000082700000|100%| O|  |TAMS 0x0000000082600000| PB 0x0000000082600000| Untracked 
|  39|0x0000000082700000, 0x0000000082800000, 0x0000000082800000|100%| O|  |TAMS 0x0000000082700000| PB 0x0000000082700000| Untracked 
|  40|0x0000000082800000, 0x0000000082900000, 0x0000000082900000|100%| O|  |TAMS 0x0000000082800000| PB 0x0000000082800000| Untracked 
|  41|0x0000000082900000, 0x0000000082a00000, 0x0000000082a00000|100%| O|  |TAMS 0x0000000082900000| PB 0x0000000082900000| Untracked 
|  42|0x0000000082a00000, 0x0000000082b00000, 0x0000000082b00000|100%| O|  |TAMS 0x0000000082a00000| PB 0x0000000082a00000| Untracked 
|  43|0x0000000082b00000, 0x0000000082c00000, 0x0000000082c00000|100%| O|  |TAMS 0x0000000082b00000| PB 0x0000000082b00000| Untracked 
|  44|0x0000000082c00000, 0x0000000082d00000, 0x0000000082d00000|100%| O|  |TAMS 0x0000000082c00000| PB 0x0000000082c00000| Untracked 
|  45|0x0000000082d00000, 0x0000000082e00000, 0x0000000082e00000|100%| O|  |TAMS 0x0000000082d00000| PB 0x0000000082d00000| Untracked 
|  46|0x0000000082e00000, 0x0000000082f00000, 0x0000000082f00000|100%| O|  |TAMS 0x0000000082e00000| PB 0x0000000082e00000| Untracked 
|  47|0x0000000082f00000, 0x0000000083000000, 0x0000000083000000|100%| O|  |TAMS 0x0000000082f00000| PB 0x0000000082f00000| Untracked 
|  48|0x0000000083000000, 0x0000000083100000, 0x0000000083100000|100%| O|  |TAMS 0x0000000083000000| PB 0x0000000083000000| Untracked 
|  49|0x0000000083100000, 0x0000000083200000, 0x0000000083200000|100%| O|  |TAMS 0x0000000083100000| PB 0x0000000083100000| Untracked 
|  50|0x0000000083200000, 0x0000000083300000, 0x0000000083300000|100%| O|  |TAMS 0x0000000083200000| PB 0x0000000083200000| Untracked 
|  51|0x0000000083300000, 0x0000000083400000, 0x0000000083400000|100%| O|  |TAMS 0x0000000083300000| PB 0x0000000083300000| Untracked 
|  52|0x0000000083400000, 0x0000000083500000, 0x0000000083500000|100%| O|  |TAMS 0x0000000083400000| PB 0x0000000083400000| Untracked 
|  53|0x0000000083500000, 0x0000000083600000, 0x0000000083600000|100%| O|  |TAMS 0x0000000083500000| PB 0x0000000083500000| Untracked 
|  54|0x0000000083600000, 0x0000000083700000, 0x0000000083700000|100%| O|  |TAMS 0x0000000083600000| PB 0x0000000083600000| Untracked 
|  55|0x0000000083700000, 0x0000000083800000, 0x0000000083800000|100%| O|  |TAMS 0x0000000083700000| PB 0x0000000083700000| Untracked 
|  56|0x0000000083800000, 0x0000000083900000, 0x0000000083900000|100%| O|Cm|TAMS 0x0000000083800000| PB 0x0000000083800000| Complete 
|  57|0x0000000083900000, 0x0000000083a00000, 0x0000000083a00000|100%| O|  |TAMS 0x0000000083900000| PB 0x0000000083900000| Untracked 
|  58|0x0000000083a00000, 0x0000000083b00000, 0x0000000083b00000|100%| O|  |TAMS 0x0000000083a00000| PB 0x0000000083a00000| Untracked 
|  59|0x0000000083b00000, 0x0000000083c00000, 0x0000000083c00000|100%| O|  |TAMS 0x0000000083b00000| PB 0x0000000083b00000| Untracked 
|  60|0x0000000083c00000, 0x0000000083d00000, 0x0000000083d00000|100%| O|  |TAMS 0x0000000083c00000| PB 0x0000000083c00000| Untracked 
|  61|0x0000000083d00000, 0x0000000083e00000, 0x0000000083e00000|100%| O|  |TAMS 0x0000000083d00000| PB 0x0000000083d00000| Untracked 
|  62|0x0000000083e00000, 0x0000000083f00000, 0x0000000083f00000|100%| O|  |TAMS 0x0000000083e00000| PB 0x0000000083e00000| Untracked 
|  63|0x0000000083f00000, 0x0000000084000000, 0x0000000084000000|100%|HS|  |TAMS 0x0000000083f00000| PB 0x0000000083f00000| Complete 
|  64|0x0000000084000000, 0x0000000084100000, 0x0000000084100000|100%| O|  |TAMS 0x0000000084000000| PB 0x0000000084000000| Untracked 
|  65|0x0000000084100000, 0x0000000084200000, 0x0000000084200000|100%| O|  |TAMS 0x0000000084100000| PB 0x0000000084100000| Untracked 
|  66|0x0000000084200000, 0x0000000084300000, 0x0000000084300000|100%| O|  |TAMS 0x0000000084200000| PB 0x0000000084200000| Untracked 
|  67|0x0000000084300000, 0x0000000084400000, 0x0000000084400000|100%| O|  |TAMS 0x0000000084300000| PB 0x0000000084300000| Untracked 
|  68|0x0000000084400000, 0x0000000084500000, 0x0000000084500000|100%| O|  |TAMS 0x0000000084400000| PB 0x0000000084400000| Untracked 
|  69|0x0000000084500000, 0x0000000084600000, 0x0000000084600000|100%| O|  |TAMS 0x0000000084500000| PB 0x0000000084500000| Untracked 
|  70|0x0000000084600000, 0x0000000084700000, 0x0000000084700000|100%| O|  |TAMS 0x0000000084600000| PB 0x0000000084600000| Untracked 
|  71|0x0000000084700000, 0x0000000084800000, 0x0000000084800000|100%| O|  |TAMS 0x0000000084700000| PB 0x0000000084700000| Untracked 
|  72|0x0000000084800000, 0x0000000084900000, 0x0000000084900000|100%| O|  |TAMS 0x0000000084800000| PB 0x0000000084800000| Untracked 
|  73|0x0000000084900000, 0x0000000084900000, 0x0000000084a00000|  0%| F|  |TAMS 0x0000000084900000| PB 0x0000000084900000| Untracked 
|  74|0x0000000084a00000, 0x0000000084b00000, 0x0000000084b00000|100%| O|  |TAMS 0x0000000084a00000| PB 0x0000000084a00000| Untracked 
|  75|0x0000000084b00000, 0x0000000084c00000, 0x0000000084c00000|100%|HS|  |TAMS 0x0000000084b00000| PB 0x0000000084b00000| Complete 
|  76|0x0000000084c00000, 0x0000000084d00000, 0x0000000084d00000|100%|HS|  |TAMS 0x0000000084c00000| PB 0x0000000084c00000| Complete 
|  77|0x0000000084d00000, 0x0000000084e00000, 0x0000000084e00000|100%|HC|  |TAMS 0x0000000084d00000| PB 0x0000000084d00000| Complete 
|  78|0x0000000084e00000, 0x0000000084f00000, 0x0000000084f00000|100%|HS|  |TAMS 0x0000000084e00000| PB 0x0000000084e00000| Complete 
|  79|0x0000000084f00000, 0x0000000085000000, 0x0000000085000000|100%|HC|  |TAMS 0x0000000084f00000| PB 0x0000000084f00000| Complete 
|  80|0x0000000085000000, 0x0000000085100000, 0x0000000085100000|100%|HS|  |TAMS 0x0000000085000000| PB 0x0000000085000000| Complete 
|  81|0x0000000085100000, 0x0000000085200000, 0x0000000085200000|100%|HS|  |TAMS 0x0000000085100000| PB 0x0000000085100000| Complete 
|  82|0x0000000085200000, 0x0000000085300000, 0x0000000085300000|100%|HS|  |TAMS 0x0000000085200000| PB 0x0000000085200000| Complete 
|  83|0x0000000085300000, 0x0000000085400000, 0x0000000085400000|100%|HC|  |TAMS 0x0000000085300000| PB 0x0000000085300000| Complete 
|  84|0x0000000085400000, 0x0000000085500000, 0x0000000085500000|100%|HC|  |TAMS 0x0000000085400000| PB 0x0000000085400000| Complete 
|  85|0x0000000085500000, 0x0000000085600000, 0x0000000085600000|100%|HC|  |TAMS 0x0000000085500000| PB 0x0000000085500000| Complete 
|  86|0x0000000085600000, 0x0000000085700000, 0x0000000085700000|100%|HS|  |TAMS 0x0000000085600000| PB 0x0000000085600000| Complete 
|  87|0x0000000085700000, 0x0000000085800000, 0x0000000085800000|100%| O|  |TAMS 0x0000000085700000| PB 0x0000000085700000| Untracked 
|  88|0x0000000085800000, 0x0000000085900000, 0x0000000085900000|100%|HS|  |TAMS 0x0000000085800000| PB 0x0000000085800000| Complete 
|  89|0x0000000085900000, 0x0000000085a00000, 0x0000000085a00000|100%| O|  |TAMS 0x0000000085900000| PB 0x0000000085900000| Untracked 
|  90|0x0000000085a00000, 0x0000000085b00000, 0x0000000085b00000|100%| O|  |TAMS 0x0000000085a00000| PB 0x0000000085a00000| Untracked 
|  91|0x0000000085b00000, 0x0000000085c00000, 0x0000000085c00000|100%| O|  |TAMS 0x0000000085b00000| PB 0x0000000085b00000| Untracked 
|  92|0x0000000085c00000, 0x0000000085d00000, 0x0000000085d00000|100%| O|  |TAMS 0x0000000085c00000| PB 0x0000000085c00000| Untracked 
|  93|0x0000000085d00000, 0x0000000085e00000, 0x0000000085e00000|100%| O|  |TAMS 0x0000000085d00000| PB 0x0000000085d00000| Untracked 
|  94|0x0000000085e00000, 0x0000000085e00000, 0x0000000085f00000|  0%| F|  |TAMS 0x0000000085e00000| PB 0x0000000085e00000| Untracked 
|  95|0x0000000085f00000, 0x0000000086000000, 0x0000000086000000|100%| O|  |TAMS 0x0000000085f00000| PB 0x0000000085f00000| Untracked 
|  96|0x0000000086000000, 0x0000000086100000, 0x0000000086100000|100%| O|  |TAMS 0x0000000086000000| PB 0x0000000086000000| Untracked 
|  97|0x0000000086100000, 0x0000000086200000, 0x0000000086200000|100%| O|  |TAMS 0x0000000086100000| PB 0x0000000086100000| Untracked 
|  98|0x0000000086200000, 0x0000000086300000, 0x0000000086300000|100%|HS|  |TAMS 0x0000000086200000| PB 0x0000000086200000| Complete 
|  99|0x0000000086300000, 0x0000000086400000, 0x0000000086400000|100%| O|  |TAMS 0x0000000086300000| PB 0x0000000086300000| Untracked 
| 100|0x0000000086400000, 0x0000000086500000, 0x0000000086500000|100%|HS|  |TAMS 0x0000000086400000| PB 0x0000000086400000| Complete 
| 101|0x0000000086500000, 0x0000000086600000, 0x0000000086600000|100%|HC|  |TAMS 0x0000000086500000| PB 0x0000000086500000| Complete 
| 102|0x0000000086600000, 0x0000000086700000, 0x0000000086700000|100%|HC|  |TAMS 0x0000000086600000| PB 0x0000000086600000| Complete 
| 103|0x0000000086700000, 0x0000000086800000, 0x0000000086800000|100%|HC|  |TAMS 0x0000000086700000| PB 0x0000000086700000| Complete 
| 104|0x0000000086800000, 0x0000000086900000, 0x0000000086900000|100%| O|  |TAMS 0x0000000086800000| PB 0x0000000086800000| Untracked 
| 105|0x0000000086900000, 0x0000000086a00000, 0x0000000086a00000|100%| O|  |TAMS 0x0000000086900000| PB 0x0000000086900000| Untracked 
| 106|0x0000000086a00000, 0x0000000086b00000, 0x0000000086b00000|100%| O|  |TAMS 0x0000000086a00000| PB 0x0000000086a00000| Untracked 
| 107|0x0000000086b00000, 0x0000000086c00000, 0x0000000086c00000|100%| O|  |TAMS 0x0000000086b00000| PB 0x0000000086b00000| Untracked 
| 108|0x0000000086c00000, 0x0000000086d00000, 0x0000000086d00000|100%| O|  |TAMS 0x0000000086c00000| PB 0x0000000086c00000| Untracked 
| 109|0x0000000086d00000, 0x0000000086e00000, 0x0000000086e00000|100%| O|  |TAMS 0x0000000086d00000| PB 0x0000000086d00000| Untracked 
| 110|0x0000000086e00000, 0x0000000086f00000, 0x0000000086f00000|100%| O|  |TAMS 0x0000000086e00000| PB 0x0000000086e00000| Untracked 
| 111|0x0000000086f00000, 0x0000000087000000, 0x0000000087000000|100%| O|  |TAMS 0x0000000086f00000| PB 0x0000000086f00000| Untracked 
| 112|0x0000000087000000, 0x0000000087100000, 0x0000000087100000|100%| O|  |TAMS 0x0000000087000000| PB 0x0000000087000000| Untracked 
| 113|0x0000000087100000, 0x0000000087200000, 0x0000000087200000|100%| O|  |TAMS 0x0000000087100000| PB 0x0000000087100000| Untracked 
| 114|0x0000000087200000, 0x0000000087300000, 0x0000000087300000|100%| O|  |TAMS 0x0000000087200000| PB 0x0000000087200000| Untracked 
| 115|0x0000000087300000, 0x0000000087400000, 0x0000000087400000|100%| O|  |TAMS 0x0000000087300000| PB 0x0000000087300000| Untracked 
| 116|0x0000000087400000, 0x0000000087500000, 0x0000000087500000|100%| O|  |TAMS 0x0000000087400000| PB 0x0000000087400000| Untracked 
| 117|0x0000000087500000, 0x0000000087600000, 0x0000000087600000|100%| O|  |TAMS 0x0000000087500000| PB 0x0000000087500000| Untracked 
| 118|0x0000000087600000, 0x0000000087700000, 0x0000000087700000|100%| O|  |TAMS 0x0000000087600000| PB 0x0000000087600000| Untracked 
| 119|0x0000000087700000, 0x0000000087800000, 0x0000000087800000|100%| O|  |TAMS 0x0000000087700000| PB 0x0000000087700000| Untracked 
| 120|0x0000000087800000, 0x0000000087900000, 0x0000000087900000|100%| O|  |TAMS 0x0000000087800000| PB 0x0000000087800000| Untracked 
| 121|0x0000000087900000, 0x0000000087a00000, 0x0000000087a00000|100%| O|  |TAMS 0x0000000087900000| PB 0x0000000087900000| Untracked 
| 122|0x0000000087a00000, 0x0000000087b00000, 0x0000000087b00000|100%| O|  |TAMS 0x0000000087a00000| PB 0x0000000087a00000| Untracked 
| 123|0x0000000087b00000, 0x0000000087c00000, 0x0000000087c00000|100%| O|  |TAMS 0x0000000087b00000| PB 0x0000000087b00000| Untracked 
| 124|0x0000000087c00000, 0x0000000087d00000, 0x0000000087d00000|100%| O|  |TAMS 0x0000000087c00000| PB 0x0000000087c00000| Untracked 
| 125|0x0000000087d00000, 0x0000000087e00000, 0x0000000087e00000|100%| O|  |TAMS 0x0000000087d00000| PB 0x0000000087d00000| Untracked 
| 126|0x0000000087e00000, 0x0000000087f00000, 0x0000000087f00000|100%| O|  |TAMS 0x0000000087e00000| PB 0x0000000087e00000| Untracked 
| 127|0x0000000087f00000, 0x0000000088000000, 0x0000000088000000|100%| O|  |TAMS 0x0000000087f00000| PB 0x0000000087f00000| Untracked 
| 128|0x0000000088000000, 0x0000000088000000, 0x0000000088100000|  0%| F|  |TAMS 0x0000000088000000| PB 0x0000000088000000| Untracked 
| 129|0x0000000088100000, 0x0000000088200000, 0x0000000088200000|100%| O|  |TAMS 0x0000000088100000| PB 0x0000000088100000| Untracked 
| 130|0x0000000088200000, 0x0000000088300000, 0x0000000088300000|100%| O|  |TAMS 0x0000000088200000| PB 0x0000000088200000| Untracked 
| 131|0x0000000088300000, 0x0000000088400000, 0x0000000088400000|100%|HS|  |TAMS 0x0000000088300000| PB 0x0000000088300000| Complete 
| 132|0x0000000088400000, 0x0000000088500000, 0x0000000088500000|100%|HC|  |TAMS 0x0000000088400000| PB 0x0000000088400000| Complete 
| 133|0x0000000088500000, 0x0000000088600000, 0x0000000088600000|100%| O|  |TAMS 0x0000000088500000| PB 0x0000000088500000| Untracked 
| 134|0x0000000088600000, 0x0000000088700000, 0x0000000088700000|100%| O|  |TAMS 0x0000000088600000| PB 0x0000000088600000| Untracked 
| 135|0x0000000088700000, 0x0000000088700000, 0x0000000088800000|  0%| F|  |TAMS 0x0000000088700000| PB 0x0000000088700000| Untracked 
| 136|0x0000000088800000, 0x0000000088900000, 0x0000000088900000|100%| O|  |TAMS 0x0000000088800000| PB 0x0000000088800000| Untracked 
| 137|0x0000000088900000, 0x0000000088900000, 0x0000000088a00000|  0%| F|  |TAMS 0x0000000088900000| PB 0x0000000088900000| Untracked 
| 138|0x0000000088a00000, 0x0000000088b00000, 0x0000000088b00000|100%| O|  |TAMS 0x0000000088a00000| PB 0x0000000088a00000| Untracked 
| 139|0x0000000088b00000, 0x0000000088c00000, 0x0000000088c00000|100%| O|  |TAMS 0x0000000088b00000| PB 0x0000000088b00000| Untracked 
| 140|0x0000000088c00000, 0x0000000088d00000, 0x0000000088d00000|100%| O|  |TAMS 0x0000000088c00000| PB 0x0000000088c00000| Untracked 
| 141|0x0000000088d00000, 0x0000000088e00000, 0x0000000088e00000|100%| O|  |TAMS 0x0000000088d00000| PB 0x0000000088d00000| Untracked 
| 142|0x0000000088e00000, 0x0000000088f00000, 0x0000000088f00000|100%| O|  |TAMS 0x0000000088e00000| PB 0x0000000088e00000| Untracked 
| 143|0x0000000088f00000, 0x0000000089000000, 0x0000000089000000|100%| O|  |TAMS 0x0000000088f00000| PB 0x0000000088f00000| Untracked 
| 144|0x0000000089000000, 0x0000000089100000, 0x0000000089100000|100%| O|  |TAMS 0x0000000089000000| PB 0x0000000089000000| Untracked 
| 145|0x0000000089100000, 0x0000000089200000, 0x0000000089200000|100%| O|  |TAMS 0x0000000089100000| PB 0x0000000089100000| Untracked 
| 146|0x0000000089200000, 0x0000000089300000, 0x0000000089300000|100%| O|  |TAMS 0x0000000089200000| PB 0x0000000089200000| Untracked 
| 147|0x0000000089300000, 0x0000000089400000, 0x0000000089400000|100%| O|Cm|TAMS 0x0000000089300000| PB 0x0000000089300000| Complete 
| 148|0x0000000089400000, 0x0000000089500000, 0x0000000089500000|100%| O|  |TAMS 0x0000000089400000| PB 0x0000000089400000| Untracked 
| 149|0x0000000089500000, 0x0000000089600000, 0x0000000089600000|100%| O|  |TAMS 0x0000000089500000| PB 0x0000000089500000| Untracked 
| 150|0x0000000089600000, 0x0000000089700000, 0x0000000089700000|100%| O|  |TAMS 0x0000000089600000| PB 0x0000000089600000| Untracked 
| 151|0x0000000089700000, 0x0000000089800000, 0x0000000089800000|100%| O|  |TAMS 0x0000000089700000| PB 0x0000000089700000| Untracked 
| 152|0x0000000089800000, 0x0000000089900000, 0x0000000089900000|100%| O|  |TAMS 0x0000000089800000| PB 0x0000000089800000| Untracked 
| 153|0x0000000089900000, 0x0000000089a00000, 0x0000000089a00000|100%| O|  |TAMS 0x0000000089900000| PB 0x0000000089900000| Untracked 
| 154|0x0000000089a00000, 0x0000000089b00000, 0x0000000089b00000|100%| O|  |TAMS 0x0000000089a00000| PB 0x0000000089a00000| Untracked 
| 155|0x0000000089b00000, 0x0000000089c00000, 0x0000000089c00000|100%| O|  |TAMS 0x0000000089b00000| PB 0x0000000089b00000| Untracked 
| 156|0x0000000089c00000, 0x0000000089d00000, 0x0000000089d00000|100%| O|  |TAMS 0x0000000089c00000| PB 0x0000000089c00000| Untracked 
| 157|0x0000000089d00000, 0x0000000089e00000, 0x0000000089e00000|100%| O|  |TAMS 0x0000000089d00000| PB 0x0000000089d00000| Untracked 
| 158|0x0000000089e00000, 0x0000000089f00000, 0x0000000089f00000|100%|HS|  |TAMS 0x0000000089e00000| PB 0x0000000089e00000| Complete 
| 159|0x0000000089f00000, 0x000000008a000000, 0x000000008a000000|100%|HC|  |TAMS 0x0000000089f00000| PB 0x0000000089f00000| Complete 
| 160|0x000000008a000000, 0x000000008a000000, 0x000000008a100000|  0%| F|  |TAMS 0x000000008a000000| PB 0x000000008a000000| Untracked 
| 161|0x000000008a100000, 0x000000008a200000, 0x000000008a200000|100%| O|  |TAMS 0x000000008a100000| PB 0x000000008a100000| Untracked 
| 162|0x000000008a200000, 0x000000008a300000, 0x000000008a300000|100%| O|  |TAMS 0x000000008a200000| PB 0x000000008a200000| Untracked 
| 163|0x000000008a300000, 0x000000008a400000, 0x000000008a400000|100%| O|  |TAMS 0x000000008a300000| PB 0x000000008a300000| Untracked 
| 164|0x000000008a400000, 0x000000008a500000, 0x000000008a500000|100%| O|  |TAMS 0x000000008a400000| PB 0x000000008a400000| Untracked 
| 165|0x000000008a500000, 0x000000008a600000, 0x000000008a600000|100%| O|  |TAMS 0x000000008a500000| PB 0x000000008a500000| Untracked 
| 166|0x000000008a600000, 0x000000008a600000, 0x000000008a700000|  0%| F|  |TAMS 0x000000008a600000| PB 0x000000008a600000| Untracked 
| 167|0x000000008a700000, 0x000000008a800000, 0x000000008a800000|100%| O|  |TAMS 0x000000008a700000| PB 0x000000008a700000| Untracked 
| 168|0x000000008a800000, 0x000000008a900000, 0x000000008a900000|100%| O|  |TAMS 0x000000008a800000| PB 0x000000008a800000| Untracked 
| 169|0x000000008a900000, 0x000000008a900000, 0x000000008aa00000|  0%| F|  |TAMS 0x000000008a900000| PB 0x000000008a900000| Untracked 
| 170|0x000000008aa00000, 0x000000008ab00000, 0x000000008ab00000|100%| O|  |TAMS 0x000000008aa00000| PB 0x000000008aa00000| Untracked 
| 171|0x000000008ab00000, 0x000000008ac00000, 0x000000008ac00000|100%| O|  |TAMS 0x000000008ab00000| PB 0x000000008ab00000| Untracked 
| 172|0x000000008ac00000, 0x000000008ad00000, 0x000000008ad00000|100%| O|  |TAMS 0x000000008ac00000| PB 0x000000008ac00000| Untracked 
| 173|0x000000008ad00000, 0x000000008ae00000, 0x000000008ae00000|100%| O|  |TAMS 0x000000008ad00000| PB 0x000000008ad00000| Untracked 
| 174|0x000000008ae00000, 0x000000008af00000, 0x000000008af00000|100%| O|  |TAMS 0x000000008ae00000| PB 0x000000008ae00000| Untracked 
| 175|0x000000008af00000, 0x000000008af00000, 0x000000008b000000|  0%| F|  |TAMS 0x000000008af00000| PB 0x000000008af00000| Untracked 
| 176|0x000000008b000000, 0x000000008b000000, 0x000000008b100000|  0%| F|  |TAMS 0x000000008b000000| PB 0x000000008b000000| Untracked 
| 177|0x000000008b100000, 0x000000008b200000, 0x000000008b200000|100%| O|  |TAMS 0x000000008b100000| PB 0x000000008b100000| Untracked 
| 178|0x000000008b200000, 0x000000008b300000, 0x000000008b300000|100%| O|  |TAMS 0x000000008b200000| PB 0x000000008b200000| Untracked 
| 179|0x000000008b300000, 0x000000008b400000, 0x000000008b400000|100%| O|  |TAMS 0x000000008b300000| PB 0x000000008b300000| Untracked 
| 180|0x000000008b400000, 0x000000008b400000, 0x000000008b500000|  0%| F|  |TAMS 0x000000008b400000| PB 0x000000008b400000| Untracked 
| 181|0x000000008b500000, 0x000000008b500000, 0x000000008b600000|  0%| F|  |TAMS 0x000000008b500000| PB 0x000000008b500000| Untracked 
| 182|0x000000008b600000, 0x000000008b600000, 0x000000008b700000|  0%| F|  |TAMS 0x000000008b600000| PB 0x000000008b600000| Untracked 
| 183|0x000000008b700000, 0x000000008b800000, 0x000000008b800000|100%| O|  |TAMS 0x000000008b700000| PB 0x000000008b700000| Untracked 
| 184|0x000000008b800000, 0x000000008b900000, 0x000000008b900000|100%| O|  |TAMS 0x000000008b800000| PB 0x000000008b800000| Untracked 
| 185|0x000000008b900000, 0x000000008ba00000, 0x000000008ba00000|100%| O|  |TAMS 0x000000008b900000| PB 0x000000008b900000| Untracked 
| 186|0x000000008ba00000, 0x000000008bb00000, 0x000000008bb00000|100%| O|  |TAMS 0x000000008ba00000| PB 0x000000008ba00000| Untracked 
| 187|0x000000008bb00000, 0x000000008bc00000, 0x000000008bc00000|100%| O|  |TAMS 0x000000008bb00000| PB 0x000000008bb00000| Untracked 
| 188|0x000000008bc00000, 0x000000008bd00000, 0x000000008bd00000|100%| O|  |TAMS 0x000000008bc00000| PB 0x000000008bc00000| Untracked 
| 189|0x000000008bd00000, 0x000000008be00000, 0x000000008be00000|100%| O|  |TAMS 0x000000008bd00000| PB 0x000000008bd00000| Untracked 
| 190|0x000000008be00000, 0x000000008bf00000, 0x000000008bf00000|100%| O|Cm|TAMS 0x000000008be00000| PB 0x000000008be00000| Complete 
| 191|0x000000008bf00000, 0x000000008c000000, 0x000000008c000000|100%|HS|  |TAMS 0x000000008bf00000| PB 0x000000008bf00000| Complete 
| 192|0x000000008c000000, 0x000000008c100000, 0x000000008c100000|100%|HC|  |TAMS 0x000000008c000000| PB 0x000000008c000000| Complete 
| 193|0x000000008c100000, 0x000000008c200000, 0x000000008c200000|100%| O|Cm|TAMS 0x000000008c100000| PB 0x000000008c100000| Complete 
| 194|0x000000008c200000, 0x000000008c300000, 0x000000008c300000|100%| O|Cm|TAMS 0x000000008c200000| PB 0x000000008c200000| Complete 
| 195|0x000000008c300000, 0x000000008c400000, 0x000000008c400000|100%| O|  |TAMS 0x000000008c300000| PB 0x000000008c300000| Untracked 
| 196|0x000000008c400000, 0x000000008c500000, 0x000000008c500000|100%| O|  |TAMS 0x000000008c400000| PB 0x000000008c400000| Untracked 
| 197|0x000000008c500000, 0x000000008c600000, 0x000000008c600000|100%| O|  |TAMS 0x000000008c500000| PB 0x000000008c500000| Untracked 
| 198|0x000000008c600000, 0x000000008c700000, 0x000000008c700000|100%| O|  |TAMS 0x000000008c600000| PB 0x000000008c600000| Untracked 
| 199|0x000000008c700000, 0x000000008c800000, 0x000000008c800000|100%| O|  |TAMS 0x000000008c700000| PB 0x000000008c700000| Untracked 
| 200|0x000000008c800000, 0x000000008c900000, 0x000000008c900000|100%| O|  |TAMS 0x000000008c800000| PB 0x000000008c800000| Untracked 
| 201|0x000000008c900000, 0x000000008ca00000, 0x000000008ca00000|100%| O|Cm|TAMS 0x000000008c900000| PB 0x000000008c900000| Complete 
| 202|0x000000008ca00000, 0x000000008cb00000, 0x000000008cb00000|100%| O|Cm|TAMS 0x000000008ca00000| PB 0x000000008ca00000| Complete 
| 203|0x000000008cb00000, 0x000000008cc00000, 0x000000008cc00000|100%| O|  |TAMS 0x000000008cb00000| PB 0x000000008cb00000| Untracked 
| 204|0x000000008cc00000, 0x000000008cd00000, 0x000000008cd00000|100%| O|Cm|TAMS 0x000000008cc00000| PB 0x000000008cc00000| Complete 
| 205|0x000000008cd00000, 0x000000008ce00000, 0x000000008ce00000|100%| O|  |TAMS 0x000000008cd00000| PB 0x000000008cd00000| Untracked 
| 206|0x000000008ce00000, 0x000000008cf00000, 0x000000008cf00000|100%| O|  |TAMS 0x000000008ce00000| PB 0x000000008ce00000| Untracked 
| 207|0x000000008cf00000, 0x000000008d000000, 0x000000008d000000|100%| O|Cm|TAMS 0x000000008cf00000| PB 0x000000008cf00000| Complete 
| 208|0x000000008d000000, 0x000000008d0d0ce0, 0x000000008d100000| 81%| O|  |TAMS 0x000000008d000000| PB 0x000000008d000000| Untracked 
| 209|0x000000008d100000, 0x000000008d100000, 0x000000008d200000|  0%| F|  |TAMS 0x000000008d100000| PB 0x000000008d100000| Untracked 
| 210|0x000000008d200000, 0x000000008d200000, 0x000000008d300000|  0%| F|  |TAMS 0x000000008d200000| PB 0x000000008d200000| Untracked 
| 211|0x000000008d300000, 0x000000008d300000, 0x000000008d400000|  0%| F|  |TAMS 0x000000008d300000| PB 0x000000008d300000| Untracked 
| 212|0x000000008d400000, 0x000000008d400000, 0x000000008d500000|  0%| F|  |TAMS 0x000000008d400000| PB 0x000000008d400000| Untracked 
| 213|0x000000008d500000, 0x000000008d500000, 0x000000008d600000|  0%| F|  |TAMS 0x000000008d500000| PB 0x000000008d500000| Untracked 
| 214|0x000000008d600000, 0x000000008d600000, 0x000000008d700000|  0%| F|  |TAMS 0x000000008d600000| PB 0x000000008d600000| Untracked 
| 215|0x000000008d700000, 0x000000008d700000, 0x000000008d800000|  0%| F|  |TAMS 0x000000008d700000| PB 0x000000008d700000| Untracked 
| 216|0x000000008d800000, 0x000000008d800000, 0x000000008d900000|  0%| F|  |TAMS 0x000000008d800000| PB 0x000000008d800000| Untracked 
| 217|0x000000008d900000, 0x000000008d900000, 0x000000008da00000|  0%| F|  |TAMS 0x000000008d900000| PB 0x000000008d900000| Untracked 
| 218|0x000000008da00000, 0x000000008da00000, 0x000000008db00000|  0%| F|  |TAMS 0x000000008da00000| PB 0x000000008da00000| Untracked 
| 219|0x000000008db00000, 0x000000008db00000, 0x000000008dc00000|  0%| F|  |TAMS 0x000000008db00000| PB 0x000000008db00000| Untracked 
| 220|0x000000008dc00000, 0x000000008dc00000, 0x000000008dd00000|  0%| F|  |TAMS 0x000000008dc00000| PB 0x000000008dc00000| Untracked 
| 221|0x000000008dd00000, 0x000000008dd00000, 0x000000008de00000|  0%| F|  |TAMS 0x000000008dd00000| PB 0x000000008dd00000| Untracked 
| 222|0x000000008de00000, 0x000000008de00000, 0x000000008df00000|  0%| F|  |TAMS 0x000000008de00000| PB 0x000000008de00000| Untracked 
| 223|0x000000008df00000, 0x000000008df00000, 0x000000008e000000|  0%| F|  |TAMS 0x000000008df00000| PB 0x000000008df00000| Untracked 
| 224|0x000000008e000000, 0x000000008e000000, 0x000000008e100000|  0%| F|  |TAMS 0x000000008e000000| PB 0x000000008e000000| Untracked 
| 225|0x000000008e100000, 0x000000008e100000, 0x000000008e200000|  0%| F|  |TAMS 0x000000008e100000| PB 0x000000008e100000| Untracked 
| 226|0x000000008e200000, 0x000000008e200000, 0x000000008e300000|  0%| F|  |TAMS 0x000000008e200000| PB 0x000000008e200000| Untracked 
| 227|0x000000008e300000, 0x000000008e300000, 0x000000008e400000|  0%| F|  |TAMS 0x000000008e300000| PB 0x000000008e300000| Untracked 
| 228|0x000000008e400000, 0x000000008e400000, 0x000000008e500000|  0%| F|  |TAMS 0x000000008e400000| PB 0x000000008e400000| Untracked 
| 229|0x000000008e500000, 0x000000008e500000, 0x000000008e600000|  0%| F|  |TAMS 0x000000008e500000| PB 0x000000008e500000| Untracked 
| 230|0x000000008e600000, 0x000000008e600000, 0x000000008e700000|  0%| F|  |TAMS 0x000000008e600000| PB 0x000000008e600000| Untracked 
| 231|0x000000008e700000, 0x000000008e700000, 0x000000008e800000|  0%| F|  |TAMS 0x000000008e700000| PB 0x000000008e700000| Untracked 
| 232|0x000000008e800000, 0x000000008e800000, 0x000000008e900000|  0%| F|  |TAMS 0x000000008e800000| PB 0x000000008e800000| Untracked 
| 233|0x000000008e900000, 0x000000008e900000, 0x000000008ea00000|  0%| F|  |TAMS 0x000000008e900000| PB 0x000000008e900000| Untracked 
| 234|0x000000008ea00000, 0x000000008ea00000, 0x000000008eb00000|  0%| F|  |TAMS 0x000000008ea00000| PB 0x000000008ea00000| Untracked 
| 235|0x000000008eb00000, 0x000000008eb00000, 0x000000008ec00000|  0%| F|  |TAMS 0x000000008eb00000| PB 0x000000008eb00000| Untracked 
| 236|0x000000008ec00000, 0x000000008ec00000, 0x000000008ed00000|  0%| F|  |TAMS 0x000000008ec00000| PB 0x000000008ec00000| Untracked 
| 237|0x000000008ed00000, 0x000000008ed00000, 0x000000008ee00000|  0%| F|  |TAMS 0x000000008ed00000| PB 0x000000008ed00000| Untracked 
| 238|0x000000008ee00000, 0x000000008ee00000, 0x000000008ef00000|  0%| F|  |TAMS 0x000000008ee00000| PB 0x000000008ee00000| Untracked 
| 239|0x000000008ef00000, 0x000000008ef00000, 0x000000008f000000|  0%| F|  |TAMS 0x000000008ef00000| PB 0x000000008ef00000| Untracked 
| 240|0x000000008f000000, 0x000000008f000000, 0x000000008f100000|  0%| F|  |TAMS 0x000000008f000000| PB 0x000000008f000000| Untracked 
| 241|0x000000008f100000, 0x000000008f100000, 0x000000008f200000|  0%| F|  |TAMS 0x000000008f100000| PB 0x000000008f100000| Untracked 
| 242|0x000000008f200000, 0x000000008f200000, 0x000000008f300000|  0%| F|  |TAMS 0x000000008f200000| PB 0x000000008f200000| Untracked 
| 243|0x000000008f300000, 0x000000008f300000, 0x000000008f400000|  0%| F|  |TAMS 0x000000008f300000| PB 0x000000008f300000| Untracked 
| 244|0x000000008f400000, 0x000000008f400000, 0x000000008f500000|  0%| F|  |TAMS 0x000000008f400000| PB 0x000000008f400000| Untracked 
| 245|0x000000008f500000, 0x000000008f500000, 0x000000008f600000|  0%| F|  |TAMS 0x000000008f500000| PB 0x000000008f500000| Untracked 
| 246|0x000000008f600000, 0x000000008f600000, 0x000000008f700000|  0%| F|  |TAMS 0x000000008f600000| PB 0x000000008f600000| Untracked 
| 247|0x000000008f700000, 0x000000008f700000, 0x000000008f800000|  0%| F|  |TAMS 0x000000008f700000| PB 0x000000008f700000| Untracked 
| 248|0x000000008f800000, 0x000000008f800000, 0x000000008f900000|  0%| F|  |TAMS 0x000000008f800000| PB 0x000000008f800000| Untracked 
| 249|0x000000008f900000, 0x000000008f900000, 0x000000008fa00000|  0%| F|  |TAMS 0x000000008f900000| PB 0x000000008f900000| Untracked 
| 250|0x000000008fa00000, 0x000000008fa00000, 0x000000008fb00000|  0%| F|  |TAMS 0x000000008fa00000| PB 0x000000008fa00000| Untracked 
| 251|0x000000008fb00000, 0x000000008fb00000, 0x000000008fc00000|  0%| F|  |TAMS 0x000000008fb00000| PB 0x000000008fb00000| Untracked 
| 252|0x000000008fc00000, 0x000000008fc00000, 0x000000008fd00000|  0%| F|  |TAMS 0x000000008fc00000| PB 0x000000008fc00000| Untracked 
| 253|0x000000008fd00000, 0x000000008fd00000, 0x000000008fe00000|  0%| F|  |TAMS 0x000000008fd00000| PB 0x000000008fd00000| Untracked 
| 254|0x000000008fe00000, 0x000000008fe00000, 0x000000008ff00000|  0%| F|  |TAMS 0x000000008fe00000| PB 0x000000008fe00000| Untracked 
| 255|0x000000008ff00000, 0x000000008ff00000, 0x0000000090000000|  0%| F|  |TAMS 0x000000008ff00000| PB 0x000000008ff00000| Untracked 
| 256|0x0000000090000000, 0x00000000900cab58, 0x0000000090100000| 79%| E|  |TAMS 0x0000000090000000| PB 0x0000000090000000| Complete 
| 257|0x0000000090100000, 0x0000000090200000, 0x0000000090200000|100%| E|CS|TAMS 0x0000000090100000| PB 0x0000000090100000| Complete 
| 258|0x0000000090200000, 0x0000000090300000, 0x0000000090300000|100%| E|CS|TAMS 0x0000000090200000| PB 0x0000000090200000| Complete 
| 259|0x0000000090300000, 0x0000000090400000, 0x0000000090400000|100%| E|CS|TAMS 0x0000000090300000| PB 0x0000000090300000| Complete 
| 260|0x0000000090400000, 0x0000000090500000, 0x0000000090500000|100%| E|CS|TAMS 0x0000000090400000| PB 0x0000000090400000| Complete 
| 261|0x0000000090500000, 0x0000000090600000, 0x0000000090600000|100%| E|CS|TAMS 0x0000000090500000| PB 0x0000000090500000| Complete 
| 262|0x0000000090600000, 0x0000000090700000, 0x0000000090700000|100%| E|  |TAMS 0x0000000090600000| PB 0x0000000090600000| Complete 
| 263|0x0000000090700000, 0x0000000090800000, 0x0000000090800000|100%| E|CS|TAMS 0x0000000090700000| PB 0x0000000090700000| Complete 
| 264|0x0000000090800000, 0x0000000090900000, 0x0000000090900000|100%| E|CS|TAMS 0x0000000090800000| PB 0x0000000090800000| Complete 
| 265|0x0000000090900000, 0x0000000090a00000, 0x0000000090a00000|100%| E|CS|TAMS 0x0000000090900000| PB 0x0000000090900000| Complete 
| 266|0x0000000090a00000, 0x0000000090b00000, 0x0000000090b00000|100%| E|CS|TAMS 0x0000000090a00000| PB 0x0000000090a00000| Complete 
| 267|0x0000000090b00000, 0x0000000090c00000, 0x0000000090c00000|100%| E|CS|TAMS 0x0000000090b00000| PB 0x0000000090b00000| Complete 
| 268|0x0000000090c00000, 0x0000000090d00000, 0x0000000090d00000|100%| E|CS|TAMS 0x0000000090c00000| PB 0x0000000090c00000| Complete 
| 269|0x0000000090d00000, 0x0000000090e00000, 0x0000000090e00000|100%| E|CS|TAMS 0x0000000090d00000| PB 0x0000000090d00000| Complete 
| 270|0x0000000090e00000, 0x0000000090f00000, 0x0000000090f00000|100%| E|CS|TAMS 0x0000000090e00000| PB 0x0000000090e00000| Complete 
| 271|0x0000000090f00000, 0x0000000091000000, 0x0000000091000000|100%| E|CS|TAMS 0x0000000090f00000| PB 0x0000000090f00000| Complete 
| 272|0x0000000091000000, 0x0000000091100000, 0x0000000091100000|100%| E|CS|TAMS 0x0000000091000000| PB 0x0000000091000000| Complete 
| 273|0x0000000091100000, 0x0000000091200000, 0x0000000091200000|100%| E|CS|TAMS 0x0000000091100000| PB 0x0000000091100000| Complete 
| 274|0x0000000091200000, 0x0000000091300000, 0x0000000091300000|100%| E|CS|TAMS 0x0000000091200000| PB 0x0000000091200000| Complete 
| 275|0x0000000091300000, 0x0000000091400000, 0x0000000091400000|100%| E|CS|TAMS 0x0000000091300000| PB 0x0000000091300000| Complete 
| 276|0x0000000091400000, 0x0000000091500000, 0x0000000091500000|100%| E|CS|TAMS 0x0000000091400000| PB 0x0000000091400000| Complete 
| 277|0x0000000091500000, 0x0000000091600000, 0x0000000091600000|100%| E|CS|TAMS 0x0000000091500000| PB 0x0000000091500000| Complete 
| 278|0x0000000091600000, 0x0000000091700000, 0x0000000091700000|100%| E|CS|TAMS 0x0000000091600000| PB 0x0000000091600000| Complete 
| 279|0x0000000091700000, 0x0000000091800000, 0x0000000091800000|100%| E|CS|TAMS 0x0000000091700000| PB 0x0000000091700000| Complete 
| 280|0x0000000091800000, 0x0000000091900000, 0x0000000091900000|100%| E|CS|TAMS 0x0000000091800000| PB 0x0000000091800000| Complete 
| 281|0x0000000091900000, 0x0000000091a00000, 0x0000000091a00000|100%| E|CS|TAMS 0x0000000091900000| PB 0x0000000091900000| Complete 
| 282|0x0000000091a00000, 0x0000000091b00000, 0x0000000091b00000|100%| E|CS|TAMS 0x0000000091a00000| PB 0x0000000091a00000| Complete 
| 283|0x0000000091b00000, 0x0000000091c00000, 0x0000000091c00000|100%| E|CS|TAMS 0x0000000091b00000| PB 0x0000000091b00000| Complete 
| 284|0x0000000091c00000, 0x0000000091ce7fb8, 0x0000000091d00000| 90%| S|CS|TAMS 0x0000000091c00000| PB 0x0000000091c00000| Complete 
| 285|0x0000000091d00000, 0x0000000091e00000, 0x0000000091e00000|100%| S|CS|TAMS 0x0000000091d00000| PB 0x0000000091d00000| Complete 
| 286|0x0000000091e00000, 0x0000000091f00000, 0x0000000091f00000|100%| S|CS|TAMS 0x0000000091e00000| PB 0x0000000091e00000| Complete 
| 287|0x0000000091f00000, 0x0000000092000000, 0x0000000092000000|100%| S|CS|TAMS 0x0000000091f00000| PB 0x0000000091f00000| Complete 
| 288|0x0000000092000000, 0x0000000092100000, 0x0000000092100000|100%| S|CS|TAMS 0x0000000092000000| PB 0x0000000092000000| Complete 
| 289|0x0000000092100000, 0x0000000092200000, 0x0000000092200000|100%| S|CS|TAMS 0x0000000092100000| PB 0x0000000092100000| Complete 
| 290|0x0000000092200000, 0x0000000092300000, 0x0000000092300000|100%| S|CS|TAMS 0x0000000092200000| PB 0x0000000092200000| Complete 
| 291|0x0000000092300000, 0x0000000092400000, 0x0000000092400000|100%| S|CS|TAMS 0x0000000092300000| PB 0x0000000092300000| Complete 
| 292|0x0000000092400000, 0x0000000092500000, 0x0000000092500000|100%| S|CS|TAMS 0x0000000092400000| PB 0x0000000092400000| Complete 
| 293|0x0000000092500000, 0x0000000092600000, 0x0000000092600000|100%| S|CS|TAMS 0x0000000092500000| PB 0x0000000092500000| Complete 
| 294|0x0000000092600000, 0x0000000092700000, 0x0000000092700000|100%| E|CS|TAMS 0x0000000092600000| PB 0x0000000092600000| Complete 
| 295|0x0000000092700000, 0x0000000092800000, 0x0000000092800000|100%| E|CS|TAMS 0x0000000092700000| PB 0x0000000092700000| Complete 
| 296|0x0000000092800000, 0x0000000092900000, 0x0000000092900000|100%| E|CS|TAMS 0x0000000092800000| PB 0x0000000092800000| Complete 
| 297|0x0000000092900000, 0x0000000092a00000, 0x0000000092a00000|100%| E|CS|TAMS 0x0000000092900000| PB 0x0000000092900000| Complete 
| 298|0x0000000092a00000, 0x0000000092b00000, 0x0000000092b00000|100%| E|CS|TAMS 0x0000000092a00000| PB 0x0000000092a00000| Complete 
| 299|0x0000000092b00000, 0x0000000092c00000, 0x0000000092c00000|100%| E|CS|TAMS 0x0000000092b00000| PB 0x0000000092b00000| Complete 
| 300|0x0000000092c00000, 0x0000000092d00000, 0x0000000092d00000|100%| E|CS|TAMS 0x0000000092c00000| PB 0x0000000092c00000| Complete 
| 301|0x0000000092d00000, 0x0000000092e00000, 0x0000000092e00000|100%| E|CS|TAMS 0x0000000092d00000| PB 0x0000000092d00000| Complete 
| 302|0x0000000092e00000, 0x0000000092f00000, 0x0000000092f00000|100%| E|CS|TAMS 0x0000000092e00000| PB 0x0000000092e00000| Complete 
| 303|0x0000000092f00000, 0x0000000093000000, 0x0000000093000000|100%| E|CS|TAMS 0x0000000092f00000| PB 0x0000000092f00000| Complete 
| 304|0x0000000093000000, 0x0000000093100000, 0x0000000093100000|100%| E|CS|TAMS 0x0000000093000000| PB 0x0000000093000000| Complete 
| 305|0x0000000093100000, 0x0000000093200000, 0x0000000093200000|100%| E|CS|TAMS 0x0000000093100000| PB 0x0000000093100000| Complete 
| 306|0x0000000093200000, 0x0000000093300000, 0x0000000093300000|100%| E|CS|TAMS 0x0000000093200000| PB 0x0000000093200000| Complete 
| 307|0x0000000093300000, 0x0000000093400000, 0x0000000093400000|100%| E|CS|TAMS 0x0000000093300000| PB 0x0000000093300000| Complete 
| 308|0x0000000093400000, 0x0000000093500000, 0x0000000093500000|100%| E|CS|TAMS 0x0000000093400000| PB 0x0000000093400000| Complete 
| 309|0x0000000093500000, 0x0000000093600000, 0x0000000093600000|100%| E|CS|TAMS 0x0000000093500000| PB 0x0000000093500000| Complete 
| 310|0x0000000093600000, 0x0000000093700000, 0x0000000093700000|100%| E|CS|TAMS 0x0000000093600000| PB 0x0000000093600000| Complete 
| 311|0x0000000093700000, 0x0000000093800000, 0x0000000093800000|100%| E|CS|TAMS 0x0000000093700000| PB 0x0000000093700000| Complete 
| 312|0x0000000093800000, 0x0000000093900000, 0x0000000093900000|100%| E|CS|TAMS 0x0000000093800000| PB 0x0000000093800000| Complete 
| 313|0x0000000093900000, 0x0000000093a00000, 0x0000000093a00000|100%| E|CS|TAMS 0x0000000093900000| PB 0x0000000093900000| Complete 
| 314|0x0000000093a00000, 0x0000000093b00000, 0x0000000093b00000|100%| E|CS|TAMS 0x0000000093a00000| PB 0x0000000093a00000| Complete 
| 315|0x0000000093b00000, 0x0000000093c00000, 0x0000000093c00000|100%| E|CS|TAMS 0x0000000093b00000| PB 0x0000000093b00000| Complete 
| 316|0x0000000093c00000, 0x0000000093d00000, 0x0000000093d00000|100%| E|CS|TAMS 0x0000000093c00000| PB 0x0000000093c00000| Complete 
| 317|0x0000000093d00000, 0x0000000093e00000, 0x0000000093e00000|100%| E|CS|TAMS 0x0000000093d00000| PB 0x0000000093d00000| Complete 
| 318|0x0000000093e00000, 0x0000000093f00000, 0x0000000093f00000|100%| E|CS|TAMS 0x0000000093e00000| PB 0x0000000093e00000| Complete 
| 319|0x0000000093f00000, 0x0000000094000000, 0x0000000094000000|100%| E|CS|TAMS 0x0000000093f00000| PB 0x0000000093f00000| Complete 
| 320|0x0000000094000000, 0x0000000094100000, 0x0000000094100000|100%| E|CS|TAMS 0x0000000094000000| PB 0x0000000094000000| Complete 
| 321|0x0000000094100000, 0x0000000094200000, 0x0000000094200000|100%| E|CS|TAMS 0x0000000094100000| PB 0x0000000094100000| Complete 
| 322|0x0000000094200000, 0x0000000094300000, 0x0000000094300000|100%| E|CS|TAMS 0x0000000094200000| PB 0x0000000094200000| Complete 
| 323|0x0000000094300000, 0x0000000094400000, 0x0000000094400000|100%| E|CS|TAMS 0x0000000094300000| PB 0x0000000094300000| Complete 
| 324|0x0000000094400000, 0x0000000094500000, 0x0000000094500000|100%| E|CS|TAMS 0x0000000094400000| PB 0x0000000094400000| Complete 
| 325|0x0000000094500000, 0x0000000094600000, 0x0000000094600000|100%| E|CS|TAMS 0x0000000094500000| PB 0x0000000094500000| Complete 
| 326|0x0000000094600000, 0x0000000094700000, 0x0000000094700000|100%| E|CS|TAMS 0x0000000094600000| PB 0x0000000094600000| Complete 
| 327|0x0000000094700000, 0x0000000094800000, 0x0000000094800000|100%| E|CS|TAMS 0x0000000094700000| PB 0x0000000094700000| Complete 
| 328|0x0000000094800000, 0x0000000094900000, 0x0000000094900000|100%| E|CS|TAMS 0x0000000094800000| PB 0x0000000094800000| Complete 
| 329|0x0000000094900000, 0x0000000094a00000, 0x0000000094a00000|100%| E|CS|TAMS 0x0000000094900000| PB 0x0000000094900000| Complete 
| 330|0x0000000094a00000, 0x0000000094b00000, 0x0000000094b00000|100%| E|CS|TAMS 0x0000000094a00000| PB 0x0000000094a00000| Complete 
| 331|0x0000000094b00000, 0x0000000094c00000, 0x0000000094c00000|100%| E|CS|TAMS 0x0000000094b00000| PB 0x0000000094b00000| Complete 
| 332|0x0000000094c00000, 0x0000000094d00000, 0x0000000094d00000|100%| E|CS|TAMS 0x0000000094c00000| PB 0x0000000094c00000| Complete 
| 333|0x0000000094d00000, 0x0000000094e00000, 0x0000000094e00000|100%| E|CS|TAMS 0x0000000094d00000| PB 0x0000000094d00000| Complete 
| 334|0x0000000094e00000, 0x0000000094f00000, 0x0000000094f00000|100%| E|CS|TAMS 0x0000000094e00000| PB 0x0000000094e00000| Complete 
| 335|0x0000000094f00000, 0x0000000095000000, 0x0000000095000000|100%| E|CS|TAMS 0x0000000094f00000| PB 0x0000000094f00000| Complete 
| 336|0x0000000095000000, 0x0000000095100000, 0x0000000095100000|100%| E|CS|TAMS 0x0000000095000000| PB 0x0000000095000000| Complete 
| 337|0x0000000095100000, 0x0000000095200000, 0x0000000095200000|100%| E|CS|TAMS 0x0000000095100000| PB 0x0000000095100000| Complete 
| 338|0x0000000095200000, 0x0000000095300000, 0x0000000095300000|100%| E|CS|TAMS 0x0000000095200000| PB 0x0000000095200000| Complete 
| 339|0x0000000095300000, 0x0000000095400000, 0x0000000095400000|100%| E|CS|TAMS 0x0000000095300000| PB 0x0000000095300000| Complete 
| 340|0x0000000095400000, 0x0000000095500000, 0x0000000095500000|100%| E|CS|TAMS 0x0000000095400000| PB 0x0000000095400000| Complete 
| 341|0x0000000095500000, 0x0000000095600000, 0x0000000095600000|100%| E|CS|TAMS 0x0000000095500000| PB 0x0000000095500000| Complete 
| 342|0x0000000095600000, 0x0000000095700000, 0x0000000095700000|100%| E|CS|TAMS 0x0000000095600000| PB 0x0000000095600000| Complete 
| 343|0x0000000095700000, 0x0000000095800000, 0x0000000095800000|100%| E|CS|TAMS 0x0000000095700000| PB 0x0000000095700000| Complete 
| 344|0x0000000095800000, 0x0000000095900000, 0x0000000095900000|100%| E|CS|TAMS 0x0000000095800000| PB 0x0000000095800000| Complete 
| 345|0x0000000095900000, 0x0000000095a00000, 0x0000000095a00000|100%| E|CS|TAMS 0x0000000095900000| PB 0x0000000095900000| Complete 
| 346|0x0000000095a00000, 0x0000000095b00000, 0x0000000095b00000|100%| E|CS|TAMS 0x0000000095a00000| PB 0x0000000095a00000| Complete 
|2033|0x00000000ff100000, 0x00000000ff200000, 0x00000000ff200000|100%| O|Cm|TAMS 0x00000000ff100000| PB 0x00000000ff100000| Complete 
|2034|0x00000000ff200000, 0x00000000ff300000, 0x00000000ff300000|100%| O|  |TAMS 0x00000000ff200000| PB 0x00000000ff200000| Untracked 
|2035|0x00000000ff300000, 0x00000000ff400000, 0x00000000ff400000|100%| O|  |TAMS 0x00000000ff300000| PB 0x00000000ff300000| Untracked 
|2036|0x00000000ff400000, 0x00000000ff500000, 0x00000000ff500000|100%| O|  |TAMS 0x00000000ff400000| PB 0x00000000ff400000| Untracked 
|2037|0x00000000ff500000, 0x00000000ff600000, 0x00000000ff600000|100%| O|  |TAMS 0x00000000ff500000| PB 0x00000000ff500000| Untracked 
|2038|0x00000000ff600000, 0x00000000ff700000, 0x00000000ff700000|100%| O|  |TAMS 0x00000000ff600000| PB 0x00000000ff600000| Untracked 
|2039|0x00000000ff700000, 0x00000000ff800000, 0x00000000ff800000|100%| O|  |TAMS 0x00000000ff700000| PB 0x00000000ff700000| Untracked 
|2040|0x00000000ff800000, 0x00000000ff900000, 0x00000000ff900000|100%| E|CS|TAMS 0x00000000ff800000| PB 0x00000000ff800000| Complete 
|2041|0x00000000ff900000, 0x00000000ffa00000, 0x00000000ffa00000|100%| E|CS|TAMS 0x00000000ff900000| PB 0x00000000ff900000| Complete 
|2042|0x00000000ffa00000, 0x00000000ffb00000, 0x00000000ffb00000|100%| E|CS|TAMS 0x00000000ffa00000| PB 0x00000000ffa00000| Complete 
|2043|0x00000000ffb00000, 0x00000000ffc00000, 0x00000000ffc00000|100%| O|  |TAMS 0x00000000ffb00000| PB 0x00000000ffb00000| Untracked 
|2044|0x00000000ffc00000, 0x00000000ffd00000, 0x00000000ffd00000|100%| O|  |TAMS 0x00000000ffc00000| PB 0x00000000ffc00000| Untracked 
|2045|0x00000000ffd00000, 0x00000000ffe00000, 0x00000000ffe00000|100%| E|CS|TAMS 0x00000000ffd00000| PB 0x00000000ffd00000| Complete 
|2046|0x00000000ffe00000, 0x00000000fff00000, 0x00000000fff00000|100%| O|  |TAMS 0x00000000ffe00000| PB 0x00000000ffe00000| Untracked 
|2047|0x00000000fff00000, 0x0000000100000000, 0x0000000100000000|100%| O|  |TAMS 0x00000000fff00000| PB 0x00000000fff00000| Untracked 

Card table byte_map: [0x000001e7e5410000,0x000001e7e5810000] _byte_map_base: 0x000001e7e5010000

Marking Bits: (CMBitMap*) 0x000001e7d2bd4910
 Bits: [0x000001e7e5810000, 0x000001e7e7810000)

Polling page: 0x000001e7d0a20000

Metaspace:

Usage:
  Non-class:    138.25 MB used.
      Class:     22.41 MB used.
       Both:    160.66 MB used.

Virtual space:
  Non-class space:      192.00 MB reserved,     139.62 MB ( 73%) committed,  3 nodes.
      Class space:        1.00 GB reserved,      23.81 MB (  2%) committed,  1 nodes.
             Both:        1.19 GB reserved,     163.44 MB ( 13%) committed. 

Chunk freelists:
   Non-Class:  4.38 MB
       Class:  8.05 MB
        Both:  12.42 MB

MaxMetaspaceSize: unlimited
CompressedClassSpaceSize: 1.00 GB
Initial GC threshold: 21.00 MB
Current GC threshold: 262.12 MB
CDS: off
 - commit_granule_bytes: 65536.
 - commit_granule_words: 8192.
 - virtual_space_node_default_size: 8388608.
 - enlarge_chunks_in_place: 1.
 - use_allocation_guard: 0.


Internal statistics:

num_allocs_failed_limit: 6.
num_arena_births: 5890.
num_arena_deaths: 4.
num_vsnodes_births: 4.
num_vsnodes_deaths: 0.
num_space_committed: 2614.
num_space_uncommitted: 0.
num_chunks_returned_to_freelist: 12.
num_chunks_taken_from_freelist: 13460.
num_chunk_merges: 6.
num_chunk_splits: 8588.
num_chunks_enlarged: 5133.
num_inconsistent_stats: 0.

CodeHeap 'non-profiled nmethods': size=120000Kb used=8817Kb max_used=9542Kb free=111183Kb
 bounds [0x000001e7dd7b0000, 0x000001e7de110000, 0x000001e7e4ce0000]
CodeHeap 'profiled nmethods': size=120000Kb used=28413Kb max_used=29876Kb free=91586Kb
 bounds [0x000001e7d5ce0000, 0x000001e7d7a40000, 0x000001e7dd210000]
CodeHeap 'non-nmethods': size=5760Kb used=2907Kb max_used=2973Kb free=2852Kb
 bounds [0x000001e7dd210000, 0x000001e7dd510000, 0x000001e7dd7b0000]
CodeCache: size=245760Kb, used=40137Kb, max_used=42391Kb, free=205621Kb
 total_blobs=15906, nmethods=14755, adapters=1055, full_count=0
Compilation: enabled, stopped_count=0, restarted_count=0

Compilation events (20 events):
Event: 96.777 Thread 0x000001e7ea464ce0 nmethod 20563 0x000001e7d64fb610 code [0x000001e7d64fb7c0, 0x000001e7d64fb970]
Event: 96.785 Thread 0x000001e7ea464ce0 20564       2       com.android.tools.r8.graph.j6::a (9 bytes)
Event: 96.786 Thread 0x000001e7ea464ce0 nmethod 20564 0x000001e7d662ce90 code [0x000001e7d662d040, 0x000001e7d662d180]
Event: 96.786 Thread 0x000001e7ea464ce0 20565   !   2       com.android.tools.r8.graph.h9::a (881 bytes)
Event: 96.792 Thread 0x000001e7ea464ce0 nmethod 20565 0x000001e7d780c910 code [0x000001e7d780cd80, 0x000001e7d780e848]
Event: 96.792 Thread 0x000001e7ea464ce0 20569       3       com.android.tools.r8.internal.a74::b (83 bytes)
Event: 96.793 Thread 0x000001e7ea464ce0 nmethod 20569 0x000001e7d5eccc10 code [0x000001e7d5ecce60, 0x000001e7d5ecd530]
Event: 96.793 Thread 0x000001e7ea464ce0 20568       3       com.android.tools.r8.graph.f9::f (61 bytes)
Event: 96.794 Thread 0x000001e7ea464ce0 nmethod 20568 0x000001e7d61dd590 code [0x000001e7d61dd780, 0x000001e7d61ddbf8]
Event: 96.794 Thread 0x000001e7ea464ce0 20566       2       com.android.tools.r8.graph.h9::a (444 bytes)
Event: 96.798 Thread 0x000001e7ea464ce0 nmethod 20566 0x000001e7d6660d90 code [0x000001e7d6661180, 0x000001e7d6662528]
Event: 96.798 Thread 0x000001e7ea464ce0 20571       2       com.google.common.util.concurrent.FluentFuture$TrustedFuture::get (5 bytes)
Event: 96.798 Thread 0x000001e7ea464ce0 nmethod 20571 0x000001e7d6634a10 code [0x000001e7d6634bc0, 0x000001e7d6634ce8]
Event: 96.798 Thread 0x000001e7ea464ce0 20567       2       java.lang.invoke.DirectMethodHandle$Holder::newInvokeSpecial (23 bytes)
Event: 96.798 Thread 0x000001e7ea464ce0 nmethod 20567 0x000001e7d6627590 code [0x000001e7d6627760, 0x000001e7d6627938]
Event: 96.798 Thread 0x000001e7ea464ce0 20570       2       java.lang.invoke.Invokers$Holder::linkToTargetMethod (9 bytes)
Event: 96.799 Thread 0x000001e7ea464ce0 nmethod 20570 0x000001e7d6501290 code [0x000001e7d6501440, 0x000001e7d6501598]
Event: 97.417 Thread 0x000001e7ea464ce0 20572       2       java.util.concurrent.ScheduledThreadPoolExecutor$DelayedWorkQueue::setIndex (16 bytes)
Event: 97.417 Thread 0x000001e7ea464ce0 nmethod 20572 0x000001e7d6555a10 code [0x000001e7d6555ba0, 0x000001e7d6555d00]
Event: 97.779 Thread 0x000001e7f1e325b0 20419       4       com.android.tools.r8.graph.i6::a (113 bytes)

GC Heap History (20 events):
Event: 59.958 GC heap before
{Heap before GC invocations=56 (full 0):
 garbage-first heap   total 288768K, used 249856K [0x0000000080000000, 0x0000000100000000)
  region size 1024K, 82 young (83968K), 7 survivors (7168K)
 Metaspace       used 139558K, committed 142208K, reserved 1179648K
  class space    used 19225K, committed 20544K, reserved 1048576K
}
Event: 59.972 GC heap after
{Heap after GC invocations=57 (full 0):
 garbage-first heap   total 288768K, used 176020K [0x0000000080000000, 0x0000000100000000)
  region size 1024K, 5 young (5120K), 5 survivors (5120K)
 Metaspace       used 139558K, committed 142208K, reserved 1179648K
  class space    used 19225K, committed 20544K, reserved 1048576K
}
Event: 61.607 GC heap before
{Heap before GC invocations=57 (full 0):
 garbage-first heap   total 288768K, used 265108K [0x0000000080000000, 0x0000000100000000)
  region size 1024K, 92 young (94208K), 5 survivors (5120K)
 Metaspace       used 142505K, committed 145280K, reserved 1179648K
  class space    used 19727K, committed 21120K, reserved 1048576K
}
Event: 61.635 GC heap after
{Heap after GC invocations=58 (full 0):
 garbage-first heap   total 288768K, used 182037K [0x0000000080000000, 0x0000000100000000)
  region size 1024K, 12 young (12288K), 12 survivors (12288K)
 Metaspace       used 142505K, committed 145280K, reserved 1179648K
  class space    used 19727K, committed 21120K, reserved 1048576K
}
Event: 62.362 GC heap before
{Heap before GC invocations=58 (full 0):
 garbage-first heap   total 288768K, used 264981K [0x0000000080000000, 0x0000000100000000)
  region size 1024K, 94 young (96256K), 12 survivors (12288K)
 Metaspace       used 142520K, committed 145280K, reserved 1179648K
  class space    used 19727K, committed 21120K, reserved 1048576K
}
Event: 62.387 GC heap after
{Heap after GC invocations=59 (full 0):
 garbage-first heap   total 288768K, used 187125K [0x0000000080000000, 0x0000000100000000)
  region size 1024K, 6 young (6144K), 6 survivors (6144K)
 Metaspace       used 142520K, committed 145280K, reserved 1179648K
  class space    used 19727K, committed 21120K, reserved 1048576K
}
Event: 63.508 GC heap before
{Heap before GC invocations=60 (full 0):
 garbage-first heap   total 312320K, used 268021K [0x0000000080000000, 0x0000000100000000)
  region size 1024K, 86 young (88064K), 6 survivors (6144K)
 Metaspace       used 142587K, committed 145344K, reserved 1179648K
  class space    used 19731K, committed 21120K, reserved 1048576K
}
Event: 63.523 GC heap after
{Heap after GC invocations=61 (full 0):
 garbage-first heap   total 312320K, used 191478K [0x0000000080000000, 0x0000000100000000)
  region size 1024K, 10 young (10240K), 10 survivors (10240K)
 Metaspace       used 142587K, committed 145344K, reserved 1179648K
  class space    used 19731K, committed 21120K, reserved 1048576K
}
Event: 64.464 GC heap before
{Heap before GC invocations=61 (full 0):
 garbage-first heap   total 312320K, used 286710K [0x0000000080000000, 0x0000000100000000)
  region size 1024K, 104 young (106496K), 10 survivors (10240K)
 Metaspace       used 142806K, committed 145536K, reserved 1179648K
  class space    used 19754K, committed 21120K, reserved 1048576K
}
Event: 64.481 GC heap after
{Heap after GC invocations=62 (full 0):
 garbage-first heap   total 312320K, used 194560K [0x0000000080000000, 0x0000000100000000)
  region size 1024K, 11 young (11264K), 11 survivors (11264K)
 Metaspace       used 142806K, committed 145536K, reserved 1179648K
  class space    used 19754K, committed 21120K, reserved 1048576K
}
Event: 91.435 GC heap before
{Heap before GC invocations=62 (full 0):
 garbage-first heap   total 312320K, used 289792K [0x0000000080000000, 0x0000000100000000)
  region size 1024K, 105 young (107520K), 11 survivors (11264K)
 Metaspace       used 147841K, committed 150720K, reserved 1179648K
  class space    used 20588K, committed 22016K, reserved 1048576K
}
Event: 91.464 GC heap after
{Heap after GC invocations=63 (full 0):
 garbage-first heap   total 312320K, used 196136K [0x0000000080000000, 0x0000000100000000)
  region size 1024K, 11 young (11264K), 11 survivors (11264K)
 Metaspace       used 147841K, committed 150720K, reserved 1179648K
  class space    used 20588K, committed 22016K, reserved 1048576K
}
Event: 92.463 GC heap before
{Heap before GC invocations=63 (full 0):
 garbage-first heap   total 312320K, used 289320K [0x0000000080000000, 0x0000000100000000)
  region size 1024K, 103 young (105472K), 11 survivors (11264K)
 Metaspace       used 153598K, committed 156480K, reserved 1245184K
  class space    used 21348K, committed 22784K, reserved 1048576K
}
Event: 92.487 GC heap after
{Heap after GC invocations=64 (full 0):
 garbage-first heap   total 313344K, used 207871K [0x0000000080000000, 0x0000000100000000)
  region size 1024K, 13 young (13312K), 13 survivors (13312K)
 Metaspace       used 153598K, committed 156480K, reserved 1245184K
  class space    used 21348K, committed 22784K, reserved 1048576K
}
Event: 93.729 GC heap before
{Heap before GC invocations=65 (full 0):
 garbage-first heap   total 350208K, used 291839K [0x0000000080000000, 0x0000000100000000)
  region size 1024K, 94 young (96256K), 13 survivors (13312K)
 Metaspace       used 154803K, committed 157632K, reserved 1245184K
  class space    used 21491K, committed 22912K, reserved 1048576K
}
Event: 93.759 GC heap after
{Heap after GC invocations=66 (full 0):
 garbage-first heap   total 350208K, used 223232K [0x0000000080000000, 0x0000000100000000)
  region size 1024K, 12 young (12288K), 12 survivors (12288K)
 Metaspace       used 154803K, committed 157632K, reserved 1245184K
  class space    used 21491K, committed 22912K, reserved 1048576K
}
Event: 94.656 GC heap before
{Heap before GC invocations=66 (full 0):
 garbage-first heap   total 350208K, used 321536K [0x0000000080000000, 0x0000000100000000)
  region size 1024K, 106 young (108544K), 12 survivors (12288K)
 Metaspace       used 157243K, committed 160064K, reserved 1245184K
  class space    used 21815K, committed 23232K, reserved 1048576K
}
Event: 94.675 GC heap after
{Heap after GC invocations=67 (full 0):
 garbage-first heap   total 350208K, used 215128K [0x0000000080000000, 0x0000000100000000)
  region size 1024K, 8 young (8192K), 8 survivors (8192K)
 Metaspace       used 157243K, committed 160064K, reserved 1245184K
  class space    used 21815K, committed 23232K, reserved 1048576K
}
Event: 95.184 GC heap before
{Heap before GC invocations=67 (full 0):
 garbage-first heap   total 350208K, used 250968K [0x0000000080000000, 0x0000000100000000)
  region size 1024K, 45 young (46080K), 8 survivors (8192K)
 Metaspace       used 157730K, committed 160576K, reserved 1245184K
  class space    used 21863K, committed 23296K, reserved 1048576K
}
Event: 95.198 GC heap after
{Heap after GC invocations=68 (full 0):
 garbage-first heap   total 350208K, used 217827K [0x0000000080000000, 0x0000000100000000)
  region size 1024K, 10 young (10240K), 10 survivors (10240K)
 Metaspace       used 157730K, committed 160576K, reserved 1245184K
  class space    used 21863K, committed 23296K, reserved 1048576K
}

Dll operation events (3 events):
Event: 0.019 Loaded shared library C:\Program Files\Android\Android Studio1\jbr\bin\java.dll
Event: 0.028 Loaded shared library C:\Program Files\Android\Android Studio1\jbr\bin\zip.dll
Event: 1.330 Loaded shared library C:\Program Files\Android\Android Studio1\jbr\bin\verify.dll

Deoptimization events (20 events):
Event: 96.758 Thread 0x000001e7f9f4e130 Uncommon trap: trap_request=0xffffff45 fr.pc=0x000001e7dd892f4c relative=0x0000000000006aac
Event: 96.758 Thread 0x000001e7f9f4e130 Uncommon trap: reason=unstable_if action=reinterpret pc=0x000001e7dd892f4c method=java.util.concurrent.ConcurrentHashMap.get(Ljava/lang/Object;)Ljava/lang/Object; @ 86 c2
Event: 96.758 Thread 0x000001e7fa26a520 Uncommon trap: trap_request=0xffffff45 fr.pc=0x000001e7dd892f4c relative=0x0000000000006aac
Event: 96.758 Thread 0x000001e7fa269800 Uncommon trap: trap_request=0xffffff45 fr.pc=0x000001e7dd892f4c relative=0x0000000000006aac
Event: 96.758 Thread 0x000001e7fa26a520 Uncommon trap: reason=unstable_if action=reinterpret pc=0x000001e7dd892f4c method=java.util.concurrent.ConcurrentHashMap.get(Ljava/lang/Object;)Ljava/lang/Object; @ 86 c2
Event: 96.758 Thread 0x000001e7fa269800 Uncommon trap: reason=unstable_if action=reinterpret pc=0x000001e7dd892f4c method=java.util.concurrent.ConcurrentHashMap.get(Ljava/lang/Object;)Ljava/lang/Object; @ 86 c2
Event: 96.758 Thread 0x000001e7fa26a520 DEOPT PACKING pc=0x000001e7dd892f4c sp=0x0000009ee08fc930
Event: 96.758 Thread 0x000001e7f9f4e130 DEOPT PACKING pc=0x000001e7dd892f4c sp=0x0000009ed62fc860
Event: 96.758 Thread 0x000001e7fa269800 DEOPT PACKING pc=0x000001e7dd892f4c sp=0x0000009ed86fc4c0
Event: 96.758 Thread 0x000001e7f9f4e130 DEOPT UNPACKING pc=0x000001e7dd2643a2 sp=0x0000009ed62fc420 mode 2
Event: 96.758 Thread 0x000001e7fa26a520 DEOPT UNPACKING pc=0x000001e7dd2643a2 sp=0x0000009ee08fc4f0 mode 2
Event: 96.758 Thread 0x000001e7fa269800 DEOPT UNPACKING pc=0x000001e7dd2643a2 sp=0x0000009ed86fc080 mode 2
Event: 96.758 Thread 0x000001e7fa266a10 Uncommon trap: trap_request=0xffffff45 fr.pc=0x000001e7dd9a0a30 relative=0x0000000000003910
Event: 96.758 Thread 0x000001e7fa266a10 Uncommon trap: reason=unstable_if action=reinterpret pc=0x000001e7dd9a0a30 method=java.util.concurrent.ConcurrentHashMap.get(Ljava/lang/Object;)Ljava/lang/Object; @ 86 c2
Event: 96.758 Thread 0x000001e7fa266a10 DEOPT PACKING pc=0x000001e7dd9a0a30 sp=0x0000009ee07fbf70
Event: 96.758 Thread 0x000001e7fa266a10 DEOPT UNPACKING pc=0x000001e7dd2643a2 sp=0x0000009ee07fbdb0 mode 2
Event: 96.758 Thread 0x000001e7fa266a10 Uncommon trap: trap_request=0xffffffde fr.pc=0x000001e7dda5aad4 relative=0x00000000000006f4
Event: 96.758 Thread 0x000001e7fa266a10 Uncommon trap: reason=class_check action=maybe_recompile pc=0x000001e7dda5aad4 method=java.util.concurrent.ConcurrentHashMap.get(Ljava/lang/Object;)Ljava/lang/Object; @ 93 c2
Event: 96.758 Thread 0x000001e7fa266a10 DEOPT PACKING pc=0x000001e7dda5aad4 sp=0x0000009ee07fc010
Event: 96.758 Thread 0x000001e7fa266a10 DEOPT UNPACKING pc=0x000001e7dd2643a2 sp=0x0000009ee07fbf40 mode 2

Classes loaded (20 events):
Event: 94.241 Loading class java/nio/file/Path$1
Event: 94.241 Loading class java/nio/file/Path$1 done
Event: 94.277 Loading class java/util/EnumMap$Values
Event: 94.277 Loading class java/util/EnumMap$Values done
Event: 94.277 Loading class java/util/EnumMap$ValueIterator
Event: 94.278 Loading class java/util/EnumMap$ValueIterator done
Event: 94.450 Loading class java/text/FieldPosition$Delegate
Event: 94.450 Loading class java/text/FieldPosition$Delegate done
Event: 94.589 Loading class java/util/Collections$UnmodifiableSortedMap
Event: 94.589 Loading class java/util/Collections$UnmodifiableSortedMap done
Event: 95.265 Loading class java/util/zip/ZipOutputStream
Event: 95.266 Loading class java/util/zip/ZipOutputStream done
Event: 95.506 Loading class java/nio/file/FileTreeIterator
Event: 95.506 Loading class java/nio/file/FileTreeIterator done
Event: 95.595 Loading class java/util/zip/ZipInputStream
Event: 95.596 Loading class java/util/zip/ZipInputStream done
Event: 95.820 Loading class java/io/UTFDataFormatException
Event: 95.820 Loading class java/io/UTFDataFormatException done
Event: 96.030 Loading class java/util/concurrent/RejectedExecutionException
Event: 96.030 Loading class java/util/concurrent/RejectedExecutionException done

Classes unloaded (2 events):
Event: 92.752 Thread 0x000001e7ea259660 Unloading class 0x000000010146c400 'java/lang/invoke/LambdaForm$DMH+0x000000010146c400'
Event: 92.752 Thread 0x000001e7ea259660 Unloading class 0x0000000101466000 'java/lang/invoke/LambdaForm$DMH+0x0000000101466000'

Classes redefined (0 events):
No events

Internal exceptions (20 events):
Event: 96.814 Thread 0x000001e7fa26a520 Exception <a 'sun/nio/fs/WindowsException'{0x00000000907c2328}> (0x00000000907c2328) 
thrown [s\src\hotspot\share\prims\jni.cpp, line 537]
Event: 96.817 Thread 0x000001e7fa26a520 Exception <a 'sun/nio/fs/WindowsException'{0x000000009039ec78}> (0x000000009039ec78) 
thrown [s\src\hotspot\share\prims\jni.cpp, line 537]
Event: 96.819 Thread 0x000001e7fa26a520 Exception <a 'sun/nio/fs/WindowsException'{0x00000000903b4e78}> (0x00000000903b4e78) 
thrown [s\src\hotspot\share\prims\jni.cpp, line 537]
Event: 96.820 Thread 0x000001e7fa26a520 Exception <a 'sun/nio/fs/WindowsException'{0x00000000903bb5b0}> (0x00000000903bb5b0) 
thrown [s\src\hotspot\share\prims\jni.cpp, line 537]
Event: 96.822 Thread 0x000001e7fa26a520 Exception <a 'sun/nio/fs/WindowsException'{0x00000000903d3448}> (0x00000000903d3448) 
thrown [s\src\hotspot\share\prims\jni.cpp, line 537]
Event: 96.823 Thread 0x000001e7fa26a520 Exception <a 'sun/nio/fs/WindowsException'{0x00000000903db270}> (0x00000000903db270) 
thrown [s\src\hotspot\share\prims\jni.cpp, line 537]
Event: 96.824 Thread 0x000001e7fa26a520 Exception <a 'sun/nio/fs/WindowsException'{0x00000000903e34a8}> (0x00000000903e34a8) 
thrown [s\src\hotspot\share\prims\jni.cpp, line 537]
Event: 96.826 Thread 0x000001e7fa266a10 Exception <a 'sun/nio/fs/WindowsException'{0x000000009035fc18}> (0x000000009035fc18) 
thrown [s\src\hotspot\share\prims\jni.cpp, line 537]
Event: 96.828 Thread 0x000001e7f9f4e130 Exception <a 'sun/nio/fs/WindowsException'{0x00000000903fd398}> (0x00000000903fd398) 
thrown [s\src\hotspot\share\prims\jni.cpp, line 537]
Event: 96.829 Thread 0x000001e7fa26a520 Exception <a 'sun/nio/fs/WindowsException'{0x00000000903ebc98}> (0x00000000903ebc98) 
thrown [s\src\hotspot\share\prims\jni.cpp, line 537]
Event: 96.832 Thread 0x000001e7fa26a520 Exception <a 'sun/nio/fs/WindowsException'{0x0000000090205c40}> (0x0000000090205c40) 
thrown [s\src\hotspot\share\prims\jni.cpp, line 537]
Event: 96.833 Thread 0x000001e7fa26a520 Exception <a 'sun/nio/fs/WindowsException'{0x000000009020c540}> (0x000000009020c540) 
thrown [s\src\hotspot\share\prims\jni.cpp, line 537]
Event: 96.834 Thread 0x000001e7fa26a520 Exception <a 'sun/nio/fs/WindowsException'{0x0000000090213088}> (0x0000000090213088) 
thrown [s\src\hotspot\share\prims\jni.cpp, line 537]
Event: 96.836 Thread 0x000001e7fa26a520 Exception <a 'sun/nio/fs/WindowsException'{0x0000000090224c58}> (0x0000000090224c58) 
thrown [s\src\hotspot\share\prims\jni.cpp, line 537]
Event: 96.838 Thread 0x000001e7fa26a520 Exception <a 'sun/nio/fs/WindowsException'{0x00000000902366c0}> (0x00000000902366c0) 
thrown [s\src\hotspot\share\prims\jni.cpp, line 537]
Event: 96.840 Thread 0x000001e7fa26a520 Exception <a 'sun/nio/fs/WindowsException'{0x0000000090246048}> (0x0000000090246048) 
thrown [s\src\hotspot\share\prims\jni.cpp, line 537]
Event: 96.842 Thread 0x000001e7fa26a520 Exception <a 'sun/nio/fs/WindowsException'{0x000000009025c3e8}> (0x000000009025c3e8) 
thrown [s\src\hotspot\share\prims\jni.cpp, line 537]
Event: 96.844 Thread 0x000001e7fa26a520 Exception <a 'sun/nio/fs/WindowsException'{0x00000000902645f8}> (0x00000000902645f8) 
thrown [s\src\hotspot\share\prims\jni.cpp, line 537]
Event: 96.846 Thread 0x000001e7fa26a520 Exception <a 'sun/nio/fs/WindowsException'{0x0000000090277f58}> (0x0000000090277f58) 
thrown [s\src\hotspot\share\prims\jni.cpp, line 537]
Event: 96.849 Thread 0x000001e7fa26a520 Exception <a 'sun/nio/fs/WindowsException'{0x000000009027d548}> (0x000000009027d548) 
thrown [s\src\hotspot\share\prims\jni.cpp, line 537]

ZGC Phase Switch (0 events):
No events

VM Operations (20 events):
Event: 94.600 Executing non-safepoint VM operation: HandshakeAllThreads (Deoptimize)
Event: 94.600 Executing non-safepoint VM operation: HandshakeAllThreads (Deoptimize) done
Event: 94.656 Executing safepoint VM operation: G1CollectForAllocation (G1 Evacuation Pause)
Event: 94.675 Executing safepoint VM operation: G1CollectForAllocation (G1 Evacuation Pause) done
Event: 95.184 Executing safepoint VM operation: G1TryInitiateConcMark (G1 Humongous Allocation)
Event: 95.198 Executing safepoint VM operation: G1TryInitiateConcMark (G1 Humongous Allocation) done
Event: 95.485 Executing safepoint VM operation: G1PauseRemark
Event: 95.504 Executing safepoint VM operation: G1PauseRemark done
Event: 95.674 Executing safepoint VM operation: G1PauseCleanup
Event: 95.674 Executing safepoint VM operation: G1PauseCleanup done
Event: 95.724 Executing non-safepoint VM operation: HandshakeAllThreads (Deoptimize)
Event: 95.724 Executing non-safepoint VM operation: HandshakeAllThreads (Deoptimize) done
Event: 95.852 Executing non-safepoint VM operation: HandshakeAllThreads (Deoptimize)
Event: 95.852 Executing non-safepoint VM operation: HandshakeAllThreads (Deoptimize) done
Event: 96.106 Executing non-safepoint VM operation: HandshakeAllThreads (Deoptimize)
Event: 96.106 Executing non-safepoint VM operation: HandshakeAllThreads (Deoptimize) done
Event: 96.314 Executing non-safepoint VM operation: HandshakeAllThreads (Deoptimize)
Event: 96.315 Executing non-safepoint VM operation: HandshakeAllThreads (Deoptimize) done
Event: 97.315 Executing safepoint VM operation: Cleanup
Event: 97.316 Executing safepoint VM operation: Cleanup done

Memory protections (0 events):
No events

Nmethod flushes (20 events):
Event: 95.501 Thread 0x000001e7ea259660 flushing  nmethod 0x000001e7d7669390
Event: 95.501 Thread 0x000001e7ea259660 flushing  nmethod 0x000001e7d766cc10
Event: 95.501 Thread 0x000001e7ea259660 flushing  nmethod 0x000001e7d76ad390
Event: 95.501 Thread 0x000001e7ea259660 flushing  nmethod 0x000001e7d76af010
Event: 95.501 Thread 0x000001e7ea259660 flushing  nmethod 0x000001e7d76b0590
Event: 95.501 Thread 0x000001e7ea259660 flushing  nmethod 0x000001e7d76b7210
Event: 95.501 Thread 0x000001e7ea259660 flushing  nmethod 0x000001e7d7753a90
Event: 95.501 Thread 0x000001e7ea259660 flushing  nmethod 0x000001e7d7753d90
Event: 95.501 Thread 0x000001e7ea259660 flushing  nmethod 0x000001e7d7754110
Event: 95.501 Thread 0x000001e7ea259660 flushing  nmethod 0x000001e7d7808b10
Event: 95.501 Thread 0x000001e7ea259660 flushing  nmethod 0x000001e7d780c910
Event: 95.501 Thread 0x000001e7ea259660 flushing  nmethod 0x000001e7d780d610
Event: 95.501 Thread 0x000001e7ea259660 flushing  nmethod 0x000001e7d780dc90
Event: 95.502 Thread 0x000001e7ea259660 flushing  nmethod 0x000001e7d780e690
Event: 95.502 Thread 0x000001e7ea259660 flushing  nmethod 0x000001e7d780ea10
Event: 95.502 Thread 0x000001e7ea259660 flushing  nmethod 0x000001e7d7840a10
Event: 95.502 Thread 0x000001e7ea259660 flushing  nmethod 0x000001e7d7841710
Event: 95.502 Thread 0x000001e7ea259660 flushing  nmethod 0x000001e7d7841a90
Event: 95.502 Thread 0x000001e7ea259660 flushing  nmethod 0x000001e7d7842310
Event: 95.502 Thread 0x000001e7ea259660 flushing  nmethod 0x000001e7d7842e90

Events (20 events):
Event: 84.633 Thread 0x000001e7f92ed7d0 Thread exited: 0x000001e7f92ed7d0
Event: 91.095 Thread 0x000001e7f28dbaa0 Thread added: 0x000001e7f9f4e130
Event: 91.227 Thread 0x000001e7f28d99d0 Thread added: 0x000001e7f9f4e7c0
Event: 91.474 Thread 0x000001e7f9f4c6f0 Thread exited: 0x000001e7f9f4c6f0
Event: 94.469 Thread 0x000001e7f28d99d0 Thread added: 0x000001e7fa265cf0
Event: 94.502 Thread 0x000001e7f28d99d0 Thread added: 0x000001e7fa265660
Event: 94.502 Thread 0x000001e7f28d99d0 Thread added: 0x000001e7fa269e90
Event: 94.503 Thread 0x000001e7f28d99d0 Thread added: 0x000001e7fa267dc0
Event: 94.503 Thread 0x000001e7f28d99d0 Thread added: 0x000001e7fa268450
Event: 94.503 Thread 0x000001e7f28d99d0 Thread added: 0x000001e7fa268ae0
Event: 94.504 Thread 0x000001e7f28d99d0 Thread added: 0x000001e7fa2670a0
Event: 94.504 Thread 0x000001e7f28d99d0 Thread added: 0x000001e7fa269170
Event: 95.083 Thread 0x000001e7f41bce20 Thread exited: 0x000001e7f41bce20
Event: 95.432 Thread 0x000001e7f28ddb70 Thread added: 0x000001e7fa269800
Event: 95.436 Thread 0x000001e7f28ddb70 Thread added: 0x000001e7fa266380
Event: 95.440 Thread 0x000001e7f28ddb70 Thread added: 0x000001e7fa266a10
Event: 95.442 Thread 0x000001e7f28ddb70 Thread added: 0x000001e7fa26a520
Event: 95.461 Thread 0x000001e7f28ddb70 Thread added: 0x000001e7fa26abb0
Event: 95.463 Thread 0x000001e7f28ddb70 Thread added: 0x000001e7fa267730
Event: 97.779 Thread 0x000001e7ea464ce0 Thread added: 0x000001e7f1e325b0


Dynamic libraries:
0x00007ff7237b0000 - 0x00007ff7237ba000 	C:\Program Files\Android\Android Studio1\jbr\bin\java.exe
0x00007ffb8dd00000 - 0x00007ffb8df66000 	C:\WINDOWS\SYSTEM32\ntdll.dll
0x00007ffb8c960000 - 0x00007ffb8ca29000 	C:\WINDOWS\System32\KERNEL32.DLL
0x00007ffb8b540000 - 0x00007ffb8b940000 	C:\WINDOWS\System32\KERNELBASE.dll
0x00007ffb8b2b0000 - 0x00007ffb8b3fc000 	C:\WINDOWS\System32\ucrtbase.dll
0x00007ffb82840000 - 0x00007ffb8285b000 	C:\Program Files\Android\Android Studio1\jbr\bin\VCRUNTIME140.dll
0x00007ffb769b0000 - 0x00007ffb769c8000 	C:\Program Files\Android\Android Studio1\jbr\bin\jli.dll
0x00007ffb8bb70000 - 0x00007ffb8bd37000 	C:\WINDOWS\System32\USER32.dll
0x00007ffb8ba00000 - 0x00007ffb8ba27000 	C:\WINDOWS\System32\win32u.dll
0x00007ffb72bd0000 - 0x00007ffb72e62000 	C:\WINDOWS\WinSxS\amd64_microsoft.windows.common-controls_6595b64144ccf1df_6.0.26100.8737_none_3e092eaee333b772\COMCTL32.dll
0x00007ffb8c930000 - 0x00007ffb8c95b000 	C:\WINDOWS\System32\GDI32.dll
0x00007ffb8bac0000 - 0x00007ffb8bb69000 	C:\WINDOWS\System32\msvcrt.dll
0x00007ffb8b410000 - 0x00007ffb8b539000 	C:\WINDOWS\System32\gdi32full.dll
0x00007ffb8b950000 - 0x00007ffb8b9f3000 	C:\WINDOWS\System32\msvcp_win.dll
0x00007ffb8da10000 - 0x00007ffb8da42000 	C:\WINDOWS\System32\IMM32.DLL
0x00007ffb84770000 - 0x00007ffb8477c000 	C:\Program Files\Android\Android Studio1\jbr\bin\vcruntime140_1.dll
0x00007ffb5bde0000 - 0x00007ffb5be6d000 	C:\Program Files\Android\Android Studio1\jbr\bin\msvcp140.dll
0x00007ffb04dc0000 - 0x00007ffb05a56000 	C:\Program Files\Android\Android Studio1\jbr\bin\server\jvm.dll
0x00007ffb8d1b0000 - 0x00007ffb8d267000 	C:\WINDOWS\System32\ADVAPI32.dll
0x00007ffb8ca30000 - 0x00007ffb8cada000 	C:\WINDOWS\System32\sechost.dll
0x00007ffb8c2b0000 - 0x00007ffb8c3c8000 	C:\WINDOWS\System32\RPCRT4.dll
0x00007ffb8da50000 - 0x00007ffb8dad0000 	C:\WINDOWS\System32\WS2_32.dll
0x00007ffb68540000 - 0x00007ffb68576000 	C:\WINDOWS\SYSTEM32\WINMM.dll
0x00007ffb79620000 - 0x00007ffb7962b000 	C:\WINDOWS\SYSTEM32\VERSION.dll
0x00007ffb8ad80000 - 0x00007ffb8adde000 	C:\WINDOWS\SYSTEM32\POWRPROF.dll
0x00007ffb8ad60000 - 0x00007ffb8ad74000 	C:\WINDOWS\SYSTEM32\UMPDC.dll
0x00007ffb89c00000 - 0x00007ffb89c1b000 	C:\WINDOWS\SYSTEM32\kernel.appcore.dll
0x00007ffb7a550000 - 0x00007ffb7a55a000 	C:\Program Files\Android\Android Studio1\jbr\bin\jimage.dll
0x00007ffb85650000 - 0x00007ffb85892000 	C:\WINDOWS\SYSTEM32\DBGHELP.DLL
0x00007ffb8c400000 - 0x00007ffb8c783000 	C:\WINDOWS\System32\combase.dll
0x00007ffb8bd40000 - 0x00007ffb8be19000 	C:\WINDOWS\System32\OLEAUT32.dll
0x00007ffb722a0000 - 0x00007ffb722db000 	C:\WINDOWS\SYSTEM32\dbgcore.DLL
0x00007ffb8af20000 - 0x00007ffb8afcc000 	C:\WINDOWS\System32\bcryptPrimitives.dll
0x00007ffb76e90000 - 0x00007ffb76e9e000 	C:\Program Files\Android\Android Studio1\jbr\bin\instrument.dll
0x00007ffb7a530000 - 0x00007ffb7a550000 	C:\Program Files\Android\Android Studio1\jbr\bin\java.dll
0x00007ffb78aa0000 - 0x00007ffb78ab8000 	C:\Program Files\Android\Android Studio1\jbr\bin\zip.dll
0x00007ffb8d270000 - 0x00007ffb8da02000 	C:\WINDOWS\System32\SHELL32.dll
0x00007ffb889e0000 - 0x00007ffb89272000 	C:\WINDOWS\SYSTEM32\windows.storage.dll
0x00007ffb8cfc0000 - 0x00007ffb8d0b7000 	C:\WINDOWS\System32\SHCORE.dll
0x00007ffb8ba40000 - 0x00007ffb8baa7000 	C:\WINDOWS\System32\shlwapi.dll
0x00007ffb8ae40000 - 0x00007ffb8ae69000 	C:\WINDOWS\SYSTEM32\profapi.dll
0x00007ffb78a80000 - 0x00007ffb78a90000 	C:\Program Files\Android\Android Studio1\jbr\bin\net.dll
0x00007ffb7ea20000 - 0x00007ffb7eb49000 	C:\WINDOWS\SYSTEM32\WINHTTP.dll
0x00007ffb8a1b0000 - 0x00007ffb8a21c000 	C:\WINDOWS\system32\mswsock.dll
0x00007ffb78a60000 - 0x00007ffb78a76000 	C:\Program Files\Android\Android Studio1\jbr\bin\nio.dll
0x00007ffb78930000 - 0x00007ffb78940000 	C:\Program Files\Android\Android Studio1\jbr\bin\verify.dll
0x00007ffb76a10000 - 0x00007ffb76a37000 	C:\Users\nickine chrise.j\.gradle\native\1def1411415f61bf3af743bc5b6707747c0891f09f0c88961ee8f79bc544acac\windows-amd64\native-platform.dll
0x00007ffb5bc40000 - 0x00007ffb5bcb8000 	C:\Users\nickine chrise.j\.gradle\native\0.2.7\x86_64-windows-gnu\gradle-fileevents.dll
0x00007ffb78990000 - 0x00007ffb78999000 	C:\Program Files\Android\Android Studio1\jbr\bin\management.dll
0x00007ffb78980000 - 0x00007ffb7898b000 	C:\Program Files\Android\Android Studio1\jbr\bin\management_ext.dll
0x00007ffb8ba30000 - 0x00007ffb8ba38000 	C:\WINDOWS\System32\PSAPI.DLL
0x00007ffb895d0000 - 0x00007ffb89603000 	C:\WINDOWS\SYSTEM32\IPHLPAPI.DLL
0x00007ffb8bab0000 - 0x00007ffb8baba000 	C:\WINDOWS\System32\NSI.dll
0x00007ffb789e0000 - 0x00007ffb789e9000 	C:\Program Files\Android\Android Studio1\jbr\bin\extnet.dll
0x00007ffb8a4d0000 - 0x00007ffb8a4eb000 	C:\WINDOWS\SYSTEM32\CRYPTSP.dll
0x00007ffb89b60000 - 0x00007ffb89b99000 	C:\WINDOWS\system32\rsaenh.dll
0x00007ffb8a270000 - 0x00007ffb8a2a2000 	C:\WINDOWS\SYSTEM32\USERENV.dll
0x00007ffb8ae10000 - 0x00007ffb8ae3a000 	C:\WINDOWS\SYSTEM32\bcrypt.dll
0x00007ffb8a4b0000 - 0x00007ffb8a4bc000 	C:\WINDOWS\SYSTEM32\CRYPTBASE.dll
0x00007ffb6c760000 - 0x00007ffb6c768000 	C:\WINDOWS\system32\wshunix.dll
0x00007ffb66c30000 - 0x00007ffb66c48000 	C:\WINDOWS\system32\napinsp.dll
0x00007ffb89610000 - 0x00007ffb89765000 	C:\WINDOWS\SYSTEM32\DNSAPI.dll
0x00007ffb89fb0000 - 0x00007ffb89fbd000 	C:\WINDOWS\SYSTEM32\DSPARSE.dll
0x00007ffb66c10000 - 0x00007ffb66c23000 	C:\WINDOWS\System32\winrnr.dll
0x00007ffb66be0000 - 0x00007ffb66c02000 	C:\WINDOWS\system32\nlansp_c.dll
0x00007ffb7af30000 - 0x00007ffb7af46000 	C:\WINDOWS\system32\wshbth.dll
0x00007ffb7bc10000 - 0x00007ffb7bc1b000 	C:\Windows\System32\rasadhlp.dll
0x00007ffb80b20000 - 0x00007ffb80ba6000 	C:\WINDOWS\System32\fwpuclnt.dll
0x00007ffb6f510000 - 0x00007ffb6f52e000 	C:\Users\nickine chrise.j\AppData\Local\Temp\native-platform15977374948919182796dir\native-platform.dll
0x00007ffb769a0000 - 0x00007ffb769a7000 	C:\Program Files\Android\Android Studio1\jbr\bin\rmi.dll

JVMTI agents:
C:\Users\nickine chrise.j\.gradle\wrapper\dists\gradle-8.13-bin\5xuhj0ry160q40clulazy9h7d\gradle-8.13\lib\agents\gradle-instrumentation-agent-8.13.jar path:C:\Program Files\Android\Android Studio1\jbr\bin\instrument.dll, loaded, initialized, instrumentlib options:none

dbghelp: loaded successfully - version: 4.0.5 - missing functions: none
symbol engine: initialized successfully - sym options: 0x614 - pdb path: .;C:\Program Files\Android\Android Studio1\jbr\bin;C:\WINDOWS\SYSTEM32;C:\WINDOWS\WinSxS\amd64_microsoft.windows.common-controls_6595b64144ccf1df_6.0.26100.8737_none_3e092eaee333b772;C:\Program Files\Android\Android Studio1\jbr\bin\server;C:\Users\nickine chrise.j\.gradle\native\1def1411415f61bf3af743bc5b6707747c0891f09f0c88961ee8f79bc544acac\windows-amd64;C:\Users\nickine chrise.j\.gradle\native\0.2.7\x86_64-windows-gnu;C:\Users\nickine chrise.j\AppData\Local\Temp\native-platform15977374948919182796dir

VM Arguments:
jvm_args: --add-opens=java.base/java.lang=ALL-UNNAMED --add-opens=java.base/java.lang.invoke=ALL-UNNAMED --add-opens=java.base/java.util=ALL-UNNAMED --add-opens=java.prefs/java.util.prefs=ALL-UNNAMED --add-exports=jdk.compiler/com.sun.tools.javac.api=ALL-UNNAMED --add-exports=jdk.compiler/com.sun.tools.javac.util=ALL-UNNAMED --add-opens=java.base/java.util=ALL-UNNAMED --add-opens=java.prefs/java.util.prefs=ALL-UNNAMED --add-opens=java.base/java.nio.charset=ALL-UNNAMED --add-opens=java.base/java.net=ALL-UNNAMED --add-opens=java.base/java.util.concurrent.atomic=ALL-UNNAMED --add-opens=java.xml/javax.xml.namespace=ALL-UNNAMED -Xmx2048m -Dfile.encoding=UTF-8 -Duser.country=IN -Duser.language=en -Duser.variant -javaagent:C:\Users\nickine chrise.j\.gradle\wrapper\dists\gradle-8.13-bin\5xuhj0ry160q40clulazy9h7d\gradle-8.13\lib\agents\gradle-instrumentation-agent-8.13.jar 
java_command: org.gradle.launcher.daemon.bootstrap.GradleDaemon 8.13
java_class_path (initial): C:\Users\nickine chrise.j\.gradle\wrapper\dists\gradle-8.13-bin\5xuhj0ry160q40clulazy9h7d\gradle-8.13\lib\gradle-daemon-main-8.13.jar
Launcher Type: SUN_STANDARD

[Global flags]
     intx CICompilerCount                          = 4                                         {product} {ergonomic}
     uint ConcGCThreads                            = 2                                         {product} {ergonomic}
     uint G1ConcRefinementThreads                  = 8                                         {product} {ergonomic}
   size_t G1HeapRegionSize                         = 1048576                                   {product} {ergonomic}
    uintx GCDrainStackTargetSize                   = 64                                        {product} {ergonomic}
   size_t InitialHeapSize                          = 132120576                                 {product} {ergonomic}
   size_t MarkStackSize                            = 4194304                                   {product} {ergonomic}
   size_t MaxHeapSize                              = 2147483648                                {product} {command line}
   size_t MaxNewSize                               = 1287651328                                {product} {ergonomic}
   size_t MinHeapDeltaBytes                        = 1048576                                   {product} {ergonomic}
   size_t MinHeapSize                              = 8388608                                   {product} {ergonomic}
    uintx NonNMethodCodeHeapSize                   = 5839372                                {pd product} {ergonomic}
    uintx NonProfiledCodeHeapSize                  = 122909434                              {pd product} {ergonomic}
    uintx ProfiledCodeHeapSize                     = 122909434                              {pd product} {ergonomic}
    uintx ReservedCodeCacheSize                    = 251658240                              {pd product} {ergonomic}
     bool SegmentedCodeCache                       = true                                      {product} {ergonomic}
   size_t SoftMaxHeapSize                          = 2147483648                             {manageable} {ergonomic}
     bool UseCompressedOops                        = true                           {product lp64_product} {ergonomic}
     bool UseG1GC                                  = true                                      {product} {ergonomic}
     bool UseLargePagesIndividualAllocation        = false                                  {pd product} {ergonomic}

Logging:
Log output configuration:
 #0: stdout all=warning uptime,level,tags foldmultilines=false
 #1: stderr all=off uptime,level,tags foldmultilines=false

Release file:
JAVA_VERSION="21.0.10" 
MODULES="java.base java.compiler java.datatransfer java.xml java.prefs java.desktop java.instrument java.logging java.management java.security.sasl java.naming java.rmi java.management.rmi java.net.http java.scripting java.security.jgss java.transaction.xa java.sql java.sql.rowset java.xml.crypto java.se java.smartcardio jdk.accessibility jdk.internal.jvmstat jdk.attach jdk.charsets jdk.internal.opt jdk.zipfs jdk.compiler jdk.crypto.ec jdk.crypto.cryptoki jdk.dynalink jdk.hotspot.agent jdk.httpserver jdk.internal.ed jdk.internal.le jdk.internal.vm.ci jdk.jartool jdk.javadoc jdk.jcmd jdk.jdeps jdk.jdwp.agent jdk.jdi jdk.jfr jdk.jlink jdk.jsobject jdk.localedata jdk.management jdk.management.agent jdk.management.jfr jdk.naming.dns jdk.naming.rmi jdk.net jdk.sctp jdk.security.auth jdk.security.jgss jdk.unsupported jdk.unsupported.desktop jdk.xml.dom" 
IMPLEMENTOR="JetBrains s.r.o." 
JAVA_RUNTIME_VERSION="21.0.10+-14961533-b1163.108" 
LIBC="default" 
OS_ARCH="x86_64" 
OS_NAME="Windows" 
SOURCE=".:git:1351622c2ff2" 

Environment Variables:
PATH=C:\Program Files\Common Files\Oracle\Java\javapath;C:\WINDOWS\system32;C:\WINDOWS;C:\WINDOWS\System32\Wbem;C:\WINDOWS\System32\WindowsPowerShell\v1.0\;C:\WINDOWS\System32\OpenSSH\;C:\MinGW\bin;C:\Program Files\nodejs\;C:\Users\nickine chrise.j\AppData\Local\Programs\Python\Python311\Scripts\;C:\Users\nickine chrise.j\AppData\Local\Programs\Python\Python311\;C:\Users\nickine chrise.j\AppData\Local\Programs\Python\Python313\Scripts\;C:\Users\nickine chrise.j\AppData\Local\Programs\Python\Python313\;C:\Users\nickine chrise.j\AppData\Local\Programs\Python\Python312\Scripts\;C:\Users\nickine chrise.j\AppData\Local\Programs\Python\Python312\;C:\Users\nickine chrise.j\AppData\Local\Programs\Python\Launcher\;C:\Users\nickine chrise.j\AppData\Local\Microsoft\WindowsApps;C:\Users\nickine chrise.j\AppData\Local\Programs\Microsoft VS Code\bin;C:\Users\nickine chrise.j\Downloads\flutter_windows_3.32.7-stable\flutter\bin;C:\Program Files\IntelliJ IDEA Community Edition 2025.2.5\bin;C:\Users\nickine chrise.j\AppData\Roaming\npm
USERNAME=nickine chrise.j
OS=Windows_NT
PROCESSOR_IDENTIFIER=Intel64 Family 6 Model 142 Stepping 12, GenuineIntel
TMP=C:\Users\NICKIN~1.J\AppData\Local\Temp
TEMP=C:\Users\NICKIN~1.J\AppData\Local\Temp




Periodic native trim disabled

JNI global refs:
JNI global refs: 27, weak refs: 21

JNI global refs memory usage: 835, weak refs: 833

Process memory usage:
Resident Set Size: 607664K (7% of 8215284K total physical memory with 432628K free physical memory)

OOME stack traces (most recent first):
Classloader memory used:
Loader org.gradle.internal.classloader.VisitableURLClassLoader                         : 50614K
Loader org.gradle.internal.classloader.VisitableURLClassLoader$InstrumentingVisitableURLClassLoader: 44346K
Loader bootstrap                                                                       : 32974K
Loader org.gradle.initialization.MixInLegacyTypesClassLoader                           : 17200K
Loader org.gradle.internal.classloader.VisitableURLClassLoader                         : 8649K
Loader jdk.internal.loader.ClassLoaders$AppClassLoader                                 : 7966K
Loader jdk.internal.reflect.DelegatingClassLoader                                      : 1944K
Loader jdk.internal.loader.ClassLoaders$PlatformClassLoader                            : 732K
Loader org.gradle.groovy.scripts.internal.DefaultScriptCompilationHandler$ScriptClassLoader: 92224B
Loader org.codehaus.groovy.runtime.callsite.CallSiteClassLoader                        : 49912B

Classes loaded by more than one classloader:
Class Program                                                                         : loaded 5 times (x 72B)
Class com.google.common.collect.Iterators$MergingIterator                             : loaded 4 times (x 81B)
Class com.google.common.collect.Iterators                                             : loaded 4 times (x 71B)
Class com.google.common.collect.Lists$StringAsImmutableList                           : loaded 4 times (x 207B)
Class com.google.common.collect.UnmodifiableListIterator                              : loaded 4 times (x 95B)
Class com.google.common.collect.ImmutableList                                         : loaded 4 times (x 206B)
Class com.google.common.collect.AbstractIterator                                      : loaded 4 times (x 82B)
Class com.google.common.collect.AbstractIndexedListIterator                           : loaded 4 times (x 96B)
Class com.google.common.collect.Iterators$ArrayItr                                    : loaded 4 times (x 97B)
Class com.google.common.collect.Iterators$1                                           : loaded 4 times (x 81B)
Class com.google.common.collect.Iterators$4                                           : loaded 4 times (x 82B)
Class com.google.common.collect.PeekingIterator                                       : loaded 4 times (x 70B)
Class com.google.common.collect.Iterators$5                                           : loaded 4 times (x 82B)
Class com.google.common.collect.ImmutableCollection                                   : loaded 4 times (x 125B)
Class com.google.common.base.Preconditions                                            : loaded 4 times (x 71B)
Class com.google.common.collect.Lists                                                 : loaded 4 times (x 71B)
Class com.google.common.collect.Iterators$9                                           : loaded 4 times (x 81B)
Class com.google.common.collect.UnmodifiableIterator                                  : loaded 4 times (x 80B)
Class com.google.common.collect.ImmutableSet$RegularSetBuilderImpl                    : loaded 3 times (x 77B)
Class com.google.common.collect.ImmutableRangeSet$ComplementRanges                    : loaded 3 times (x 207B)
Class org.gradle.internal.IoActions                                                   : loaded 3 times (x 71B)
Class org.gradle.api.GradleException                                                  : loaded 3 times (x 82B)
Class com.google.common.base.CharMatcher$NegatedFastMatcher                           : loaded 3 times (x 113B)
Class com.google.common.collect.AbstractRangeSet                                      : loaded 3 times (x 114B)
Class com.google.common.base.Predicate                                                : loaded 3 times (x 70B)
Class com.google.common.base.CharMatcher$FastMatcher                                  : loaded 3 times (x 111B)
Class org.gradle.api.Action                                                           : loaded 3 times (x 70B)
Class org.gradle.internal.Cast                                                        : loaded 3 times (x 71B)
Class com.google.common.base.CharMatcher$Or                                           : loaded 3 times (x 112B)
Class com.google.common.collect.ImmutableSet                                          : loaded 3 times (x 145B)
Class com.google.common.base.CharMatcher$BitSetMatcher                                : loaded 3 times (x 112B)
Class com.google.common.collect.Lists$ReverseList$1                                   : loaded 3 times (x 99B)
Class com.google.common.collect.ImmutableList$1                                       : loaded 3 times (x 97B)
Class com.google.common.collect.ImmutableRangeSet$Builder                             : loaded 3 times (x 77B)
Class com.google.common.collect.RegularImmutableList                                  : loaded 3 times (x 213B)
Class com.google.common.base.CharMatcher$Negated                                      : loaded 3 times (x 113B)
Class com.google.common.collect.RegularImmutableSortedSet                             : loaded 3 times (x 300B)
Class com.google.common.base.CharMatcher$IsNot                                        : loaded 3 times (x 111B)
Class com.google.common.collect.RegularImmutableSet                                   : loaded 3 times (x 149B)
Class com.google.common.collect.Lists$ReverseList                                     : loaded 3 times (x 200B)
Class com.google.common.collect.ImmutableSortedSet                                    : loaded 3 times (x 300B)
Class com.google.common.collect.ImmutableAsList                                       : loaded 3 times (x 209B)
Class com.google.common.base.CharMatcher$IsEither                                     : loaded 3 times (x 111B)
Class com.google.common.collect.ImmutableSet$CachingAsList                            : loaded 3 times (x 148B)
Class com.google.common.base.CharMatcher$Is                                           : loaded 3 times (x 111B)
Class com.google.common.base.Joiner$1                                                 : loaded 3 times (x 80B)
Class com.google.common.base.CharMatcher$AnyOf                                        : loaded 3 times (x 112B)
Class com.google.common.base.CharMatcher$ForPredicate                                 : loaded 3 times (x 112B)
Class com.google.common.base.CharMatcher                                              : loaded 3 times (x 111B)
Class com.google.common.base.Joiner$2                                                 : loaded 3 times (x 79B)
Class com.google.common.collect.SortedIterable                                        : loaded 3 times (x 70B)
Class com.google.common.collect.SingletonImmutableSet                                 : loaded 3 times (x 146B)
Class com.google.common.base.CharMatcher$1                                            : loaded 3 times (x 113B)
Class com.google.common.collect.ImmutableList$ReverseImmutableList                    : loaded 3 times (x 209B)
Class com.google.common.collect.SingletonImmutableList                                : loaded 3 times (x 207B)
Class com.google.common.base.CharMatcher$NamedFastMatcher                             : loaded 3 times (x 112B)
Class com.google.common.base.ExtraObjectsMethodsForWeb                                : loaded 3 times (x 71B)
Class com.google.common.collect.Multimap                                              : loaded 3 times (x 70B)
Class com.google.common.collect.RangeSet                                              : loaded 3 times (x 70B)
Class com.google.common.base.CharMatcher$InRange                                      : loaded 3 times (x 111B)
Class com.google.common.base.Objects                                                  : loaded 3 times (x 71B)
Class com.google.common.base.CharMatcher$And                                          : loaded 3 times (x 112B)
Class com.google.common.collect.ImmutableSet$SetBuilderImpl                           : loaded 3 times (x 76B)
Class com.google.common.collect.ForwardingObject                                      : loaded 3 times (x 72B)
Class com.google.common.collect.ImmutableList$SubList                                 : loaded 3 times (x 209B)
Class com.google.common.collect.Range                                                 : loaded 3 times (x 87B)
Class com.google.common.collect.RegularImmutableAsList                                : loaded 3 times (x 217B)
Class com.google.common.collect.ImmutableRangeSet$1                                   : loaded 3 times (x 210B)
Class com.google.common.collect.ImmutableList$Builder                                 : loaded 3 times (x 77B)
Class com.google.common.collect.Iterators$SingletonIterator                           : loaded 3 times (x 81B)
Class com.google.common.base.Function                                                 : loaded 3 times (x 70B)
Class com.google.common.base.Joiner                                                   : loaded 3 times (x 79B)
Class com.google.common.collect.ImmutableCollection$Builder                           : loaded 3 times (x 76B)
Class com.google.common.collect.Lists$RandomAccessReverseList                         : loaded 3 times (x 200B)
Class com.google.common.collect.ImmutableRangeSet$AsSet                               : loaded 3 times (x 300B)
Class com.google.common.collect.ImmutableRangeSet                                     : loaded 3 times (x 115B)
Class [Lcom.amazon.ion.impl.bin.IonRawBinaryWriter$StreamCloseMode;                   : loaded 2 times (x 69B)
Class com.amazon.ion.impl.lite.IonSymbolLite                                          : loaded 2 times (x 247B)
Class com.amazon.ion.impl.bin.IonManagedBinaryWriter$ImportedSymbolResolverMode$1     : loaded 2 times (x 80B)
Class io.opentelemetry.api.GlobalOpenTelemetry                                        : loaded 2 times (x 71B)
Class com.intellij.util.containers.IntObjectHashMap$ArrayProducer                     : loaded 2 times (x 70B)
Class org.gradle.internal.classloader.DefaultClassLoaderFactory                       : loaded 2 times (x 82B)
Class com.google.common.io.ByteSource$ConcatenatedByteSource                          : loaded 2 times (x 85B)
Class com.google.gson.internal.bind.TypeAdapters$32                                   : loaded 2 times (x 76B)
Class com.amazon.ion.impl.bin.IonManagedBinaryWriter$ImportedSymbolResolverMode$2     : loaded 2 times (x 80B)
Class io.opentelemetry.context.Scope                                                  : loaded 2 times (x 70B)
Class com.google.common.collect.ReverseNaturalOrdering                                : loaded 2 times (x 114B)
Class kotlin.text.MatcherMatchResult$groupValues$1                                    : loaded 2 times (x 198B)
Class kotlin.sequences.SequencesKt___SequencesKt                                      : loaded 2 times (x 71B)
Class kotlin.collections.AbstractList$Companion                                       : loaded 2 times (x 71B)
Class org.gradle.internal.classloader.ClassLoaderVisitor                              : loaded 2 times (x 76B)
Class net.rubygrapefruit.platform.NativeIntegrationUnavailableException               : loaded 2 times (x 82B)
Class net.rubygrapefruit.platform.internal.Platform                                   : loaded 2 times (x 79B)
Class com.google.gson.internal.bind.ObjectTypeAdapter                                 : loaded 2 times (x 74B)
Class [Lcom.google.common.collect.ImmutableMapEntry;                                  : loaded 2 times (x 69B)
Class [Lcom.android.ide.common.repository.AgpVersion$PreviewKind;                     : loaded 2 times (x 69B)
Class org.jetbrains.kotlin.idea.projectModel.KotlinTaskProperties                     : loaded 2 times (x 70B)
Class org.jetbrains.plugins.gradle.tooling.serialization.internal.IdeaProjectSerializationService: loaded 2 times (x 77B)
Class com.google.common.collect.Ordering                                              : loaded 2 times (x 114B)
Class kotlin.sequences.SequencesKt___SequencesKt$flatMap$2                            : loaded 2 times (x 129B)
Class org.gradle.api.internal.classpath.EffectiveClassPath                            : loaded 2 times (x 90B)
Class com.google.common.collect.CollectSpliterators$1WithCharacteristics              : loaded 2 times (x 90B)
Class org.jetbrains.kotlin.idea.gradleTooling.AndroidAwareGradleModelProvider$Companion: loaded 2 times (x 71B)
Class com.android.builder.model.v2.models.AndroidDsl                                  : loaded 2 times (x 70B)
Class [Lorg.apache.commons.io.StandardLineSeparator;                                  : loaded 2 times (x 69B)
Class org.apache.commons.io.output.StringBuilderWriter                                : loaded 2 times (x 100B)
Class com.google.common.collect.ListMultimap                                          : loaded 2 times (x 70B)
Class com.google.common.collect.ImmutableEnumMap                                      : loaded 2 times (x 126B)
Class com.amazon.ion.impl.lite.IonSystemLite                                          : loaded 2 times (x 275B)
Class com.amazon.ion.util.InputStreamInterceptor                                      : loaded 2 times (x 70B)
Class com.amazon.ion.impl.bin.IonRawBinaryWriter$PreallocationMode                    : loaded 2 times (x 82B)
Class com.amazon.ion.impl.bin._Private_IonRawWriter                                   : loaded 2 times (x 70B)
Class com.amazon.ion.IonWriter                                                        : loaded 2 times (x 70B)
Class kotlin.text.StringsKt__AppendableKt                                             : loaded 2 times (x 71B)
Class org.gradle.tooling.internal.gradle.DefaultProjectIdentifier                     : loaded 2 times (x 86B)
Class com.android.ide.common.gradle.Numeric                                           : loaded 2 times (x 77B)
Class com.google.common.collect.Sets$1                                                : loaded 2 times (x 139B)
Class org.objectweb.asm.AnnotationVisitor                                             : loaded 2 times (x 78B)
Class com.google.gson.internal.bind.TypeAdapters                                      : loaded 2 times (x 71B)
Class com.google.gson.FormattingStyle                                                 : loaded 2 times (x 78B)
Class com.google.gson.FieldNamingPolicy                                               : loaded 2 times (x 83B)
Class com.amazon.ion.impl._Private_IonContainer                                       : loaded 2 times (x 70B)
Class com.intellij.gradle.toolingExtension.impl.model.buildScriptClasspathModel.GradleBuildScriptClasspathSerializationService$ReadContext: loaded 2 times (x 72B)
Class com.google.common.collect.ComparatorOrdering                                    : loaded 2 times (x 115B)
Class org.gradle.api.internal.DefaultClassPathProvider                                : loaded 2 times (x 76B)
Class com.android.builder.model.v2.models.BasicAndroidProject                         : loaded 2 times (x 70B)
Class com.google.common.collect.Sets$2                                                : loaded 2 times (x 139B)
Class com.google.gson.JsonArray                                                       : loaded 2 times (x 100B)
Class com.google.gson.FieldNamingStrategy                                             : loaded 2 times (x 70B)
Class com.amazon.ion.impl.SharedSymbolTable                                           : loaded 2 times (x 93B)
Class com.amazon.ion.impl.bin.IonRawBinaryWriter                                      : loaded 2 times (x 168B)
Class com.amazon.ion.SymbolToken                                                      : loaded 2 times (x 70B)
Class kotlin.text.StringsKt__StringNumberConversionsJVMKt                             : loaded 2 times (x 71B)
Class com.google.common.collect.NaturalOrdering                                       : loaded 2 times (x 115B)
Class kotlin.text.MatchResult                                                         : loaded 2 times (x 70B)
Class kotlin.sequences.SequenceScope                                                  : loaded 2 times (x 73B)
Class kotlin.sequences.Sequence                                                       : loaded 2 times (x 70B)
Class org.gradle.tooling.ToolingModelContract                                         : loaded 2 times (x 70B)
Class [Lorg.gradle.api.internal.ClassPathProvider;                                    : loaded 2 times (x 69B)
Class org.gradle.api.internal.ClassPathProvider                                       : loaded 2 times (x 70B)
Class com.google.common.collect.Sets$3                                                : loaded 2 times (x 139B)
Class com.google.common.util.concurrent.AbstractFuture$SafeAtomicHelper               : loaded 2 times (x 79B)
Class com.google.common.cache.LocalCache$LocalLoadingCache                            : loaded 2 times (x 134B)
Class com.amazon.ion.impl.lite.IonBoolLite                                            : loaded 2 times (x 179B)
Class kotlin.collections.CollectionsKt___CollectionsKt$asSequence$$inlined$Sequence$1 : loaded 2 times (x 75B)
Class org.gradle.internal.service.UnknownServiceException                             : loaded 2 times (x 83B)
Class com.google.common.io.ByteArrayDataInput                                         : loaded 2 times (x 70B)
Class com.google.common.collect.Sets$4                                                : loaded 2 times (x 139B)
Class org.objectweb.asm.ModuleVisitor                                                 : loaded 2 times (x 81B)
Class com.google.common.cache.LocalCache$Strength$1                                   : loaded 2 times (x 81B)
Class org.jetbrains.kotlin.idea.gradleTooling.model.kapt.KaptGradleModel              : loaded 2 times (x 70B)
Class org.jetbrains.kotlin.idea.gradleTooling.KotlinDslScriptAdditionalTask           : loaded 2 times (x 70B)
Class org.jetbrains.plugins.gradle.model.ClasspathEntryModel                          : loaded 2 times (x 70B)
Class net.rubygrapefruit.platform.internal.Platform$MacOs64Bit                        : loaded 2 times (x 82B)
Class org.apache.commons.io.output.QueueOutputStream                                  : loaded 2 times (x 87B)
Class com.google.common.util.concurrent.SettableFuture                                : loaded 2 times (x 114B)
Class com.google.common.cache.LocalCache$Strength$2                                   : loaded 2 times (x 81B)
Class com.amazon.ion.IonTimestamp                                                     : loaded 2 times (x 70B)
Class com.amazon.ion.impl.bin.PooledBlockAllocatorProvider$PooledBlockAllocator       : loaded 2 times (x 81B)
Class com.intellij.platform.diagnostic.telemetry.rt.context.TelemetryContextGetter    : loaded 2 times (x 75B)
Class org.jetbrains.plugins.gradle.tooling.serialization.GradleExtensionsSerializationService: loaded 2 times (x 77B)
Class org.gradle.api.JavaVersion                                                      : loaded 2 times (x 79B)
Class org.gradle.tooling.model.Dependency                                             : loaded 2 times (x 70B)
Class com.google.common.io.ByteStreams                                                : loaded 2 times (x 71B)
Class net.rubygrapefruit.platform.internal.Platform$Posix                             : loaded 2 times (x 81B)
Class com.android.builder.model.v2.ide.AbstractArtifact                               : loaded 2 times (x 70B)
Class com.google.common.cache.LocalCache$Strength$3                                   : loaded 2 times (x 81B)
Class com.google.common.collect.MapDifference                                         : loaded 2 times (x 70B)
Class com.amazon.ion.IonDatagram                                                      : loaded 2 times (x 70B)
Class com.amazon.ion.impl.bin.IonManagedBinaryWriter$ImportedSymbolResolverMode$1$1   : loaded 2 times (x 78B)
Class com.amazon.ion.impl._Private_ByteTransferSink                                   : loaded 2 times (x 70B)
Class com.intellij.openapi.externalSystem.model.project.dependencies.ResolutionState  : loaded 2 times (x 79B)
Class kotlin.text.StringsKt__RegexExtensionsJVMKt                                     : loaded 2 times (x 71B)
Class com.google.common.collect.ComparisonChain$1                                     : loaded 2 times (x 81B)
Class com.google.common.collect.AllEqualOrdering                                      : loaded 2 times (x 114B)
Class kotlin.collections.ArraysKt___ArraysJvmKt                                       : loaded 2 times (x 71B)
Class kotlin.collections.CollectionsKt__CollectionsKt                                 : loaded 2 times (x 71B)
Class org.objectweb.asm.FieldWriter                                                   : loaded 2 times (x 78B)
Class com.google.common.cache.CacheBuilder$NullListener                               : loaded 2 times (x 82B)
Class com.google.gson.LongSerializationPolicy                                         : loaded 2 times (x 80B)
Class org.jetbrains.plugins.gradle.model.ExternalLibraryDependency                    : loaded 2 times (x 70B)
Class kotlin.text.Regex$Companion                                                     : loaded 2 times (x 71B)
Class org.gradle.internal.classpath.TransformedClassPath                              : loaded 2 times (x 96B)
Class org.gradle.internal.classloader.InstrumentingClassLoader                        : loaded 2 times (x 70B)
Class com.google.gson.JsonSyntaxException                                             : loaded 2 times (x 82B)
Class com.google.common.collect.ImmutableListMultimap                                 : loaded 2 times (x 176B)
Class org.apache.commons.io.output.UnsynchronizedByteArrayOutputStream                : loaded 2 times (x 102B)
Class com.google.common.cache.CacheLoader$FunctionToCacheLoader                       : loaded 2 times (x 75B)
Class com.google.gson.internal.bind.TypeAdapters$31                                   : loaded 2 times (x 76B)
Class com.google.gson.internal.bind.JsonAdapterAnnotationTypeAdapterFactory$DummyTypeAdapterFactory: loaded 2 times (x 75B)
Class com.amazon.ion.IonValue                                                         : loaded 2 times (x 70B)
Class kotlin.jvm.internal.FunctionReference                                           : loaded 2 times (x 126B)
Class [Lkotlin.coroutines.intrinsics.CoroutineSingletons;                             : loaded 2 times (x 69B)
Class kotlin.jvm.internal.FunctionBase                                                : loaded 2 times (x 70B)
Class kotlin.enums.EnumEntriesList                                                    : loaded 2 times (x 223B)
Class com.google.common.collect.EmptyImmutableListMultimap                            : loaded 2 times (x 176B)
Class com.google.common.collect.BaseImmutableMultimap                                 : loaded 2 times (x 123B)
Class org.apache.commons.io.output.ByteArrayOutputStream                              : loaded 2 times (x 102B)
Class com.google.common.base.Suppliers                                                : loaded 2 times (x 71B)
Class com.google.common.base.MoreObjects                                              : loaded 2 times (x 71B)
Class com.google.gson.internal.bind.DefaultDateTypeAdapter                            : loaded 2 times (x 74B)
Class com.google.gson.GsonBuilder                                                     : loaded 2 times (x 72B)
Class com.amazon.ion.impl.bin.IonRawBinaryWriter$ContainerType                        : loaded 2 times (x 79B)
Class com.amazon.ion.impl._Private_IonTextWriterBuilder$Mutable                       : loaded 2 times (x 102B)
Class kotlin.comparisons.ComparisonsKt___ComparisonsJvmKt                             : loaded 2 times (x 71B)
Class kotlin.collections.CollectionsKt__IteratorsJVMKt                                : loaded 2 times (x 71B)
Class com.android.builder.model.v2.ide.TestInfo$Execution                             : loaded 2 times (x 79B)
Class com.google.gson.internal.Primitives                                             : loaded 2 times (x 71B)
Class com.google.common.collect.Platform                                              : loaded 2 times (x 71B)
Class [Lorg.objectweb.asm.Type;                                                       : loaded 2 times (x 69B)
Class com.google.gson.stream.JsonWriter                                               : loaded 2 times (x 98B)
Class [Lcom.google.common.cache.CacheBuilder$OneWeigher;                              : loaded 2 times (x 69B)
Class org.jetbrains.kotlin.idea.gradleTooling.KotlinSourceSetContainer                : loaded 2 times (x 70B)
Class io.opentelemetry.context.ContextStorageWrappers                                 : loaded 2 times (x 71B)
Class io.opentelemetry.context.propagation.DefaultContextPropagators                  : loaded 2 times (x 75B)
Class org.jetbrains.plugins.gradle.model.IntelliJSettings                             : loaded 2 times (x 70B)
Class kotlin.Result                                                                   : loaded 2 times (x 72B)
Class org.gradle.internal.service.ServiceLocator                                      : loaded 2 times (x 70B)
Class com.google.common.collect.HashBiMap$BiEntry                                     : loaded 2 times (x 83B)
Class com.google.common.base.Ascii                                                    : loaded 2 times (x 71B)
Class com.google.common.collect.SingletonImmutableBiMap                               : loaded 2 times (x 143B)
Class com.google.common.cache.LocalCache$1                                            : loaded 2 times (x 89B)
Class com.google.gson.internal.bind.TypeAdapterRuntimeTypeWrapper                     : loaded 2 times (x 74B)
Class org.objectweb.asm.MethodTooLargeException                                       : loaded 2 times (x 83B)
Class com.google.common.collect.AbstractMapEntry                                      : loaded 2 times (x 81B)
Class com.amazon.ion.impl.IonWriterSystem                                             : loaded 2 times (x 171B)
Class com.amazon.ion.impl.bin.Symbols$2                                               : loaded 2 times (x 107B)
Class com.amazon.ion.impl.bin._Private_IonManagedWriter                               : loaded 2 times (x 70B)
Class com.intellij.gradle.toolingExtension.util.GradleVersionUtil                     : loaded 2 times (x 71B)
Class com.android.ide.gradle.model.GradlePropertiesModel                              : loaded 2 times (x 70B)
Class kotlin.sequences.TransformingSequence$iterator$1                                : loaded 2 times (x 79B)
Class kotlin.Pair                                                                     : loaded 2 times (x 72B)
Class org.gradle.tooling.internal.adapter.ProtocolToModelAdapter$SupportedPropertyInvoker: loaded 2 times (x 76B)
Class org.gradle.tooling.model.UnsupportedMethodException                             : loaded 2 times (x 82B)
Class com.google.common.io.ByteSource$ByteArrayByteSource                             : loaded 2 times (x 85B)
Class com.android.builder.model.v2.ide.BytecodeTransformation                         : loaded 2 times (x 79B)
Class com.google.common.collect.Sets$ImprovedAbstractSet                              : loaded 2 times (x 135B)
Class com.google.common.base.Platform$JdkPatternCompiler                              : loaded 2 times (x 75B)
Class com.google.common.collect.AbstractMultimap                                      : loaded 2 times (x 123B)
Class com.google.common.cache.LocalCache$2                                            : loaded 2 times (x 142B)
Class com.amazon.ion.impl.lite.IonContainerLite                                       : loaded 2 times (x 249B)
Class com.amazon.ion.IonBufferConfiguration$OversizedSymbolTableHandler               : loaded 2 times (x 70B)
Class com.amazon.ion.system.IonWriterBuilder                                          : loaded 2 times (x 74B)
Class org.jetbrains.plugins.gradle.tooling.serialization.ToolingStreamApiUtils        : loaded 2 times (x 71B)
Class com.amazon.ion.facet.Faceted                                                    : loaded 2 times (x 70B)
Class kotlin.collections.CollectionsKt__MutableCollectionsKt                          : loaded 2 times (x 71B)
Class org.gradle.internal.operations.MultipleBuildOperationFailures                   : loaded 2 times (x 95B)
Class com.android.builder.model.v2.ide.CodeShrinker                                   : loaded 2 times (x 79B)
Class com.google.common.util.concurrent.AbstractFuture$UnsafeAtomicHelper$1           : loaded 2 times (x 76B)
Class com.google.gson.internal.bind.MapTypeAdapterFactory$Adapter                     : loaded 2 times (x 74B)
Class com.google.gson.internal.sql.SqlTimeTypeAdapter$1                               : loaded 2 times (x 75B)
Class org.gradle.tooling.internal.adapter.MethodInvocation                            : loaded 2 times (x 85B)
Class com.amazon.ion.impl.bin.utf8.Poolable                                           : loaded 2 times (x 79B)
Class com.amazon.ion.IonSymbol                                                        : loaded 2 times (x 70B)
Class io.opentelemetry.api.trace.SpanContext                                          : loaded 2 times (x 70B)
Class io.opentelemetry.api.trace.DefaultTracer$NoopSpanBuilder                        : loaded 2 times (x 91B)
Class org.jetbrains.plugins.gradle.tooling.serialization.AnnotationProcessingModelSerializationService$WriteContext: loaded 2 times (x 72B)
Class kotlin.io.TerminateException                                                    : loaded 2 times (x 82B)
Class kotlin.io.FilesKt__FilePathComponentsKt                                         : loaded 2 times (x 71B)
Class kotlin.reflect.KCallable                                                        : loaded 2 times (x 70B)
Class kotlin.sequences.TransformingSequence                                           : loaded 2 times (x 75B)
Class com.google.common.base.Optional                                                 : loaded 2 times (x 80B)
Class com.google.common.util.concurrent.AbstractFuture$Trusted                        : loaded 2 times (x 70B)
Class io.opentelemetry.api.internal.OtelEncodingUtils                                 : loaded 2 times (x 71B)
Class org.jetbrains.kotlin.idea.gradleTooling.KotlinGradlePluginVersion               : loaded 2 times (x 70B)
Class com.intellij.gradle.toolingExtension.impl.util.collectionUtil.GradleCollections : loaded 2 times (x 71B)
Class com.amazon.ion.impl.lite.IonStructLite                                          : loaded 2 times (x 299B)
Class com.amazon.ion.impl._Private_ReaderWriter                                       : loaded 2 times (x 70B)
Class com.amazon.ion.impl.bin.AbstractSymbolTable                                     : loaded 2 times (x 107B)
Class com.amazon.ion.Decimal                                                          : loaded 2 times (x 133B)
Class com.amazon.ion.impl.bin._Private_IonManagedBinaryWriterBuilder$AllocatorMode$1  : loaded 2 times (x 80B)
Class com.intellij.compose.ide.plugin.gradleTooling.rt.ComposeResourcesModel          : loaded 2 times (x 70B)
Class org.jetbrains.plugins.gradle.tooling.serialization.ProjectDependenciesSerializationService$WriteContext: loaded 2 times (x 72B)
Class org.jetbrains.plugins.gradle.tooling.serialization.ProjectDependenciesSerializationService: loaded 2 times (x 77B)
Class kotlin.text.CharsKt                                                             : loaded 2 times (x 71B)
Class org.gradle.tooling.model.kotlin.dsl.KotlinDslScriptModel                        : loaded 2 times (x 70B)
Class org.gradle.tooling.internal.adapter.CollectionMapper                            : loaded 2 times (x 73B)
Class net.rubygrapefruit.platform.internal.Platform$Linux32Bit                        : loaded 2 times (x 83B)
Class org.jetbrains.kotlin.tooling.core.KotlinToolingVersion                          : loaded 2 times (x 75B)
Class [Lcom.android.builder.model.v2.ide.LibraryType;                                 : loaded 2 times (x 69B)
Class com.android.builder.model.v2.ide.LibraryType                                    : loaded 2 times (x 79B)
Class com.intellij.util.ThrowableConsumer                                             : loaded 2 times (x 70B)
Class com.google.common.util.concurrent.UncheckedExecutionException                   : loaded 2 times (x 82B)
Class com.google.gson.internal.bind.DefaultDateTypeAdapter$DateType                   : loaded 2 times (x 73B)
Class com.amazon.ion.impl.lite.IonFloatLite                                           : loaded 2 times (x 187B)
Class com.amazon.ion.impl._Private_IonTextWriterBuilder                               : loaded 2 times (x 102B)
Class com.amazon.ion.impl.bin._Private_IonManagedBinaryWriterBuilder$AllocatorMode$2  : loaded 2 times (x 80B)
Class io.opentelemetry.api.trace.DefaultTracerProvider                                : loaded 2 times (x 79B)
Class com.google.common.collect.ExplicitOrdering                                      : loaded 2 times (x 115B)
Class net.rubygrapefruit.platform.Native                                              : loaded 2 times (x 71B)
Class net.rubygrapefruit.platform.NativeIntegration                                   : loaded 2 times (x 70B)
Class com.google.gson.internal.bind.ReflectiveTypeAdapterFactory$1                    : loaded 2 times (x 74B)
Class org.jetbrains.plugins.gradle.ExternalDependencyId                               : loaded 2 times (x 70B)
Class com.amazon.ion.impl._Private_IonReaderBuilder                                   : loaded 2 times (x 97B)
Class com.amazon.ion.IonMutableCatalog                                                : loaded 2 times (x 70B)
Class gnu.trove.THash                                                                 : loaded 2 times (x 81B)
Class com.intellij.gradle.toolingExtension.impl.model.buildScriptClasspathModel.GradleBuildScriptClasspathSerializationService$WriteContext: loaded 2 times (x 72B)
Class org.gradle.tooling.internal.adapter.ProtocolToModelAdapter                      : loaded 2 times (x 80B)
Class org.gradle.internal.InternalTransformer                                         : loaded 2 times (x 70B)
Class [Lnet.rubygrapefruit.platform.internal.FunctionResult$Failure;                  : loaded 2 times (x 69B)
Class com.android.builder.model.v2.ide.AndroidGradlePluginProjectFlags$BooleanFlag    : loaded 2 times (x 79B)
Class com.google.common.collect.AbstractMapBasedMultimap$KeySet$1                     : loaded 2 times (x 82B)
Class com.android.ide.common.gradle.Separator                                         : loaded 2 times (x 79B)
Class org.objectweb.asm.ClassWriter                                                   : loaded 2 times (x 106B)
Class com.google.common.cache.CacheLoader$UnsupportedLoadingOperationException        : loaded 2 times (x 82B)
Class com.google.gson.TypeAdapterFactory                                              : loaded 2 times (x 70B)
Class com.google.gson.internal.bind.ReflectiveTypeAdapterFactory$2                    : loaded 2 times (x 79B)
Class [Lio.opentelemetry.context.ThreadLocalContextStorage$NoopScope;                 : loaded 2 times (x 69B)
Class io.opentelemetry.context.ThreadLocalContextStorage$NoopScope                    : loaded 2 times (x 85B)
Class kotlin.collections.MapsKt__MapsJVMKt                                            : loaded 2 times (x 71B)
Class kotlin.collections.EmptyList                                                    : loaded 2 times (x 174B)
Class org.gradle.internal.time.DefaultTimer                                           : loaded 2 times (x 80B)
Class org.gradle.internal.classloader.ClasspathUtil$1                                 : loaded 2 times (x 76B)
Class com.google.gson.internal.bind.JsonTreeReader                                    : loaded 2 times (x 98B)
Class org.objectweb.asm.FieldVisitor                                                  : loaded 2 times (x 77B)
Class com.google.gson.ToNumberStrategy                                                : loaded 2 times (x 70B)
Class com.google.gson.TypeAdapter                                                     : loaded 2 times (x 73B)
Class com.google.common.collect.IndexedImmutableSet                                   : loaded 2 times (x 152B)
Class com.google.common.collect.ImmutableMap$1                                        : loaded 2 times (x 81B)
Class com.google.common.collect.BiMap                                                 : loaded 2 times (x 70B)
Class com.amazon.ion.impl.bin.PooledBlockAllocatorProvider$PooledBlockAllocator$1     : loaded 2 times (x 79B)
Class com.amazon.ion.impl.lite.IonStringLite                                          : loaded 2 times (x 213B)
Class io.opentelemetry.context.ImplicitContextKeyed                                   : loaded 2 times (x 70B)
Class org.gradle.tooling.internal.adapter.ProtocolToModelAdapter$ViewKey              : loaded 2 times (x 72B)
Class org.gradle.api.internal.classpath.DefaultModuleRegistry$DefaultModule           : loaded 2 times (x 86B)
Class com.google.common.base.Absent                                                   : loaded 2 times (x 80B)
Class com.android.builder.model.v2.CustomSourceDirectory                              : loaded 2 times (x 70B)
Class com.google.common.primitives.Ints                                               : loaded 2 times (x 71B)
Class com.android.ide.common.repository.AgpVersion                                    : loaded 2 times (x 75B)
Class com.google.gson.internal.bind.TypeAdapters$30                                   : loaded 2 times (x 76B)
Class com.amazon.ion.impl.bin.Block                                                   : loaded 2 times (x 79B)
Class io.opentelemetry.context.DefaultContextKey                                      : loaded 2 times (x 72B)
Class com.google.common.collect.NullsFirstOrdering                                    : loaded 2 times (x 115B)
Class kotlin.ResultKt                                                                 : loaded 2 times (x 71B)
Class org.gradle.tooling.internal.adapter.ProtocolToModelAdapter$PropertyCachingMethodInvoker: loaded 2 times (x 76B)
Class com.android.builder.model.v2.models.ProjectSyncIssues                           : loaded 2 times (x 70B)
Class com.google.common.collect.ObjectArrays                                          : loaded 2 times (x 71B)
Class com.google.common.collect.Multiset                                              : loaded 2 times (x 70B)
Class com.google.common.collect.ArrayListMultimapGwtSerializationDependencies         : loaded 2 times (x 172B)
Class org.objectweb.asm.ClassVisitor                                                  : loaded 2 times (x 88B)
Class com.google.common.math.MathPreconditions                                        : loaded 2 times (x 71B)
Class com.intellij.openapi.externalSystem.model.ExternalSystemException               : loaded 2 times (x 86B)
Class org.jetbrains.plugins.gradle.model.ExternalTask                                 : loaded 2 times (x 70B)
Class com.amazon.ion.impl.bin.utf8.Utf8StringEncoderPool$1                            : loaded 2 times (x 76B)
Class com.amazon.ion.impl.lite.IonLoaderLite                                          : loaded 2 times (x 82B)
Class com.amazon.ion.impl.lite.IonContext                                             : loaded 2 times (x 70B)
Class com.amazon.ion.impl.IonWriterSystemText                                         : loaded 2 times (x 190B)
Class [Lcom.amazon.ion.impl.bin.IonManagedBinaryWriter$ImportedSymbolResolverMode;    : loaded 2 times (x 69B)
Class com.amazon.ion.ValueFactory                                                     : loaded 2 times (x 70B)
Class io.opentelemetry.api.internal.IncubatingUtil                                    : loaded 2 times (x 71B)
Class io.opentelemetry.api.GlobalOpenTelemetry$ObfuscatedOpenTelemetry                : loaded 2 times (x 92B)
Class kotlin.collections.ArraysKt__ArraysKt                                           : loaded 2 times (x 71B)
Class kotlin.Result$Failure                                                           : loaded 2 times (x 72B)
Class org.gradle.internal.time.DefaultCountdownTimer                                  : loaded 2 times (x 88B)
Class org.apache.commons.io.output.NullOutputStream                                   : loaded 2 times (x 85B)
Class com.google.gson.internal.ObjectConstructor                                      : loaded 2 times (x 70B)
Class com.google.common.collect.ImmutableMapEntrySet                                  : loaded 2 times (x 152B)
Class com.amazon.ion.impl.bin.IonManagedBinaryWriter$SymbolResolver                   : loaded 2 times (x 70B)
Class com.amazon.ion.impl._Private_SymbolToken                                        : loaded 2 times (x 70B)
Class com.amazon.ion.impl.bin._Private_IonManagedBinaryWriterBuilder$AllocatorMode    : loaded 2 times (x 80B)
Class org.jetbrains.plugins.gradle.model.GradleTaskModel                              : loaded 2 times (x 70B)
Class org.jetbrains.plugins.gradle.tooling.util.ObjectCollector                       : loaded 2 times (x 72B)
Class kotlin.collections.SetsKt__SetsJVMKt                                            : loaded 2 times (x 71B)
Class kotlin.Function                                                                 : loaded 2 times (x 70B)
Class org.gradle.tooling.internal.adapter.ProtocolToModelAdapter$AdaptingMethodInvoker: loaded 2 times (x 76B)
Class org.gradle.tooling.internal.gradle.DefaultBuildIdentifier                       : loaded 2 times (x 79B)
Class org.gradle.api.internal.classpath.Module                                        : loaded 2 times (x 70B)
Class com.google.common.cache.Weigher                                                 : loaded 2 times (x 70B)
Class [Lcom.amazon.ion.util.GzipStreamInterceptor;                                    : loaded 2 times (x 69B)
Class com.amazon.ion.impl._Private_IonReaderBuilder$Mutable                           : loaded 2 times (x 97B)
Class com.intellij.openapi.externalSystem.model.project.IExternalSystemSourceType     : loaded 2 times (x 70B)
Class kotlin.io.FileAlreadyExistsException                                            : loaded 2 times (x 82B)
Class kotlin.internal.ProgressionUtilKt                                               : loaded 2 times (x 71B)
Class org.gradle.api.internal.classpath.UnknownModuleException                        : loaded 2 times (x 82B)
Class com.google.common.base.Stopwatch                                                : loaded 2 times (x 72B)
Class com.google.common.cache.LocalCache$Strength                                     : loaded 2 times (x 81B)
Class com.google.common.cache.Cache                                                   : loaded 2 times (x 70B)
Class io.opentelemetry.api.trace.TraceStateBuilder                                    : loaded 2 times (x 70B)
Class com.intellij.openapi.externalSystem.model.project.dependencies.ProjectDependencies: loaded 2 times (x 70B)
Class org.jetbrains.plugins.gradle.tooling.serialization.ProjectDependenciesSerializationService$ReadContext: loaded 2 times (x 72B)
Class com.google.common.io.Files$2                                                    : loaded 2 times (x 76B)
Class com.google.common.util.concurrent.AbstractFuture$Cancellation                   : loaded 2 times (x 72B)
Class com.google.common.collect.ImmutableMap$Builder                                  : loaded 2 times (x 82B)
Class com.google.common.base.Present                                                  : loaded 2 times (x 81B)
Class net.rubygrapefruit.platform.internal.FunctionResult                             : loaded 2 times (x 77B)
Class com.google.common.cache.RemovalListener                                         : loaded 2 times (x 70B)
Class [Lcom.google.gson.ToNumberPolicy;                                               : loaded 2 times (x 69B)
Class com.google.gson.ToNumberPolicy                                                  : loaded 2 times (x 83B)
Class com.amazon.ion.IonBufferConfiguration                                           : loaded 2 times (x 72B)
Class com.amazon.ion.impl.bin.Symbols                                                 : loaded 2 times (x 71B)
Class org.jetbrains.plugins.gradle.tooling.serialization.RepositoriesModelSerializationService: loaded 2 times (x 82B)
Class com.android.ide.gradle.model.artifacts.AdditionalClassifierArtifactsModel       : loaded 2 times (x 70B)
Class org.gradle.tooling.internal.gradle.GradleProjectIdentity                        : loaded 2 times (x 70B)
Class org.gradle.api.internal.DefaultClassPathRegistry                                : loaded 2 times (x 76B)
Class net.rubygrapefruit.platform.NativeIntegrationLinkageException                   : loaded 2 times (x 82B)
Class com.google.common.collect.ImmutableMultimap$Keys                                : loaded 2 times (x 166B)
Class com.android.builder.model.v2.ide.JavaArtifact                                   : loaded 2 times (x 70B)
Class com.google.common.primitives.IntsMethodsForWeb                                  : loaded 2 times (x 71B)
Class [Lorg.objectweb.asm.Symbol;                                                     : loaded 2 times (x 69B)
Class [Lcom.amazon.ion.impl.bin.AbstractIonWriter$WriteValueOptimization;             : loaded 2 times (x 69B)
Class io.opentelemetry.api.internal.AutoValue_ImmutableSpanContext                    : loaded 2 times (x 92B)
Class org.jetbrains.plugins.gradle.tooling.serialization.RepositoriesModelSerializationService$ReadContext: loaded 2 times (x 72B)
Class kotlin.ranges.ClosedRange                                                       : loaded 2 times (x 70B)
Class org.gradle.api.internal.ClassPathRegistry                                       : loaded 2 times (x 70B)
Class org.gradle.internal.classpath.DefaultClassPath$ImmutableUniqueList              : loaded 2 times (x 199B)
Class com.android.utils.FileUtils                                                     : loaded 2 times (x 71B)
Class org.apache.commons.io.IOUtils                                                   : loaded 2 times (x 71B)
Class com.amazon.ion.impl.bin.IonManagedBinaryWriter$UserState                        : loaded 2 times (x 85B)
Class com.amazon.ion.impl._Private_IonWriter                                          : loaded 2 times (x 70B)
Class com.amazon.ion.impl.bin._Private_IonManagedBinaryWriterBuilder                  : loaded 2 times (x 72B)
Class com.intellij.gradle.toolingExtension.impl.model.projectModel.GradleExternalProjectSerializationService$WriteContext: loaded 2 times (x 73B)
Class kotlin.text.StringsKt__StringsJVMKt                                             : loaded 2 times (x 71B)
Class kotlin.collections.IntIterator                                                  : loaded 2 times (x 82B)
Class com.google.common.collect.NullnessCasts                                         : loaded 2 times (x 71B)
Class com.android.builder.model.v2.ide.AaptOptions$Namespacing                        : loaded 2 times (x 79B)
Class com.google.common.io.ByteSink                                                   : loaded 2 times (x 76B)
Class net.rubygrapefruit.platform.internal.jni.NativeLibraryFunctions                 : loaded 2 times (x 71B)
Class com.android.builder.model.v2.dsl.SigningConfig                                  : loaded 2 times (x 70B)
Class com.android.builder.model.v2.models.AndroidProject                              : loaded 2 times (x 70B)
Class com.android.builder.model.v2.AndroidModel                                       : loaded 2 times (x 70B)
Class com.google.common.cache.CacheBuilder                                            : loaded 2 times (x 72B)
Class com.google.gson.internal.bind.ArrayTypeAdapter$1                                : loaded 2 times (x 75B)
Class com.google.gson.internal.bind.JsonTreeWriter                                    : loaded 2 times (x 98B)
Class org.gradle.tooling.internal.adapter.TargetTypeProvider                          : loaded 2 times (x 70B)
Class Settings_gradle$1                                                               : loaded 2 times (x 74B)
Class [Lcom.amazon.ion.SymbolToken;                                                   : loaded 2 times (x 69B)
Class io.opentelemetry.api.trace.ImmutableTraceFlags                                  : loaded 2 times (x 77B)
Class kotlin.text.StringsKt__IndentKt                                                 : loaded 2 times (x 71B)
Class kotlin.collections.SetsKt                                                       : loaded 2 times (x 71B)
Class org.gradle.internal.classpath.ClassPath                                         : loaded 2 times (x 70B)
Class org.gradle.api.UncheckedIOException                                             : loaded 2 times (x 82B)
Class com.google.common.io.Files$FileByteSource                                       : loaded 2 times (x 85B)
Class com.google.common.base.JdkPattern                                               : loaded 2 times (x 75B)
Class kotlin.ranges.IntProgression$Companion                                          : loaded 2 times (x 71B)
Class org.jetbrains.plugins.gradle.model.ExternalProjectDependency                    : loaded 2 times (x 70B)
Class org.jetbrains.plugins.gradle.tooling.serialization.KotlinDslScriptsModelSerializationService: loaded 2 times (x 81B)
Class kotlin.reflect.KFunction                                                        : loaded 2 times (x 70B)
Class kotlin.collections.ArrayDeque                                                   : loaded 2 times (x 207B)
Class net.rubygrapefruit.platform.internal.Platform$Windows                           : loaded 2 times (x 79B)
Class org.objectweb.asm.SymbolTable$Entry                                             : loaded 2 times (x 74B)
Class com.google.common.util.concurrent.AbstractFuture$AtomicHelper                   : loaded 2 times (x 78B)
Class com.amazon.ion.system.IonSystemBuilder$Mutable                                  : loaded 2 times (x 75B)
Class com.amazon.ion.impl.bin.IonManagedBinaryWriter$SymbolResolverBuilder            : loaded 2 times (x 70B)
Class org.jetbrains.kotlin.idea.gradleTooling.KotlinGradleModel                       : loaded 2 times (x 70B)
Class [Lio.opentelemetry.api.trace.TraceFlags;                                        : loaded 2 times (x 69B)
Class [Lio.opentelemetry.context.ContextStorage;                                      : loaded 2 times (x 69B)
Class com.intellij.platform.diagnostic.telemetry.rt.context.TelemetryContext          : loaded 2 times (x 134B)
Class org.jetbrains.plugins.gradle.tooling.serialization.ExternalTestsSerializationService$WriteContext: loaded 2 times (x 72B)
Class kotlin.collections.MapsKt__MapsKt                                               : loaded 2 times (x 71B)
Class com.android.builder.model.v2.ide.Variant                                        : loaded 2 times (x 70B)
Class org.objectweb.asm.Edge                                                          : loaded 2 times (x 72B)
Class com.google.common.base.Suppliers$SupplierOfInstance                             : loaded 2 times (x 79B)
Class com.google.gson.internal.bind.ReflectiveTypeAdapterFactory                      : loaded 2 times (x 75B)
Class com.google.gson.internal.sql.SqlTimestampTypeAdapter                            : loaded 2 times (x 76B)
Class org.jetbrains.plugins.gradle.model.GradleExtensions                             : loaded 2 times (x 70B)
Class com.amazon.ion.impl.bin.IonManagedBinaryWriter$LocalSymbolTableView             : loaded 2 times (x 119B)
Class com.amazon.ion.impl.bin.IonRawBinaryWriter$ThrowingRunnable                     : loaded 2 times (x 70B)
Class io.opentelemetry.context.ThreadLocalContextStorage                              : loaded 2 times (x 85B)
Class org.gradle.tooling.model.Model                                                  : loaded 2 times (x 70B)
Class com.google.common.cache.LocalCache$ComputingValueReference                      : loaded 2 times (x 96B)
Class com.google.gson.internal.sql.SqlDateTypeAdapter$1                               : loaded 2 times (x 75B)
Class org.jetbrains.plugins.gradle.model.AnnotationProcessingModel                    : loaded 2 times (x 70B)
Class com.google.common.collect.ImmutableMap$IteratorBasedImmutableMap                : loaded 2 times (x 126B)
Class com.amazon.ion.UnknownSymbolException                                           : loaded 2 times (x 86B)
Class com.android.ide.gradle.model.composites.BuildMap                                : loaded 2 times (x 70B)
Class kotlin.text.MatchResult$Destructured                                            : loaded 2 times (x 72B)
Class kotlin.Metadata                                                                 : loaded 2 times (x 70B)
Class kotlin.UninitializedPropertyAccessException                                     : loaded 2 times (x 82B)
Class com.android.builder.model.v2.ide.Library                                        : loaded 2 times (x 70B)
Class com.android.builder.model.v2.ide.ArtifactDependenciesAdjacencyList              : loaded 2 times (x 70B)
Class com.android.builder.model.v2.models.Versions                                    : loaded 2 times (x 70B)
Class com.google.common.cache.LocalCache$Segment                                      : loaded 2 times (x 154B)
Class io.opentelemetry.context.Context                                                : loaded 2 times (x 70B)
Class org.jetbrains.plugins.gradle.model.IntelliJProjectSettings                      : loaded 2 times (x 70B)
Class org.gradle.tooling.internal.adapter.ProtocolToModelAdapter$MethodInvocationCache: loaded 2 times (x 73B)
Class [Lcom.google.common.base.Supplier;                                              : loaded 2 times (x 69B)
Class io.opentelemetry.context.ContextStorageProvider                                 : loaded 2 times (x 70B)
Class net.rubygrapefruit.platform.internal.LibraryDef                                 : loaded 2 times (x 72B)
Class com.android.builder.model.v2.models.ndk.NativeModule                            : loaded 2 times (x 70B)
Class com.google.common.collect.AbstractListMultimap                                  : loaded 2 times (x 172B)
Class [Lorg.objectweb.asm.SymbolTable$Entry;                                          : loaded 2 times (x 69B)
Class com.google.common.cache.CacheLoader                                             : loaded 2 times (x 74B)
Class com.google.gson.internal.bind.ReflectiveTypeAdapterFactory$Adapter              : loaded 2 times (x 77B)
Class com.google.gson.internal.bind.TypeAdapters$10                                   : loaded 2 times (x 75B)
Class com.amazon.ion.system.IonBinaryWriterBuilder                                    : loaded 2 times (x 99B)
Class com.google.common.collect.ImmutableBiMap                                        : loaded 2 times (x 143B)
Class org.jetbrains.plugins.gradle.model.ExternalDependency                           : loaded 2 times (x 70B)
Class com.intellij.util.containers.IntObjectHashMap                                   : loaded 2 times (x 72B)
Class org.gradle.internal.installation.GradleInstallation$1                           : loaded 2 times (x 75B)
Class org.gradle.api.internal.classpath.ModuleRegistry                                : loaded 2 times (x 70B)
Class org.apache.commons.io.output.NullWriter                                         : loaded 2 times (x 99B)
Class com.google.common.util.concurrent.internal.InternalFutureFailureAccess          : loaded 2 times (x 72B)
Class com.google.gson.internal.bind.TypeAdapters$11                                   : loaded 2 times (x 75B)
Class [Lcom.google.gson.FieldNamingPolicy;                                            : loaded 2 times (x 69B)
Class com.android.ide.common.repository.AgpVersion$PreviewKind$Companion              : loaded 2 times (x 71B)
Class com.amazon.ion.impl.bin.IonManagedBinaryWriter$UserState$4                      : loaded 2 times (x 85B)
Class com.google.common.collect.ImmutableSet$JdkBackedSetBuilderImpl                  : loaded 2 times (x 76B)
Class com.amazon.ion.impl.bin.IonManagedBinaryWriter$SymbolState$1                    : loaded 2 times (x 80B)
Class com.amazon.ion.impl.LocalSymbolTableAsStruct$Factory                            : loaded 2 times (x 79B)
Class [Lcom.amazon.ion.IonType;                                                       : loaded 2 times (x 69B)
Class org.jetbrains.plugins.gradle.model.VersionCatalogsModel                         : loaded 2 times (x 70B)
Class com.intellij.gradle.toolingExtension.impl.model.sourceSetDependencyModel.GradleSourceSetDependencySerialisationService$SourceSetDependencyModelReadContext: loaded 2 times (x 72B)
Class com.intellij.gradle.toolingExtension.impl.model.dependencyModel.DependencyReadContext: loaded 2 times (x 72B)
Class org.gradle.tooling.internal.adapter.ObjectGraphAdapter                          : loaded 2 times (x 70B)
Class com.google.common.collect.ImmutableMultimap$Values                              : loaded 2 times (x 126B)
Class com.android.builder.model.v2.ide.Installation                                   : loaded 2 times (x 70B)
Class com.google.common.util.concurrent.AbstractFuture$UnsafeAtomicHelper             : loaded 2 times (x 78B)
Class com.google.common.cache.LocalCache$LocalManualCache$1                           : loaded 2 times (x 75B)
Class org.jetbrains.plugins.gradle.model.UnresolvedExternalDependency                 : loaded 2 times (x 70B)
Class com.google.gson.internal.bind.TypeAdapters$12                                   : loaded 2 times (x 75B)
Class [Lcom.google.gson.ToNumberStrategy;                                             : loaded 2 times (x 69B)
Class org.jetbrains.plugins.gradle.model.ProjectImportModelProvider                   : loaded 2 times (x 70B)
Class org.jetbrains.plugins.gradle.model.ExternalSourceSet                            : loaded 2 times (x 70B)
Class com.amazon.ion.impl.bin.IonManagedBinaryWriter$SymbolState$2                    : loaded 2 times (x 80B)
Class com.amazon.ion.IonNull                                                          : loaded 2 times (x 70B)
Class com.intellij.gradle.toolingExtension.impl.model.warmUp.GradleTaskWarmUpRequest  : loaded 2 times (x 70B)
Class com.android.ide.gradle.model.LegacyAndroidGradlePluginPropertiesModelParameters : loaded 2 times (x 70B)
Class com.google.common.collect.ImmutableSortedAsList                                 : loaded 2 times (x 221B)
Class kotlin.text.RegexKt                                                             : loaded 2 times (x 71B)
Class kotlin.coroutines.intrinsics.IntrinsicsKt__IntrinsicsKt                         : loaded 2 times (x 71B)
Class net.rubygrapefruit.platform.internal.Platform$Window32Bit                       : loaded 2 times (x 79B)
Class com.android.builder.model.v2.models.ModelBuilderParameter                       : loaded 2 times (x 70B)
Class com.google.common.collect.ImmutableMap$MapViewOfValuesAsSingletonSets           : loaded 2 times (x 126B)
Class com.google.gson.internal.bind.TypeAdapters$13                                   : loaded 2 times (x 75B)
Class com.google.common.collect.RegularImmutableMap                                   : loaded 2 times (x 121B)
Class com.amazon.ion.impl.bin.IonRawBinaryWriter$ContainerInfo                        : loaded 2 times (x 74B)
Class com.amazon.ion.impl.bin.IonManagedBinaryWriter$SymbolState$3                    : loaded 2 times (x 80B)
Class com.amazon.ion.impl.bin.IonRawBinaryWriter$StreamFlushMode                      : loaded 2 times (x 79B)
Class com.amazon.ion.IonBinaryWriter                                                  : loaded 2 times (x 70B)
Class com.intellij.gradle.toolingExtension.impl.model.sourceSetArtifactIndex.GradleSourceSetArtifactBuildRequest: loaded 2 times (x 70B)
Class kotlin.io.FilesKt__UtilsKt                                                      : loaded 2 times (x 71B)
Class com.google.common.collect.Lists$TransformingRandomAccessList                    : loaded 2 times (x 199B)
Class kotlin.collections.CollectionsKt__CollectionsJVMKt                              : loaded 2 times (x 71B)
Class org.gradle.api.internal.classpath.DefaultModuleRegistry                         : loaded 2 times (x 86B)
Class com.google.gson.stream.MalformedJsonException                                   : loaded 2 times (x 82B)
Class com.google.common.util.concurrent.ListenableFuture                              : loaded 2 times (x 70B)
Class com.google.common.cache.ReferenceEntry                                          : loaded 2 times (x 70B)
Class com.google.gson.internal.bind.NumberTypeAdapter$1                               : loaded 2 times (x 76B)
Class com.google.gson.internal.bind.TypeAdapters$1                                    : loaded 2 times (x 75B)
Class com.google.gson.internal.bind.TypeAdapters$14                                   : loaded 2 times (x 75B)
Class com.google.common.base.Converter                                                : loaded 2 times (x 90B)
Class com.android.builder.model.v2.ide.AndroidArtifact                                : loaded 2 times (x 70B)
Class com.amazon.ion.impl.bin.IonManagedBinaryWriter$SymbolState$4                    : loaded 2 times (x 80B)
Class [Lcom.amazon.ion.util.InputStreamInterceptor;                                   : loaded 2 times (x 69B)
Class org.jetbrains.plugins.gradle.tooling.serialization.internal.IdeaProjectSerializationService$WriteContext$1: loaded 2 times (x 83B)
Class org.jetbrains.plugins.gradle.model.ExternalProject                              : loaded 2 times (x 70B)
Class kotlin.sequences.SequencesKt                                                    : loaded 2 times (x 71B)
Class kotlin.collections.CollectionsKt__IteratorsKt                                   : loaded 2 times (x 71B)
Class [Lcom.android.builder.model.v2.ide.CodeShrinker;                                : loaded 2 times (x 69B)
Class com.google.common.collect.AbstractMapBasedMultimap                              : loaded 2 times (x 139B)
Class com.google.common.util.concurrent.AbstractFuture                                : loaded 2 times (x 106B)
Class com.google.common.base.FunctionalEquivalence                                    : loaded 2 times (x 83B)
Class com.google.gson.Strictness                                                      : loaded 2 times (x 79B)
Class com.google.gson.internal.sql.SqlTypesSupport$1                                  : loaded 2 times (x 74B)
Class com.google.gson.internal.bind.TypeAdapters$2                                    : loaded 2 times (x 75B)
Class com.google.gson.internal.bind.TypeAdapters$15                                   : loaded 2 times (x 75B)
Class net.rubygrapefruit.platform.NativeException                                     : loaded 2 times (x 82B)
Class com.google.common.io.ByteArrayDataOutput                                        : loaded 2 times (x 70B)
Class com.amazon.ion.impl.bin.utf8.Pool                                               : loaded 2 times (x 74B)
Class org.jetbrains.plugins.gradle.tooling.serialization.internal.IdeaProjectSerializationService$WriteContext$2: loaded 2 times (x 83B)
Class kotlin.text.StringsKt                                                           : loaded 2 times (x 71B)
Class com.google.common.collect.ImmutableMultiset                                     : loaded 2 times (x 163B)
Class org.objectweb.asm.RecordComponentVisitor                                        : loaded 2 times (x 77B)
Class com.google.common.cache.CacheLoader$SupplierToCacheLoader                       : loaded 2 times (x 75B)
Class com.google.gson.internal.sql.SqlTypesSupport$2                                  : loaded 2 times (x 74B)
Class com.google.gson.internal.bind.TypeAdapters$16                                   : loaded 2 times (x 75B)
Class com.google.gson.internal.bind.TypeAdapters$3                                    : loaded 2 times (x 75B)
Class com.amazon.ion.impl._Private_IonSymbol                                          : loaded 2 times (x 70B)
Class com.amazon.ion.impl.lite.IonValueLite                                           : loaded 2 times (x 148B)
Class com.amazon.ion.IonContainer                                                     : loaded 2 times (x 70B)
Class com.amazon.ion.impl.bin.PooledBlockAllocatorProvider                            : loaded 2 times (x 73B)
Class [Lio.opentelemetry.context.Scope;                                               : loaded 2 times (x 69B)
Class org.jetbrains.plugins.gradle.tooling.serialization.AnnotationProcessingModelSerializationService$ReadContext: loaded 2 times (x 72B)
Class org.jetbrains.plugins.gradle.tooling.serialization.internal.IdeaProjectSerializationService$WriteContext$3: loaded 2 times (x 83B)
Class gnu.trove.TObjectHash$NULL                                                      : loaded 2 times (x 71B)
Class org.gradle.util.internal.DefaultGradleVersion$Stage                             : loaded 2 times (x 75B)
Class kotlin.coroutines.jvm.internal.RestrictedContinuationImpl                       : loaded 2 times (x 87B)
Class com.google.gson.internal.bind.TypeAdapters$17                                   : loaded 2 times (x 75B)
Class com.google.gson.internal.bind.TypeAdapters$4                                    : loaded 2 times (x 75B)
Class com.google.common.collect.Maps$EntryTransformer                                 : loaded 2 times (x 70B)
Class org.jetbrains.kotlin.idea.gradleTooling.AndroidAwareGradleModelProvider         : loaded 2 times (x 79B)
Class com.intellij.gradle.toolingExtension.impl.telemetry.GradleOpenTelemetry         : loaded 2 times (x 72B)
Class org.jetbrains.plugins.gradle.tooling.serialization.internal.IdeaProjectSerializationService$WriteContext$4: loaded 2 times (x 83B)
Class com.intellij.gradle.toolingExtension.impl.model.sourceSetDependencyModel.GradleSourceSetDependencySerialisationService$Companion: loaded 2 times (x 71B)
Class [Lkotlin.Pair;                                                                  : loaded 2 times (x 69B)
Class kotlin.text.StringsKt__StringNumberConversionsKt                                : loaded 2 times (x 71B)
Class kotlin.io.FilesKt__FileReadWriteKt                                              : loaded 2 times (x 71B)
Class com.google.common.collect.UsingToStringOrdering                                 : loaded 2 times (x 114B)
Class kotlin.text.MatchNamedGroupCollection                                           : loaded 2 times (x 70B)
Class kotlin.jvm.internal.markers.KMutableList                                        : loaded 2 times (x 70B)
Class org.gradle.internal.time.MonotonicClock                                         : loaded 2 times (x 77B)
Class org.gradle.internal.service.ServiceLookupException                              : loaded 2 times (x 82B)
Class org.gradle.api.internal.classpath.ManifestUtil                                  : loaded 2 times (x 71B)
Class com.google.gson.annotations.JsonAdapter                                         : loaded 2 times (x 70B)
Class org.gradle.tooling.internal.adapter.ProtocolToModelAdapter$InvocationHandlerImpl: loaded 2 times (x 77B)
Class [Lcom.google.common.cache.LocalCache$EntryFactory;                              : loaded 2 times (x 69B)
Class com.google.gson.internal.bind.SerializationDelegatingTypeAdapter                : loaded 2 times (x 74B)
Class com.google.gson.internal.bind.TypeAdapters$18                                   : loaded 2 times (x 75B)
Class com.google.gson.internal.bind.TypeAdapters$5                                    : loaded 2 times (x 75B)
Class com.amazon.ion.BufferConfiguration$Builder                                      : loaded 2 times (x 78B)
Class com.intellij.gradle.toolingExtension.util.GradleVersionSpecificsUtil            : loaded 2 times (x 71B)
Class io.opentelemetry.context.ContextStorage                                         : loaded 2 times (x 70B)
Class org.jetbrains.plugins.gradle.tooling.serialization.internal.IdeaProjectSerializationService$WriteContext$5: loaded 2 times (x 83B)
Class com.intellij.gradle.toolingExtension.impl.model.sourceSetDependencyModel.GradleSourceSetDependencySerialisationService$SourceSetDependencyModelWriteContext: loaded 2 times (x 72B)
Class kotlin.sequences.SequencesKt___SequencesKt$sortedWith$1                         : loaded 2 times (x 75B)
Class org.gradle.internal.classloader.ClassLoaderFactory                              : loaded 2 times (x 70B)
Class net.rubygrapefruit.platform.internal.Platform$Linux                             : loaded 2 times (x 83B)
Class org.gradle.tooling.model.build.GradleEnvironment                                : loaded 2 times (x 70B)
Class com.android.builder.model.v2.ide.LibraryInfo                                    : loaded 2 times (x 70B)
Class org.apache.commons.io.CloseableURLConnection                                    : loaded 2 times (x 116B)
Class com.google.common.base.CommonPattern                                            : loaded 2 times (x 74B)
Class com.google.common.cache.LocalCache$LocalManualCache                             : loaded 2 times (x 99B)
Class org.jetbrains.plugins.gradle.tooling.util.IntObjectMap$ObjectFactory            : loaded 2 times (x 70B)
Class com.google.gson.internal.bind.ReflectiveTypeAdapterFactory$FieldReflectionAdapter: loaded 2 times (x 77B)
Class com.google.gson.internal.bind.TypeAdapters$19                                   : loaded 2 times (x 75B)
Class com.google.gson.internal.bind.TypeAdapters$6                                    : loaded 2 times (x 75B)
Class com.amazon.ion.impl.bin.IntList                                                 : loaded 2 times (x 77B)
Class com.amazon.ion.impl.lite._Private_LiteDomTrampoline                             : loaded 2 times (x 71B)
Class com.amazon.ion.IonType                                                          : loaded 2 times (x 79B)
Class org.jetbrains.plugins.gradle.tooling.serialization.internal.IdeaProjectSerializationService$WriteContext$6: loaded 2 times (x 83B)
Class org.jetbrains.plugins.gradle.tooling.util.IntObjectMap                          : loaded 2 times (x 73B)
Class org.gradle.internal.service.CachingServiceLocator                               : loaded 2 times (x 82B)
Class [Lio.opentelemetry.api.trace.ImmutableTraceFlags;                               : loaded 2 times (x 69B)
Class com.google.common.collect.Streams                                               : loaded 2 times (x 71B)
Class com.google.common.collect.AbstractMapBasedMultimap$KeySet                       : loaded 2 times (x 137B)
Class com.google.gson.annotations.SerializedName                                      : loaded 2 times (x 70B)
Class com.google.gson.internal.bind.TypeAdapters$7                                    : loaded 2 times (x 75B)
Class com.google.common.math.IntMath                                                  : loaded 2 times (x 71B)
Class com.amazon.ion.impl.lite.ValueFactoryLite                                       : loaded 2 times (x 218B)
Class org.jetbrains.plugins.gradle.model.RepositoryModels                             : loaded 2 times (x 70B)
Class org.jetbrains.plugins.gradle.tooling.serialization.internal.IdeaProjectSerializationService$WriteContext$7: loaded 2 times (x 83B)
Class kotlin.collections.AbstractList$SubList                                         : loaded 2 times (x 198B)
Class kotlin.jvm.internal.CallableReference                                           : loaded 2 times (x 110B)
Class [Lcom.google.common.collect.HashBiMap$BiEntry;                                  : loaded 2 times (x 69B)
Class com.google.gson.internal.bind.CollectionTypeAdapterFactory$Adapter              : loaded 2 times (x 74B)
Class com.google.gson.internal.bind.TypeAdapters$8                                    : loaded 2 times (x 75B)
Class com.google.common.collect.ImmutableMapEntry                                     : loaded 2 times (x 85B)
Class com.amazon.ion.impl.bin.WriteBuffer                                             : loaded 2 times (x 78B)
Class com.amazon.ion.impl.bin.IonManagedBinaryWriter                                  : loaded 2 times (x 165B)
Class org.jetbrains.plugins.gradle.tooling.serialization.internal.IdeaProjectSerializationService$WriteContext$8: loaded 2 times (x 83B)
Class gnu.trove.TObjectIntProcedure                                                   : loaded 2 times (x 70B)
Class [Lorg.gradle.api.JavaVersion;                                                   : loaded 2 times (x 69B)
Class kotlin.ranges.IntRange                                                          : loaded 2 times (x 93B)
Class org.gradle.tooling.model.idea.IdeaDependencyScope                               : loaded 2 times (x 70B)
Class org.gradle.internal.time.TimeSource                                             : loaded 2 times (x 70B)
Class org.gradle.tooling.model.kotlin.dsl.KotlinDslScriptsModel                       : loaded 2 times (x 70B)
Class com.google.common.collect.ImmutableMultimap                                     : loaded 2 times (x 147B)
Class com.android.builder.model.v2.ide.TestInfo                                       : loaded 2 times (x 70B)
Class com.google.common.base.Equivalence                                              : loaded 2 times (x 82B)
Class com.google.gson.internal.bind.TypeAdapters$9                                    : loaded 2 times (x 75B)
Class com.amazon.ion.IonException                                                     : loaded 2 times (x 84B)
Class com.google.common.collect.ImmutableMapEntry$NonTerminalImmutableMapEntry        : loaded 2 times (x 85B)
Class com.amazon.ion.impl.lite.IonBlobLite                                            : loaded 2 times (x 220B)
Class com.amazon.ion.impl.LocalSymbolTable                                            : loaded 2 times (x 127B)
Class org.jetbrains.plugins.gradle.tooling.serialization.SerializationService         : loaded 2 times (x 70B)
Class org.gradle.tooling.internal.gradle.GradleBuildIdentity                          : loaded 2 times (x 70B)
Class kotlin.enums.EnumEntries                                                        : loaded 2 times (x 70B)
Class com.google.common.collect.IndexedImmutableSet$1                                 : loaded 2 times (x 213B)
Class com.android.builder.model.v2.ide.JavaCompileOptions                             : loaded 2 times (x 70B)
Class org.apache.commons.io.output.AbstractByteArrayOutputStream                      : loaded 2 times (x 102B)
Class com.google.common.cache.CacheBuilder$OneWeigher                                 : loaded 2 times (x 82B)
Class com.google.gson.JsonParseException                                              : loaded 2 times (x 82B)
Class com.amazon.ion.util.GzipStreamInterceptor                                       : loaded 2 times (x 85B)
Class com.amazon.ion.IonList                                                          : loaded 2 times (x 70B)
Class org.jetbrains.plugins.gradle.tooling.serialization.internal.adapter.Supplier    : loaded 2 times (x 70B)
Class org.gradle.tooling.internal.adapter.ProtocolToModelAdapter$MixInMappingAction   : loaded 2 times (x 80B)
Class org.gradle.internal.exceptions.ResolutionProvider                               : loaded 2 times (x 70B)
Class net.rubygrapefruit.platform.internal.Platform$Unsupported                       : loaded 2 times (x 79B)
Class net.rubygrapefruit.platform.internal.Platform$FreeBSD32Bit                      : loaded 2 times (x 82B)
Class com.amazon.ion.IonSystem                                                        : loaded 2 times (x 70B)
Class com.amazon.ion.impl.bin.IonManagedBinaryWriter$ImportedSymbolContext            : loaded 2 times (x 72B)
Class kotlin.text.MatchResult$DefaultImpls                                            : loaded 2 times (x 71B)
Class org.gradle.tooling.model.idea.IdeaCompilerOutput                                : loaded 2 times (x 70B)
Class org.gradle.tooling.model.ProjectIdentifier                                      : loaded 2 times (x 70B)
Class org.gradle.internal.classloader.ClasspathUtil                                   : loaded 2 times (x 71B)
Class net.rubygrapefruit.platform.internal.Platform$Unix                              : loaded 2 times (x 82B)
Class com.android.builder.model.v2.ide.ComponentInfo                                  : loaded 2 times (x 70B)
Class org.jetbrains.kotlin.tooling.core.HasExtras                                     : loaded 2 times (x 70B)
Class com.google.common.base.Charsets                                                 : loaded 2 times (x 71B)
Class com.google.common.util.concurrent.Uninterruptibles                              : loaded 2 times (x 71B)
Class com.android.builder.model.v2.ide.ProjectType                                    : loaded 2 times (x 79B)
Class com.intellij.gradle.toolingExtension.impl.model.sourceSetModel.GradleSourceSetSerialisationService: loaded 2 times (x 77B)
Class kotlin.io.FileSystemException                                                   : loaded 2 times (x 82B)
Class com.google.common.collect.ComparisonChain                                       : loaded 2 times (x 80B)
Class com.google.common.io.CharSource                                                 : loaded 2 times (x 85B)
Class com.android.builder.model.v2.dsl.BaseConfig                                     : loaded 2 times (x 70B)
Class com.google.common.collect.Maps                                                  : loaded 2 times (x 71B)
Class com.amazon.ion.impl.lite.IonIntLite                                             : loaded 2 times (x 190B)
Class com.amazon.ion.impl._Private_IonReaderBuilder$TwoElementInputStream             : loaded 2 times (x 92B)
Class com.amazon.ion.util._Private_FastAppendable                                     : loaded 2 times (x 70B)
Class [Lcom.amazon.ion.impl.bin.IonRawBinaryWriter$PreallocationMode;                 : loaded 2 times (x 69B)
Class io.opentelemetry.context.propagation.TextMapGetter                              : loaded 2 times (x 70B)
Class org.gradle.internal.time.TimeSource$1                                           : loaded 2 times (x 77B)
Class kotlin.jvm.internal.DefaultConstructorMarker                                    : loaded 2 times (x 71B)
Class org.gradle.api.specs.Spec                                                       : loaded 2 times (x 70B)
Class com.google.gson.internal.sql.SqlDateTypeAdapter                                 : loaded 2 times (x 74B)
Class [Lcom.google.common.collect.ImmutableEntry;                                     : loaded 2 times (x 69B)
Class com.amazon.ion.impl.lite.IonSexpLite                                            : loaded 2 times (x 491B)
Class com.amazon.ion.impl.lite.IonListLite                                            : loaded 2 times (x 491B)
Class com.amazon.ion.IonFloat                                                         : loaded 2 times (x 70B)
Class io.opentelemetry.context.ThreadLocalContextStorage$ScopeImpl                    : loaded 2 times (x 79B)
Class com.google.common.cache.LocalCache$LoadingValueReference                        : loaded 2 times (x 96B)
Class com.amazon.ion.impl.LocalSymbolTable$Factory                                    : loaded 2 times (x 77B)
Class com.amazon.ion.impl.bin.IonManagedBinaryWriter$ImportedSymbolResolverMode       : loaded 2 times (x 80B)
Class com.intellij.gradle.toolingExtension.impl.model.buildScriptClasspathModel.GradleBuildScriptClasspathSerializationService: loaded 2 times (x 77B)
Class Build_gradle$1                                                                  : loaded 2 times (x 75B)
Class com.google.common.collect.CollectSpliterators                                   : loaded 2 times (x 71B)
Class com.google.common.base.Platform                                                 : loaded 2 times (x 71B)
Class com.google.gson.internal.bind.ReflectiveTypeAdapterFactory$RecordAdapter        : loaded 2 times (x 77B)
Class com.amazon.ion.impl.LocalSymbolTableAsStruct                                    : loaded 2 times (x 132B)
Class com.amazon.ion.impl.lite.IonTimestampLite                                       : loaded 2 times (x 193B)
Class org.jetbrains.plugins.gradle.model.FileCollectionDependency                     : loaded 2 times (x 70B)
Class io.opentelemetry.api.trace.SpanBuilder                                          : loaded 2 times (x 70B)
Class io.opentelemetry.api.DefaultOpenTelemetry                                       : loaded 2 times (x 89B)
Class com.intellij.gradle.toolingExtension.impl.model.utilDummyModel.DummyModel       : loaded 2 times (x 70B)
Class kotlin.text.StringsKt__RegexExtensionsKt                                        : loaded 2 times (x 71B)
Class kotlin.collections.EmptyIterator                                                : loaded 2 times (x 89B)
Class org.gradle.internal.time.Clock                                                  : loaded 2 times (x 70B)
Class com.android.builder.model.v2.dsl.ProductFlavor                                  : loaded 2 times (x 70B)
Class [Lcom.android.builder.model.v2.ide.TestInfo$Execution;                          : loaded 2 times (x 69B)
Class com.google.gson.internal.reflect.ReflectionHelper$RecordNotSupportedHelper      : loaded 2 times (x 78B)
Class com.google.gson.JsonIOException                                                 : loaded 2 times (x 82B)
Class com.google.common.collect.Maps$8                                                : loaded 2 times (x 82B)
Class com.amazon.ion.IonString                                                        : loaded 2 times (x 70B)
Class io.opentelemetry.context.propagation.TextMapPropagator                          : loaded 2 times (x 70B)
Class org.jetbrains.plugins.gradle.model.GradleSourceSetDependencyModel               : loaded 2 times (x 70B)
Class kotlin.io.FilePathComponents                                                    : loaded 2 times (x 72B)
Class com.google.common.collect.CompoundOrdering                                      : loaded 2 times (x 115B)
Class kotlin.sequences.SequencesKt__SequencesJVMKt                                    : loaded 2 times (x 71B)
Class kotlin.coroutines.jvm.internal.RestrictedSuspendLambda                          : loaded 2 times (x 91B)
Class org.gradle.tooling.internal.adapter.TypeInspector                               : loaded 2 times (x 73B)
Class org.gradle.tooling.internal.adapter.ProtocolToModelAdapter$NoOpDecoration       : loaded 2 times (x 79B)
Class org.gradle.tooling.model.Element                                                : loaded 2 times (x 70B)
Class kotlin.collections.AbstractList                                                 : loaded 2 times (x 197B)
Class kotlin.collections.AbstractCollection                                           : loaded 2 times (x 117B)
Class com.amazon.ion.impl.bin.IonManagedBinaryWriter$UserState$3                      : loaded 2 times (x 85B)
Class com.google.gson.JsonObject                                                      : loaded 2 times (x 93B)
Class org.jetbrains.kotlin.tooling.core.Extras                                        : loaded 2 times (x 70B)
Class com.google.common.collect.Sets$SetView                                          : loaded 2 times (x 138B)
Class com.google.common.cache.LocalCache$StrongValueReference                         : loaded 2 times (x 90B)
Class com.google.common.util.concurrent.AbstractFuture$SynchronizedHelper             : loaded 2 times (x 78B)
Class com.amazon.ion.BufferConfiguration                                              : loaded 2 times (x 72B)
Class com.amazon.ion.system.SimpleCatalog                                             : loaded 2 times (x 91B)
Class io.opentelemetry.context.ArrayBasedContext                                      : loaded 2 times (x 100B)
Class com.intellij.gradle.toolingExtension.impl.model.taskModel.GradleTaskSerialisationService: loaded 2 times (x 76B)
Class com.android.ide.gradle.model.LegacyV1AgpVersionModel                            : loaded 2 times (x 70B)
Class kotlin.text.StringsKt__StringBuilderJVMKt                                       : loaded 2 times (x 71B)
Class kotlin.text.Regex                                                               : loaded 2 times (x 72B)
Class kotlin.sequences.SequencesKt__SequenceBuilderKt$sequence$$inlined$Sequence$1    : loaded 2 times (x 75B)
Class kotlin.Triple                                                                   : loaded 2 times (x 72B)
Class com.google.common.graph.SuccessorsFunction                                      : loaded 2 times (x 70B)
Class org.objectweb.asm.Type                                                          : loaded 2 times (x 72B)
Class com.google.gson.LongSerializationPolicy$1                                       : loaded 2 times (x 80B)
Class org.jetbrains.plugins.gradle.tooling.util.IntObjectMap$1                        : loaded 2 times (x 77B)
Class org.gradle.tooling.model.internal.ImmutableDomainObjectSet                      : loaded 2 times (x 155B)
Class org.gradle.internal.classloader.VisitableURLClassLoader$InstrumentingVisitableURLClassLoader: loaded 2 times (x 123B)
Class com.google.common.io.Files$FileByteSink                                         : loaded 2 times (x 77B)
Class com.android.builder.model.v2.ide.AndroidGradlePluginProjectFlags                : loaded 2 times (x 70B)
Class [Lcom.android.builder.model.v2.ide.AndroidGradlePluginProjectFlags$BooleanFlag; : loaded 2 times (x 69B)
Class com.android.builder.model.v2.ide.BasicVariant                                   : loaded 2 times (x 70B)
Class org.objectweb.asm.ByteVector                                                    : loaded 2 times (x 79B)
Class [Lcom.google.common.cache.CacheBuilder$NullListener;                            : loaded 2 times (x 69B)
Class com.google.gson.LongSerializationPolicy$2                                       : loaded 2 times (x 80B)
Class com.google.common.math.IntMath$1                                                : loaded 2 times (x 71B)
Class [Lcom.amazon.ion.impl.bin.IonRawBinaryWriter$StreamFlushMode;                   : loaded 2 times (x 69B)
Class com.amazon.ion.UnsupportedIonVersionException                                   : loaded 2 times (x 85B)
Class io.opentelemetry.api.trace.SpanId                                               : loaded 2 times (x 71B)
Class kotlin.comparisons.ComparisonsKt__ComparisonsKt                                 : loaded 2 times (x 71B)
Class kotlin.ranges.RangesKt__RangesKt                                                : loaded 2 times (x 71B)
Class kotlin.collections.SetsKt___SetsKt                                              : loaded 2 times (x 71B)
Class kotlin.sequences.SequencesKt__SequencesKt                                       : loaded 2 times (x 71B)
Class kotlin.coroutines.Continuation                                                  : loaded 2 times (x 70B)
Class org.gradle.internal.classloader.VisitableURLClassLoader$Spec                    : loaded 2 times (x 74B)
Class org.gradle.internal.classpath.DefaultClassPath                                  : loaded 2 times (x 90B)
Class com.android.builder.model.v2.ide.BundleInfo                                     : loaded 2 times (x 70B)
Class com.android.builder.model.v2.ide.SourceProvider                                 : loaded 2 times (x 70B)
Class org.objectweb.asm.Symbol                                                        : loaded 2 times (x 73B)
Class com.amazon.ion.impl.bin.IonManagedBinaryWriter$SymbolState                      : loaded 2 times (x 80B)
Class com.amazon.ion.IonStruct                                                        : loaded 2 times (x 70B)
Class org.jetbrains.plugins.gradle.model.GradleBuildScriptClasspathModel              : loaded 2 times (x 70B)
Class kotlin.sequences.FilteringSequence                                              : loaded 2 times (x 75B)
Class kotlin.text.CharsKt__CharJVMKt                                                  : loaded 2 times (x 71B)
Class kotlin.comparisons.ComparisonsKt                                                : loaded 2 times (x 71B)
Class kotlin.comparisons.ComparisonsKt___ComparisonsKt                                : loaded 2 times (x 71B)
Class kotlin.coroutines.jvm.internal.BaseContinuationImpl                             : loaded 2 times (x 87B)
Class kotlin.Result$Companion                                                         : loaded 2 times (x 71B)
Class org.gradle.util.internal.DefaultGradleVersion                                   : loaded 2 times (x 82B)
Class com.google.common.io.Closer                                                     : loaded 2 times (x 78B)
Class com.google.common.base.CharMatcher$Ascii                                        : loaded 2 times (x 112B)
Class com.google.common.util.concurrent.ExecutionError                                : loaded 2 times (x 82B)
Class [Lcom.google.gson.Strictness;                                                   : loaded 2 times (x 69B)
Class com.google.gson.reflect.TypeToken                                               : loaded 2 times (x 75B)
Class com.google.common.collect.ImmutableEnumSet                                      : loaded 2 times (x 146B)
Class com.google.common.collect.RegularImmutableMap$Values                            : loaded 2 times (x 207B)
Class [Lio.opentelemetry.context.ThreadLocalContextStorage;                           : loaded 2 times (x 69B)
Class org.gradle.internal.classloader.ClassLoaderSpec                                 : loaded 2 times (x 71B)
Class com.google.common.io.ByteSource$EmptyByteSource                                 : loaded 2 times (x 85B)
Class net.rubygrapefruit.platform.internal.Platform$MacOs32Bit                        : loaded 2 times (x 82B)
Class net.rubygrapefruit.platform.internal.Platform$Linux64Bit                        : loaded 2 times (x 83B)
Class org.objectweb.asm.AnnotationWriter                                              : loaded 2 times (x 79B)
Class com.google.common.cache.CacheStats                                              : loaded 2 times (x 71B)
Class com.google.gson.internal.sql.SqlTimestampTypeAdapter$1                          : loaded 2 times (x 75B)
Class com.google.gson.JsonPrimitive                                                   : loaded 2 times (x 93B)
Class com.amazon.ion.impl.IonWriterSystemTextMarkup                                   : loaded 2 times (x 192B)
Class com.amazon.ion.impl.bin.BlockAllocator                                          : loaded 2 times (x 80B)
Class sync_studio_tooling20907_dx2nlj11ds5d6n12eyqcweqr0                              : loaded 2 times (x 179B)
Class kotlin.jvm.internal.FunctionReferenceImpl                                       : loaded 2 times (x 126B)
Class kotlin.collections.CollectionsKt___CollectionsJvmKt                             : loaded 2 times (x 71B)
Class com.google.common.io.LineProcessor                                              : loaded 2 times (x 70B)
Class com.google.common.io.Closer$Suppressor                                          : loaded 2 times (x 70B)
Class com.google.common.collect.ImmutableMultisetGwtSerializationDependencies         : loaded 2 times (x 125B)
Class [Lcom.google.gson.ReflectionAccessFilter$FilterResult;                          : loaded 2 times (x 69B)
Class org.objectweb.asm.RecordComponentWriter                                         : loaded 2 times (x 78B)
Class com.google.common.util.concurrent.AbstractFuture$Listener                       : loaded 2 times (x 72B)
Class [Lcom.android.builder.model.v2.ide.ProjectType;                                 : loaded 2 times (x 69B)
Class com.android.builder.model.v2.models.VariantDependenciesAdjacencyList            : loaded 2 times (x 70B)
Class com.google.gson.JsonElement                                                     : loaded 2 times (x 92B)
Class Settings_gradle$1$1                                                             : loaded 2 times (x 74B)
Class com.amazon.ion.system.IonWriterBuilderBase                                      : loaded 2 times (x 83B)
Class io.opentelemetry.api.trace.Tracer                                               : loaded 2 times (x 70B)
Class kotlin.TuplesKt                                                                 : loaded 2 times (x 71B)
Class kotlin.jvm.internal.markers.KMutableIterable                                    : loaded 2 times (x 70B)
Class kotlin.Unit                                                                     : loaded 2 times (x 71B)
Class kotlin.sequences.SequencesKt___SequencesJvmKt                                   : loaded 2 times (x 71B)
Class org.gradle.tooling.internal.adapter.ProtocolToModelAdapter$DefaultViewBuilder   : loaded 2 times (x 80B)
Class [Lcom.android.builder.model.v2.ide.AaptOptions$Namespacing;                     : loaded 2 times (x 69B)
Class com.android.ide.common.gradle.Version$Companion$ParseState                      : loaded 2 times (x 70B)
Class org.objectweb.asm.Attribute                                                     : loaded 2 times (x 77B)
Class com.google.common.base.Supplier                                                 : loaded 2 times (x 70B)
Class com.google.gson.internal.bind.CollectionTypeAdapterFactory                      : loaded 2 times (x 75B)
Class io.opentelemetry.api.trace.ArrayBasedTraceState                                 : loaded 2 times (x 86B)
Class io.opentelemetry.context.ContextKey                                             : loaded 2 times (x 70B)
Class io.opentelemetry.context.propagation.TextMapSetter                              : loaded 2 times (x 70B)
Class kotlin.ranges.RangesKt                                                          : loaded 2 times (x 71B)
Class org.gradle.tooling.internal.adapter.ProtocolToModelAdapter$ViewGraphDetails$1   : loaded 2 times (x 77B)
Class org.gradle.internal.classloader.VisitableURLClassLoader                         : loaded 2 times (x 117B)
Class net.rubygrapefruit.platform.internal.FunctionResult$Failure                     : loaded 2 times (x 79B)
Class net.rubygrapefruit.platform.internal.NativeLibraryLoader                        : loaded 2 times (x 73B)
Class com.google.common.collect.ImmutableList$SerializedForm                          : loaded 2 times (x 73B)
Class com.google.common.util.concurrent.AbstractFuture$Waiter                         : loaded 2 times (x 72B)
Class com.android.ide.common.repository.AgpVersion$Companion                          : loaded 2 times (x 71B)
Class Settings_gradle                                                                 : loaded 2 times (x 128B)
Class [Lcom.amazon.ion.SymbolTable;                                                   : loaded 2 times (x 69B)
Class com.amazon.ion.impl.bin.IonBinaryWriterAdapter$Factory                          : loaded 2 times (x 70B)
Class com.amazon.ion.impl.BlockedBuffer$BufferedOutputStream                          : loaded 2 times (x 90B)
Class org.jetbrains.plugins.gradle.tooling.serialization.ExternalTestsSerializationService$ReadContext: loaded 2 times (x 72B)
Class kotlin.sequences.FlatteningSequence$iterator$1                                  : loaded 2 times (x 79B)
Class kotlin.jvm.functions.Function0                                                  : loaded 2 times (x 70B)
Class kotlin.collections.ArraysUtilJVM                                                : loaded 2 times (x 71B)
Class com.google.common.collect.AbstractMapBasedMultimap$WrappedCollection            : loaded 2 times (x 124B)
Class net.rubygrapefruit.platform.internal.Platform$FreeBSD                           : loaded 2 times (x 82B)
Class org.gradle.tooling.model.idea.IdeaDependency                                    : loaded 2 times (x 70B)
Class com.google.common.collect.HashBiMap                                             : loaded 2 times (x 143B)
Class com.android.builder.model.v2.ide.AaptOptions                                    : loaded 2 times (x 70B)
Class [Lcom.android.builder.model.v2.ide.BytecodeTransformation;                      : loaded 2 times (x 69B)
Class com.google.common.base.Strings                                                  : loaded 2 times (x 71B)
Class com.android.ide.common.gradle.Version$Companion                                 : loaded 2 times (x 71B)
Class com.google.common.collect.Sets                                                  : loaded 2 times (x 71B)
Class org.objectweb.asm.Handler                                                       : loaded 2 times (x 72B)
Class com.google.common.base.Ticker                                                   : loaded 2 times (x 72B)
Class org.gradle.internal.classloader.ClassLoaderHierarchy                            : loaded 2 times (x 70B)
Class com.google.gson.internal.bind.TreeTypeAdapter                                   : loaded 2 times (x 75B)
Class com.google.gson.internal.sql.SqlTimeTypeAdapter                                 : loaded 2 times (x 74B)
Class com.amazon.ion.impl.bin.AbstractIonWriter$WriteValueOptimization                : loaded 2 times (x 79B)
Class kotlin.collections.AbstractMutableList                                          : loaded 2 times (x 206B)
Class kotlin.jvm.functions.Function1                                                  : loaded 2 times (x 70B)
Class com.android.builder.model.v2.models.ndk.NativeModelBuilderParameter             : loaded 2 times (x 70B)
Class [Lcom.google.common.cache.LocalCache$Segment;                                   : loaded 2 times (x 69B)
Class [Lcom.google.common.cache.LocalCache$Strength;                                  : loaded 2 times (x 69B)
Class com.google.common.cache.CacheBuilder$1                                          : loaded 2 times (x 85B)
Class kotlin.collections.CollectionsKt__ReversedViewsKt                               : loaded 2 times (x 71B)
Class com.google.gson.internal.bind.TypeAdapters$20                                   : loaded 2 times (x 75B)
Class com.google.common.collect.ImmutableMap                                          : loaded 2 times (x 120B)
Class com.amazon.ion.impl.bin.BlockAllocatorProvider                                  : loaded 2 times (x 72B)
Class io.opentelemetry.api.trace.ArrayBasedTraceStateBuilder                          : loaded 2 times (x 77B)
Class org.jetbrains.plugins.gradle.tooling.serialization.internal.IdeaProjectSerializationService$WriteContext: loaded 2 times (x 72B)
Class com.intellij.gradle.toolingExtension.impl.model.sourceSetDependencyModel.GradleSourceSetDependencySerialisationService: loaded 2 times (x 77B)
Class org.jetbrains.plugins.gradle.model.GradleSourceSetModel                         : loaded 2 times (x 70B)
Class kotlin.KotlinNothingValueException                                              : loaded 2 times (x 82B)
Class kotlin.jvm.functions.Function2                                                  : loaded 2 times (x 70B)
Class org.gradle.internal.classpath.DefaultClassPath$ImmutableUniqueList$Builder      : loaded 2 times (x 75B)
Class kotlin.sequences.SequencesKt__SequenceBuilderKt                                 : loaded 2 times (x 71B)
Class com.google.common.cache.LocalCache                                              : loaded 2 times (x 187B)
Class com.google.common.cache.CacheBuilder$2                                          : loaded 2 times (x 79B)
Class kotlin.io.FilesKt__FileTreeWalkKt                                               : loaded 2 times (x 71B)
Class com.google.gson.internal.bind.TypeAdapters$21                                   : loaded 2 times (x 75B)
Class com.google.gson.FieldNamingPolicy$1                                             : loaded 2 times (x 83B)
Class com.amazon.ion.impl.lite.IonSequenceLite                                        : loaded 2 times (x 433B)
Class com.amazon.ion.impl._Private_Utils$1                                            : loaded 2 times (x 98B)
Class com.amazon.ion.impl.SymbolTableAsStruct                                         : loaded 2 times (x 70B)
Class io.opentelemetry.api.trace.TracerProvider                                       : loaded 2 times (x 70B)
Class com.android.ide.gradle.model.dependencies.Coordinates                           : loaded 2 times (x 70B)
Class kotlin.collections.MapsKt___MapsJvmKt                                           : loaded 2 times (x 71B)
Class org.gradle.tooling.internal.adapter.WeakIdentityHashMap$AbsentValueProvider     : loaded 2 times (x 70B)
Class com.google.common.collect.ArrayListMultimap                                     : loaded 2 times (x 172B)
Class com.google.common.cache.CacheBuilder$3                                          : loaded 2 times (x 72B)
Class com.google.gson.internal.bind.TypeAdapters$22                                   : loaded 2 times (x 75B)
Class com.google.gson.FieldNamingPolicy$2                                             : loaded 2 times (x 83B)
Class com.google.gson.internal.Excluder$1                                             : loaded 2 times (x 74B)
Class [Lcom.google.common.collect.AbstractMapEntry;                                   : loaded 2 times (x 69B)
Class com.google.common.collect.ImmutableEntry                                        : loaded 2 times (x 82B)
Class com.amazon.ion.impl.bin.AbstractIonWriter                                       : loaded 2 times (x 160B)
Class io.opentelemetry.api.trace.AutoValue_ArrayBasedTraceState                       : loaded 2 times (x 87B)
Class gnu.trove.TObjectHash                                                           : loaded 2 times (x 94B)
Class org.jetbrains.plugins.gradle.tooling.util.ObjectCollector$Processor             : loaded 2 times (x 70B)
Class kotlin.jvm.functions.Function4                                                  : loaded 2 times (x 70B)
Class kotlin.collections.EmptySet                                                     : loaded 2 times (x 122B)
Class kotlin.annotation.Target                                                        : loaded 2 times (x 70B)
Class kotlin.collections.CollectionsKt___CollectionsKt                                : loaded 2 times (x 71B)
Class kotlin.jvm.internal.CollectionToArray                                           : loaded 2 times (x 71B)
Class org.gradle.internal.exceptions.NonGradleCauseExceptionsHolder                   : loaded 2 times (x 70B)
Class org.gradle.tooling.model.idea.IdeaModuleDependency                              : loaded 2 times (x 70B)
Class org.gradle.tooling.internal.adapter.ViewBuilder                                 : loaded 2 times (x 70B)
Class com.google.common.base.Suppliers$MemoizingSupplier                              : loaded 2 times (x 79B)
Class com.android.builder.model.v2.ide.AndroidLibraryData                             : loaded 2 times (x 70B)
Class com.android.builder.model.v2.ide.ApiVersion                                     : loaded 2 times (x 70B)
Class org.apache.commons.io.StandardLineSeparator                                     : loaded 2 times (x 79B)
Class com.android.ide.common.gradle.Version                                           : loaded 2 times (x 75B)
Class com.google.gson.internal.bind.TypeAdapters$23                                   : loaded 2 times (x 75B)
Class com.google.gson.FieldNamingPolicy$3                                             : loaded 2 times (x 83B)
Class com.google.common.collect.CollectPreconditions                                  : loaded 2 times (x 71B)
Class com.amazon.ion.system.IonReaderBuilder                                          : loaded 2 times (x 95B)
Class io.opentelemetry.api.trace.TraceState                                           : loaded 2 times (x 70B)
Class org.jetbrains.plugins.gradle.model.AnnotationProcessingConfig                   : loaded 2 times (x 70B)
Class com.amazon.ion.IonReader                                                        : loaded 2 times (x 70B)
Class gnu.trove.Equality                                                              : loaded 2 times (x 70B)
Class kotlin.text.StringsKt___StringsJvmKt                                            : loaded 2 times (x 71B)
Class kotlin.reflect.KDeclarationContainer                                            : loaded 2 times (x 70B)
Class kotlin.annotation.Retention                                                     : loaded 2 times (x 70B)
Class com.android.builder.model.v2.models.Versions$Version                            : loaded 2 times (x 70B)
Class com.google.gson.internal.bind.TypeAdapters$24                                   : loaded 2 times (x 75B)
Class com.google.gson.FieldNamingPolicy$4                                             : loaded 2 times (x 83B)
Class com.google.common.collect.SortedMapDifference                                   : loaded 2 times (x 70B)
Class com.amazon.ion.IonClob                                                          : loaded 2 times (x 70B)
Class io.opentelemetry.context.LazyStorage                                            : loaded 2 times (x 71B)
Class org.jetbrains.plugins.gradle.tooling.ModelBuilderService$Parameter              : loaded 2 times (x 70B)
Class kotlin.io.FilesKt                                                               : loaded 2 times (x 71B)
Class kotlin.collections.MapsKt___MapsKt                                              : loaded 2 times (x 71B)
Class kotlin.collections.ArraysKt___ArraysKt                                          : loaded 2 times (x 71B)
Class com.google.common.io.Files                                                      : loaded 2 times (x 71B)
Class net.rubygrapefruit.platform.internal.NativeLibraryLocator                       : loaded 2 times (x 73B)
Class net.rubygrapefruit.platform.Process                                             : loaded 2 times (x 70B)
Class com.google.common.cache.LocalCache$EntryFactory                                 : loaded 2 times (x 83B)
Class com.google.gson.internal.bind.TypeAdapters$25                                   : loaded 2 times (x 75B)
Class com.google.gson.FieldNamingPolicy$5                                             : loaded 2 times (x 83B)
Class com.amazon.ion.impl.lite.IonLobLite                                             : loaded 2 times (x 185B)
Class com.amazon.ion.impl.lite.IonTextLite                                            : loaded 2 times (x 182B)
Class com.amazon.ion.IonNumber                                                        : loaded 2 times (x 70B)
Class gnu.trove.TObjectHashingStrategy                                                : loaded 2 times (x 70B)
Class kotlin.collections.MapsKt__MapWithDefaultKt                                     : loaded 2 times (x 71B)
Class org.gradle.tooling.internal.adapter.ProtocolToModelAdapter$ReflectionMethodInvoker: loaded 2 times (x 76B)
Class [Lcom.android.ide.common.gradle.Separator;                                      : loaded 2 times (x 69B)
Class org.jetbrains.kotlin.tooling.core.HasMutableExtras                              : loaded 2 times (x 70B)
Class com.google.common.cache.LocalCache$AbstractReferenceEntry                       : loaded 2 times (x 107B)
Class com.google.gson.internal.bind.ArrayTypeAdapter                                  : loaded 2 times (x 74B)
Class com.google.gson.internal.bind.TypeAdapters$26                                   : loaded 2 times (x 75B)
Class com.google.gson.FieldNamingPolicy$6                                             : loaded 2 times (x 83B)
Class [Lcom.amazon.ion.impl.bin.IonManagedBinaryWriter$UserState;                     : loaded 2 times (x 69B)
Class com.amazon.ion.impl.bin.utf8.Utf8StringEncoder                                  : loaded 2 times (x 80B)
Class com.amazon.ion.IonBool                                                          : loaded 2 times (x 70B)
Class kotlin.text.StringsKt___StringsKt                                               : loaded 2 times (x 71B)
Class com.google.common.collect.NullsLastOrdering                                     : loaded 2 times (x 115B)
Class kotlin.collections.CollectionsKt__MutableCollectionsJVMKt                       : loaded 2 times (x 71B)
Class kotlin.sequences.FilteringSequence$iterator$1                                   : loaded 2 times (x 79B)
Class kotlin.enums.EnumEntriesKt                                                      : loaded 2 times (x 71B)
Class com.intellij.gradle.toolingExtension.impl.model.sourceSetModel.GradleSourceSetSerialisationService$Companion: loaded 2 times (x 71B)
Class com.android.builder.model.v2.models.VariantDependencies                         : loaded 2 times (x 70B)
Class com.google.gson.internal.reflect.ReflectionHelper                               : loaded 2 times (x 71B)
Class org.objectweb.asm.SymbolTable                                                   : loaded 2 times (x 72B)
Class com.google.common.cache.CacheLoader$InvalidCacheLoadException                   : loaded 2 times (x 82B)
Class com.google.gson.internal.bind.TypeAdapters$27                                   : loaded 2 times (x 75B)
Class com.google.gson.FieldNamingPolicy$7                                             : loaded 2 times (x 83B)
Class com.amazon.ion.impl._Private_IonValue                                           : loaded 2 times (x 70B)
Class com.amazon.ion.IonLoader                                                        : loaded 2 times (x 70B)
Class io.opentelemetry.context.propagation.NoopTextMapPropagator                      : loaded 2 times (x 76B)
Class com.intellij.gradle.toolingExtension.model.repositoryModel.ProjectRepositoriesModel: loaded 2 times (x 70B)
Class org.jetbrains.plugins.gradle.model.GradleProperty                               : loaded 2 times (x 70B)
Class gnu.trove.TObjectCanonicalHashingStrategy                                       : loaded 2 times (x 78B)
Class org.gradle.internal.classloader.SystemClassLoaderSpec                           : loaded 2 times (x 71B)
Class com.android.builder.model.v2.ide.TestedTargetVariant                            : loaded 2 times (x 70B)
Class com.google.common.cache.LocalCache$StrongEntry                                  : loaded 2 times (x 108B)
Class com.google.common.util.concurrent.AbstractFuture$TrustedFuture                  : loaded 2 times (x 114B)
Class com.google.common.cache.LoadingCache                                            : loaded 2 times (x 70B)
Class [Lcom.google.gson.LongSerializationPolicy;                                      : loaded 2 times (x 69B)
Class com.amazon.ion.impl._Private_Utils                                              : loaded 2 times (x 71B)
Class kotlin.ranges.IntRange$Companion                                                : loaded 2 times (x 71B)
Class kotlin.text.MatcherMatchResult$groups$1                                         : loaded 2 times (x 151B)
Class kotlin.collections.EmptyMap                                                     : loaded 2 times (x 108B)
Class kotlin.reflect.KAnnotatedElement                                                : loaded 2 times (x 70B)
Class kotlin.jvm.internal.markers.KMutableCollection                                  : loaded 2 times (x 70B)
Class kotlin.coroutines.intrinsics.IntrinsicsKt                                       : loaded 2 times (x 71B)
Class org.gradle.internal.exceptions.MultiCauseException                              : loaded 2 times (x 70B)
Class org.gradle.internal.time.CountdownTimer                                         : loaded 2 times (x 70B)
Class kotlin.jvm.internal.Intrinsics                                                  : loaded 2 times (x 71B)
Class com.google.common.io.ByteStreams$LimitedInputStream                             : loaded 2 times (x 92B)
Class com.google.common.base.Suppliers$NonSerializableMemoizingSupplier               : loaded 2 times (x 79B)
Class net.rubygrapefruit.platform.ProcessLauncher                                     : loaded 2 times (x 70B)
Class org.objectweb.asm.MethodWriter                                                  : loaded 2 times (x 106B)
Class [Lcom.google.common.cache.Weigher;                                              : loaded 2 times (x 69B)
Class com.google.gson.internal.bind.MapTypeAdapterFactory                             : loaded 2 times (x 75B)
Class com.google.gson.internal.bind.TypeAdapters$29                                   : loaded 2 times (x 75B)
Class com.google.gson.JsonNull                                                        : loaded 2 times (x 92B)
Class com.google.common.collect.RegularImmutableMap$BucketOverflowException           : loaded 2 times (x 82B)
Class io.opentelemetry.api.trace.Span                                                 : loaded 2 times (x 70B)
Class com.intellij.gradle.toolingExtension.impl.model.projectModel.GradleExternalProjectSerializationService$ReadContext: loaded 2 times (x 73B)
Class com.intellij.gradle.toolingExtension.impl.model.dependencyModel.DependencyWriteContext: loaded 2 times (x 72B)
Class kotlin.collections.MapsKt                                                       : loaded 2 times (x 71B)
Class kotlin.coroutines.intrinsics.CoroutineSingletons                                : loaded 2 times (x 79B)
Class kotlin.collections.CollectionsKt__IterablesKt                                   : loaded 2 times (x 71B)
Class org.gradle.tooling.model.ProjectModel                                           : loaded 2 times (x 70B)
Class com.google.common.collect.ImmutableMultimap$1                                   : loaded 2 times (x 82B)
Class com.android.ide.common.gradle.Version$Companion$ParseState$EMPTY                : loaded 2 times (x 74B)
Class org.jetbrains.plugins.gradle.model.GradleConfiguration                          : loaded 2 times (x 70B)
Class com.amazon.ion.impl.bin.utf8.Utf8StringEncoderPool                              : loaded 2 times (x 74B)
Class com.amazon.ion.impl._Private_IonSystem                                          : loaded 2 times (x 70B)
Class com.amazon.ion.BufferConfiguration$OversizedValueHandler                        : loaded 2 times (x 70B)
Class kotlin.ranges.OpenEndRange                                                      : loaded 2 times (x 70B)
Class kotlin.sequences.SequenceBuilderIterator                                        : loaded 2 times (x 85B)
Class kotlin.KotlinNullPointerException                                               : loaded 2 times (x 83B)
Class com.google.common.collect.ImmutableMultimap$2                                   : loaded 2 times (x 81B)
Class com.android.ide.common.repository.AgpVersion$Companion$WhenMappings             : loaded 2 times (x 71B)
Class com.google.common.collect.RegularImmutableBiMap                                 : loaded 2 times (x 149B)
Class com.google.common.cache.LocalCache$ValueReference                               : loaded 2 times (x 70B)
Class com.amazon.ion.impl.bin.IonManagedBinaryWriter$UserState$2                      : loaded 2 times (x 85B)
Class net.rubygrapefruit.platform.internal.Platform$FreeBSD64Bit                      : loaded 2 times (x 82B)
Class com.google.gson.internal.bind.DefaultDateTypeAdapter$DateType$1                 : loaded 2 times (x 73B)
Class com.amazon.ion.IonDecimal                                                       : loaded 2 times (x 70B)
Class io.opentelemetry.api.OpenTelemetry                                              : loaded 2 times (x 70B)
Class org.jetbrains.plugins.gradle.model.tests.ExternalTestsModel                     : loaded 2 times (x 70B)
Class kotlin.ranges.RangesKt___RangesKt                                               : loaded 2 times (x 71B)
Class org.gradle.tooling.model.idea.IdeaLanguageLevel                                 : loaded 2 times (x 70B)
Class org.gradle.tooling.internal.adapter.ProtocolToModelAdapter$SafeMethodInvoker    : loaded 2 times (x 76B)
Class org.gradle.tooling.internal.adapter.WeakIdentityHashMap$WeakKey                 : loaded 2 times (x 79B)
Class org.gradle.internal.exceptions.DefaultMultiCauseException                       : loaded 2 times (x 95B)
Class com.google.common.hash.PrimitiveSink                                            : loaded 2 times (x 70B)
Class com.android.builder.model.v2.ide.ProjectInfo                                    : loaded 2 times (x 70B)
Class com.google.common.base.PatternCompiler                                          : loaded 2 times (x 70B)
Class com.google.common.util.concurrent.AbstractFuture$Failure                        : loaded 2 times (x 72B)
Class com.google.common.base.Equivalence$Equals                                       : loaded 2 times (x 82B)
Class com.google.gson.internal.LazilyParsedNumber                                     : loaded 2 times (x 78B)
Class com.google.common.collect.Hashing                                               : loaded 2 times (x 71B)
Class org.gradle.internal.classloader.FilteringClassLoader                            : loaded 2 times (x 105B)
Class com.amazon.ion.impl.bin.IonRawBinaryWriter$StreamCloseMode                      : loaded 2 times (x 79B)
Class com.amazon.ion.impl._Private_IonBinaryWriterBuilder$Mutable                     : loaded 2 times (x 115B)
Class io.opentelemetry.api.trace.PropagatedSpan                                       : loaded 2 times (x 112B)
Class com.intellij.gradle.toolingExtension.impl.model.projectModel.GradleExternalProjectSerializationService: loaded 2 times (x 77B)
Class kotlin.text.CharsKt__CharKt                                                     : loaded 2 times (x 71B)
Class kotlin.collections.ArrayDeque$Companion                                         : loaded 2 times (x 71B)
Class kotlin.collections.ArraysKt                                                     : loaded 2 times (x 71B)
Class org.gradle.tooling.model.HierarchicalElement                                    : loaded 2 times (x 70B)
Class com.google.common.collect.ImmutableSetMultimap                                  : loaded 2 times (x 180B)
Class com.android.builder.model.v2.dsl.DependenciesInfo                               : loaded 2 times (x 70B)
Class kotlin.NotImplementedError                                                      : loaded 2 times (x 82B)
Class org.objectweb.asm.Label                                                         : loaded 2 times (x 73B)
Class org.objectweb.asm.CurrentFrame                                                  : loaded 2 times (x 73B)
Class org.objectweb.asm.ClassTooLargeException                                        : loaded 2 times (x 83B)
Class kotlin.sequences.FlatteningSequence                                             : loaded 2 times (x 75B)
Class com.google.gson.stream.JsonReader                                               : loaded 2 times (x 97B)
Class kotlin.text.MatcherMatchResult                                                  : loaded 2 times (x 80B)
Class com.amazon.ion.impl.bin.IonRawBinaryWriter$PatchPoint                           : loaded 2 times (x 72B)
Class com.amazon.ion.IonBlob                                                          : loaded 2 times (x 70B)
Class com.amazon.ion.IonLob                                                           : loaded 2 times (x 70B)
Class com.amazon.ion.IonSequence                                                      : loaded 2 times (x 70B)
Class io.opentelemetry.api.trace.TraceFlags                                           : loaded 2 times (x 70B)
Class org.jetbrains.plugins.gradle.tooling.serialization.ExternalTestsSerializationService: loaded 2 times (x 77B)
Class com.google.common.collect.ByFunctionOrdering                                    : loaded 2 times (x 115B)
Class kotlin.collections.SetsKt__SetsKt                                               : loaded 2 times (x 71B)
Class kotlin.coroutines.EmptyCoroutineContext                                         : loaded 2 times (x 77B)
Class org.gradle.internal.time.Time                                                   : loaded 2 times (x 71B)
Class com.google.common.collect.RangeGwtSerializationDependencies                     : loaded 2 times (x 71B)
Class com.google.common.io.ByteSource$AsCharSource                                    : loaded 2 times (x 86B)
Class com.google.common.collect.Maps$IteratorBasedAbstractMap                         : loaded 2 times (x 125B)
Class com.android.builder.model.v2.models.ProjectGraph                                : loaded 2 times (x 70B)
Class com.android.ide.common.gradle.Version$Companion$ParseState$NUMERIC              : loaded 2 times (x 74B)
Class com.google.gson.internal.reflect.ReflectionHelper$RecordSupportedHelper         : loaded 2 times (x 78B)
Class kotlin.text.MatchGroupCollection                                                : loaded 2 times (x 70B)
Class org.objectweb.asm.Frame                                                         : loaded 2 times (x 73B)
Class org.objectweb.asm.MethodVisitor                                                 : loaded 2 times (x 105B)
Class com.google.common.cache.LocalCache$EntryFactory$1                               : loaded 2 times (x 83B)
Class [Lcom.google.common.cache.RemovalListener;                                      : loaded 2 times (x 69B)
Class kotlin.text.StringsKt__StringsKt                                                : loaded 2 times (x 71B)
Class com.android.ide.gradle.model.dependencies.DeclaredDependencies                  : loaded 2 times (x 70B)
Class com.android.ide.common.repository.AgpVersion$PreviewKind                        : loaded 2 times (x 79B)
Class com.amazon.ion.system.IonTextWriterBuilder                                      : loaded 2 times (x 98B)
Class com.amazon.ion.impl.bin.IonManagedBinaryWriter$ImportedSymbolResolverMode$1$1$1 : loaded 2 times (x 76B)
Class com.amazon.ion.impl._Private_LocalSymbolTableFactory                            : loaded 2 times (x 70B)
Class org.jetbrains.plugins.gradle.tooling.serialization.AnnotationProcessingModelSerializationService: loaded 2 times (x 77B)
Class kotlin.collections.ArraysKt__ArraysJVMKt                                        : loaded 2 times (x 71B)
Class org.jetbrains.plugins.gradle.tooling.serialization.internal.IdeaProjectSerializationService$ReadContext: loaded 2 times (x 72B)
Class com.google.common.cache.LocalCache$EntryFactory$2                               : loaded 2 times (x 83B)
Class com.google.gson.internal.bind.JsonAdapterAnnotationTypeAdapterFactory           : loaded 2 times (x 75B)
Class com.amazon.ion.impl.lite.IonNullLite                                            : loaded 2 times (x 176B)
Class org.jetbrains.plugins.gradle.model.DependencyAccessorsModel                     : loaded 2 times (x 70B)
Class [Lcom.intellij.openapi.externalSystem.model.project.dependencies.ResolutionState;: loaded 2 times (x 69B)
Class gnu.trove.TObjectIntHashMap                                                     : loaded 2 times (x 109B)
Class kotlin.text.StringsKt__StringBuilderKt                                          : loaded 2 times (x 71B)
Class kotlin.jvm.internal.CallableReference$NoReceiver                                : loaded 2 times (x 71B)
Class org.gradle.api.internal.classpath.GlobalCacheRootsProvider                      : loaded 2 times (x 70B)
Class com.google.common.collect.CollectCollectors                                     : loaded 2 times (x 71B)
Class org.objectweb.asm.ModuleWriter                                                  : loaded 2 times (x 82B)
Class com.google.common.cache.LocalCache$EntryFactory$3                               : loaded 2 times (x 83B)
Class com.google.common.base.Ticker$1                                                 : loaded 2 times (x 72B)
Class com.google.gson.internal.bind.NumberTypeAdapter                                 : loaded 2 times (x 74B)
Class com.google.common.collect.Maps$BiMapConverter                                   : loaded 2 times (x 90B)
Class com.google.common.collect.ImmutableMapEntrySet$RegularEntrySet                  : loaded 2 times (x 152B)
Class com.amazon.ion.impl.lite.IonClobLite                                            : loaded 2 times (x 221B)
Class com.amazon.ion.impl._Private_ValueFactory                                       : loaded 2 times (x 70B)
Class com.amazon.ion.impl.bin.IonRawBinaryWriter$PreallocationMode$1                  : loaded 2 times (x 82B)
Class [Lcom.amazon.ion.impl.bin._Private_IonManagedBinaryWriterBuilder$AllocatorMode; : loaded 2 times (x 69B)
Class org.jetbrains.kotlin.idea.gradleTooling.KotlinMPPGradleModel                    : loaded 2 times (x 70B)
Class io.opentelemetry.context.propagation.ContextPropagators                         : loaded 2 times (x 70B)
Class com.intellij.gradle.toolingExtension.impl.model.dependencyDownloadPolicyModel.GradleDependencyDownloadPolicy: loaded 2 times (x 70B)
Class org.gradle.tooling.model.BuildIdentifier                                        : loaded 2 times (x 70B)
Class kotlin.NoWhenBranchMatchedException                                             : loaded 2 times (x 82B)
Class com.google.common.collect.SetMultimap                                           : loaded 2 times (x 70B)
Class net.rubygrapefruit.platform.internal.Platform$MacOs                             : loaded 2 times (x 82B)
Class net.rubygrapefruit.platform.internal.Platform$Window64Bit                       : loaded 2 times (x 79B)
Class com.android.builder.model.v2.ide.VectorDrawablesOptions                         : loaded 2 times (x 70B)
Class com.google.common.cache.LocalCache$EntryFactory$4                               : loaded 2 times (x 83B)
Class com.amazon.ion.impl.bin.IonManagedBinaryWriter$UserState$1                      : loaded 2 times (x 85B)
Class com.google.gson.ToNumberPolicy$1                                                : loaded 2 times (x 83B)
Class [Lcom.google.gson.FieldNamingStrategy;                                          : loaded 2 times (x 69B)
Class com.google.gson.internal.Excluder                                               : loaded 2 times (x 75B)
Class com.google.common.collect.ImmutableSet$Builder                                  : loaded 2 times (x 85B)
Class com.amazon.ion.IonInt                                                           : loaded 2 times (x 70B)
Class com.amazon.ion.impl.bin.IonRawBinaryWriter$PreallocationMode$2                  : loaded 2 times (x 82B)
Class org.jetbrains.kotlin.idea.gradleTooling.PrepareKotlinIdeImportTaskModel         : loaded 2 times (x 70B)
Class com.google.common.io.ByteStreams$1                                              : loaded 2 times (x 85B)
Class com.android.builder.model.v2.ide.Edge                                           : loaded 2 times (x 70B)
Class com.android.builder.model.v2.models.VariantDependenciesFlatList                 : loaded 2 times (x 70B)
Class com.google.gson.internal.ReflectionAccessFilterHelper                           : loaded 2 times (x 71B)
Class com.google.gson.internal.reflect.ReflectionHelper$RecordHelper                  : loaded 2 times (x 75B)
Class com.google.common.cache.LocalCache$EntryFactory$5                               : loaded 2 times (x 83B)
Class com.google.gson.ToNumberPolicy$2                                                : loaded 2 times (x 83B)
Class com.amazon.ion.impl.bin.IonRawBinaryWriter$PreallocationMode$3                  : loaded 2 times (x 82B)
Class com.android.ide.gradle.model.GradlePluginModel                                  : loaded 2 times (x 70B)
Class com.google.common.collect.ReverseOrdering                                       : loaded 2 times (x 115B)
Class org.gradle.tooling.model.build.JavaEnvironment                                  : loaded 2 times (x 70B)
Class Build_gradle                                                                    : loaded 2 times (x 130B)
Class com.android.builder.model.v2.ide.SourceSetContainer                             : loaded 2 times (x 70B)
Class org.apache.commons.io.output.AppendableWriter                                   : loaded 2 times (x 100B)
Class com.google.gson.internal.bind.ReflectiveTypeAdapterFactory$FieldsData           : loaded 2 times (x 72B)
Class com.google.common.cache.LocalCache$EntryFactory$6                               : loaded 2 times (x 83B)
Class com.google.gson.ToNumberPolicy$3                                                : loaded 2 times (x 83B)
Class org.jetbrains.plugins.gradle.model.GradleExtension                              : loaded 2 times (x 70B)
Class com.amazon.ion.impl.lite.IonDecimalLite                                         : loaded 2 times (x 189B)
Class com.amazon.ion.IonBufferConfiguration$Builder                                   : loaded 2 times (x 78B)
Class org.gradle.internal.time.Timer                                                  : loaded 2 times (x 70B)
Class kotlin.jvm.internal.markers.KMappedMarker                                       : loaded 2 times (x 70B)
Class org.gradle.internal.installation.CurrentGradleInstallationLocator               : loaded 2 times (x 71B)
Class com.google.common.io.ByteSource$SlicedByteSource                                : loaded 2 times (x 85B)
Class com.google.common.collect.ImmutableMultimap$Builder                             : loaded 2 times (x 86B)
Class com.android.builder.model.v2.ide.LintOptions                                    : loaded 2 times (x 70B)
Class org.apache.commons.io.output.ThresholdingOutputStream                           : loaded 2 times (x 95B)
Class com.google.common.collect.Maps$KeySet                                           : loaded 2 times (x 137B)
Class com.google.common.cache.LocalCache$EntryFactory$7                               : loaded 2 times (x 83B)
Class com.google.gson.ToNumberPolicy$4                                                : loaded 2 times (x 83B)
Class com.google.common.collect.ImmutableSet$EmptySetBuilderImpl                      : loaded 2 times (x 76B)
Class com.google.common.collect.RegularImmutableMap$KeySet                            : loaded 2 times (x 152B)
Class [Lcom.amazon.ion.impl.bin.IonRawBinaryWriter$ContainerType;                     : loaded 2 times (x 69B)
Class org.gradle.tooling.internal.adapter.ProtocolToModelAdapter$ViewGraphDetails     : loaded 2 times (x 72B)
Class org.gradle.tooling.model.idea.IdeaProject                                       : loaded 2 times (x 70B)
Class org.gradle.tooling.model.DomainObjectSet                                        : loaded 2 times (x 70B)
Class org.gradle.internal.service.DefaultServiceLocator                               : loaded 2 times (x 83B)
Class com.google.common.collect.ImmutableMultimap$EntryCollection                     : loaded 2 times (x 128B)
Class com.android.builder.model.v2.ide.BasicArtifact                                  : loaded 2 times (x 70B)
Class com.google.common.cache.LocalCache$EntryFactory$8                               : loaded 2 times (x 83B)
Class com.google.gson.internal.sql.SqlTypesSupport                                    : loaded 2 times (x 71B)
Class com.google.gson.Gson                                                            : loaded 2 times (x 72B)
Class com.google.gson.internal.bind.ObjectTypeAdapter$1                               : loaded 2 times (x 76B)
Class com.amazon.ion.impl.bin.utf8.Utf8StringEncoder$Result                           : loaded 2 times (x 74B)
Class com.amazon.ion.impl.bin.utf8.Pool$Allocator                                     : loaded 2 times (x 70B)
Class com.amazon.ion.IonText                                                          : loaded 2 times (x 70B)
Class com.amazon.ion.impl.SymbolTokenImpl                                             : loaded 2 times (x 81B)
Class com.amazon.ion.SubstituteSymbolTableException                                   : loaded 2 times (x 84B)
Class io.opentelemetry.api.trace.SpanContextKey                                       : loaded 2 times (x 71B)
Class com.google.common.collect.ComparisonChain$InactiveComparisonChain               : loaded 2 times (x 80B)
Class kotlin.coroutines.jvm.internal.SuspendFunction                                  : loaded 2 times (x 70B)
Class org.gradle.util.GradleVersion                                                   : loaded 2 times (x 81B)
Class org.gradle.internal.installation.CurrentGradleInstallation                      : loaded 2 times (x 73B)
Class com.google.common.cache.CacheLoader$1                                           : loaded 2 times (x 75B)
Class com.google.common.base.Equivalence$Identity                                     : loaded 2 times (x 82B)
Class com.google.gson.Gson$1                                                          : loaded 2 times (x 76B)
Class com.google.common.base.PairwiseEquivalence                                      : loaded 2 times (x 83B)
Class com.amazon.ion.impl.bin.IonManagedBinaryWriter$ImportDescriptor                 : loaded 2 times (x 76B)
Class com.amazon.ion.SymbolTable                                                      : loaded 2 times (x 70B)
Class org.jetbrains.plugins.gradle.javaModel.JavaGradleManifestModel                  : loaded 2 times (x 70B)
Class org.jetbrains.plugins.gradle.tooling.serialization.GradleExtensionsSerializationService$WriteContext: loaded 2 times (x 72B)
Class com.intellij.gradle.toolingExtension.impl.model.taskModel.GradleTaskSerialisationService$Companion: loaded 2 times (x 71B)
Class ijInit2_ekbkc2n8n4fk3llrq7ut5r0du                                               : loaded 2 times (x 179B)
Class kotlin.jvm.internal.Ref$BooleanRef                                              : loaded 2 times (x 71B)
Class kotlin.jvm.internal.StringCompanionObject                                       : loaded 2 times (x 71B)
Class kotlin.coroutines.intrinsics.IntrinsicsKt__IntrinsicsJvmKt                      : loaded 2 times (x 71B)
Class kotlin.coroutines.jvm.internal.CoroutineStackFrame                              : loaded 2 times (x 70B)
Class org.gradle.tooling.internal.adapter.ProtocolToModelAdapter$MethodInvocationCache$MethodInvocationKey: loaded 2 times (x 73B)
Class org.gradle.util.internal.GUtil                                                  : loaded 2 times (x 71B)
Class com.google.common.io.ByteSource                                                 : loaded 2 times (x 84B)
Class com.google.common.util.concurrent.AbstractFuture$SetFuture                      : loaded 2 times (x 75B)
Class com.android.utils.StringHelper                                                  : loaded 2 times (x 71B)
Class com.google.common.cache.AbstractCache$StatsCounter                              : loaded 2 times (x 70B)
Class com.google.gson.Gson$2                                                          : loaded 2 times (x 76B)
Class [Lcom.amazon.ion.impl.bin.IonManagedBinaryWriter$SymbolState;                   : loaded 2 times (x 69B)
Class com.amazon.ion.impl._Private_IonWriterBase                                      : loaded 2 times (x 162B)
Class com.amazon.ion.system.IonSystemBuilder                                          : loaded 2 times (x 75B)
Class com.amazon.ion.IonCatalog                                                       : loaded 2 times (x 70B)
Class io.opentelemetry.api.trace.TraceId                                              : loaded 2 times (x 71B)
Class com.intellij.gradle.toolingExtension.impl.model.utilTurnOffDefaultTasksModel.TurnOffDefaultTasks: loaded 2 times (x 70B)
Class com.intellij.gradle.toolingExtension.impl.model.sourceSetModel.GradleSourceSetSerialisationService$SourceSetModelReadContext: loaded 2 times (x 72B)
Class kotlin.io.NoSuchFileException                                                   : loaded 2 times (x 82B)
Class kotlin.collections.CollectionsKt                                                : loaded 2 times (x 71B)
Class com.android.builder.model.v2.dsl.BuildType                                      : loaded 2 times (x 70B)
Class com.google.gson.internal.bind.ReflectiveTypeAdapterFactory$BoundField           : loaded 2 times (x 75B)
Class com.google.gson.Gson$3                                                          : loaded 2 times (x 75B)
Class com.google.gson.Gson$FutureTypeAdapter                                          : loaded 2 times (x 76B)
Class com.google.common.collect.ImmutableMap$SerializedForm                           : loaded 2 times (x 73B)
Class io.opentelemetry.api.internal.ImmutableSpanContext                              : loaded 2 times (x 91B)
Class com.intellij.gradle.toolingExtension.impl.model.sourceSetModel.GradleSourceSetSerialisationService$SourceSetModelWriteContext: loaded 2 times (x 72B)
Class kotlin.ranges.IntProgressionIterator                                            : loaded 2 times (x 82B)
Class kotlin.coroutines.CoroutineContext                                              : loaded 2 times (x 70B)
Class kotlin.coroutines.jvm.internal.DebugProbesKt                                    : loaded 2 times (x 71B)
Class org.gradle.tooling.internal.adapter.WeakIdentityHashMap                         : loaded 2 times (x 76B)
Class org.gradle.tooling.GradleConnectionException                                    : loaded 2 times (x 83B)
Class org.gradle.tooling.internal.adapter.ProtocolToModelAdapter$1                    : loaded 2 times (x 75B)
Class org.gradle.tooling.internal.adapter.ProtocolToModelAdapter$ViewDecoration       : loaded 2 times (x 70B)
Class org.gradle.internal.installation.GradleInstallation                             : loaded 2 times (x 75B)
Class com.google.gson.internal.bind.DefaultDateTypeAdapter$1                          : loaded 2 times (x 75B)
Class com.google.gson.Gson$4                                                          : loaded 2 times (x 76B)
Class com.google.gson.internal.ConstructorConstructor                                 : loaded 2 times (x 72B)
Class com.google.common.collect.Iterables                                             : loaded 2 times (x 71B)
Class com.amazon.ion.impl.lite.ContainerlessContext                                   : loaded 2 times (x 80B)
Class io.opentelemetry.api.trace.DefaultTracer                                        : loaded 2 times (x 74B)
Class org.jetbrains.plugins.gradle.tooling.serialization.GradleExtensionsSerializationService$ReadContext: loaded 2 times (x 72B)
Class com.google.common.collect.ForwardingCollection                                  : loaded 2 times (x 130B)
Class com.google.common.collect.LexicographicalOrdering                               : loaded 2 times (x 115B)
Class org.gradle.tooling.internal.adapter.MethodInvoker                               : loaded 2 times (x 70B)
Class com.android.ide.common.gradle.Part                                              : loaded 2 times (x 77B)
Class com.google.gson.ReflectionAccessFilter$FilterResult                             : loaded 2 times (x 79B)
Class com.android.builder.model.v2.ide.ViewBindingOptions                             : loaded 2 times (x 70B)
Class com.google.gson.Gson$5                                                          : loaded 2 times (x 76B)
Class gnu.trove.PrimeFinder                                                           : loaded 2 times (x 71B)
Class com.amazon.ion.UnexpectedEofException                                           : loaded 2 times (x 84B)
Class com.amazon.ion.IonSexp                                                          : loaded 2 times (x 70B)
Class com.amazon.ion.ReadOnlyValueException                                           : loaded 2 times (x 84B)
Class com.amazon.ion.impl._Private_LocalSymbolTable                                   : loaded 2 times (x 70B)
Class com.amazon.ion.BufferConfiguration$DataHandler                                  : loaded 2 times (x 70B)
Class com.amazon.ion.impl._Private_IonBinaryWriterBuilder                             : loaded 2 times (x 115B)
Class org.jetbrains.plugins.gradle.tooling.serialization.RepositoriesModelSerializationService$WriteContext: loaded 2 times (x 72B)
Class com.android.ide.gradle.model.LegacyAndroidGradlePluginProperties                : loaded 2 times (x 70B)
Class kotlin.ranges.IntProgression                                                    : loaded 2 times (x 81B)
Class kotlin.jvm.KotlinReflectionNotSupportedError                                    : loaded 2 times (x 82B)
Class org.gradle.tooling.model.gradle.GradleScript                                    : loaded 2 times (x 70B)

---------------  S Y S T E M  ---------------

OS:
 Windows 11 , 64 bit Build 26100 (10.0.26100.8737)
OS uptime: 19 days 3:42 hours

CPU: total 8 (initial active 8) (4 cores per cpu, 2 threads per core) family 6 model 142 stepping 12 microcode 0xde, cx8, cmov, fxsr, ht, mmx, 3dnowpref, sse, sse2, sse3, ssse3, sse4.1, sse4.2, popcnt, lzcnt, tsc, tscinvbit, avx, avx2, aes, erms, clmul, bmi1, bmi2, adx, fma, vzeroupper, clflush, clflushopt, rdtscp, f16c
Processor Information for the first 8 processors :
  Max Mhz: 2112, Current Mhz: 1609, Mhz Limit: 1605

Memory: 4k page, system-wide physical 8022M (426M free)
TotalPageFile size 20687M (AvailPageFile size 21M)
current process WorkingSet (physical memory assigned to process): 599M, peak: 599M
current process commit charge ("private bytes"): 789M, peak: 789M

vm_info: OpenJDK 64-Bit Server VM (21.0.10+-14961533-b1163.108) for windows-amd64 JRE (21.0.10+-14961533-b1163.108), built on 2026-03-02T19:58:50Z by "builder" with MS VC++ 16.10 / 16.11 (VS2019)

END.
