#
# There is insufficient memory for the Java Runtime Environment to continue.
# Native memory allocation (malloc) failed to allocate 1066096 bytes. Error detail: Chunk::new
# Possible reasons:
#   The system is out of physical RAM or swap space
#   This process is running with CompressedOops enabled, and the Java Heap may be blocking the growth of the native heap
# Possible solutions:
#   Reduce memory load on the system
#   Increase physical memory or swap space
#   Check if swap backing store is full
#   Decrease Java heap size (-Xmx/-Xms)
#   Decrease number of Java threads
#   Decrease Java thread stack sizes (-Xss)
#   Set larger code cache with -XX:ReservedCodeCacheSize=
#   JVM is running with Unscaled Compressed Oops mode in which the Java heap is
#     placed in the first 4GB address space. The Java Heap base address is the
#     maximum limit for the native heap growth. Please use -XX:HeapBaseMinAddress
#     to set the Java Heap base and to place the Java Heap above 4GB virtual address.
# This output file may be truncated or incomplete.
#
#  Out of Memory Error (arena.cpp:168), pid=24996, tid=21552
#
# JRE version: OpenJDK Runtime Environment (21.0.10) (build 21.0.10+-14961533-b1163.108)
# Java VM: OpenJDK 64-Bit Server VM (21.0.10+-14961533-b1163.108, mixed mode, tiered, compressed oops, compressed class ptrs, g1 gc, windows-amd64)
# No core dump will be written. Minidumps are not enabled by default on client versions of Windows
#

---------------  S U M M A R Y ------------

Command Line: --add-opens=java.base/java.lang=ALL-UNNAMED --add-opens=java.base/java.lang.invoke=ALL-UNNAMED --add-opens=java.base/java.util=ALL-UNNAMED --add-opens=java.prefs/java.util.prefs=ALL-UNNAMED --add-exports=jdk.compiler/com.sun.tools.javac.api=ALL-UNNAMED --add-exports=jdk.compiler/com.sun.tools.javac.util=ALL-UNNAMED --add-opens=java.base/java.util=ALL-UNNAMED --add-opens=java.prefs/java.util.prefs=ALL-UNNAMED --add-opens=java.base/java.nio.charset=ALL-UNNAMED --add-opens=java.base/java.net=ALL-UNNAMED --add-opens=java.base/java.util.concurrent.atomic=ALL-UNNAMED --add-opens=java.xml/javax.xml.namespace=ALL-UNNAMED -Xmx2048m -Dfile.encoding=UTF-8 -Duser.country=IN -Duser.language=en -Duser.variant -javaagent:C:\Users\nickine chrise.j\.gradle\wrapper\dists\gradle-8.13-bin\5xuhj0ry160q40clulazy9h7d\gradle-8.13\lib\agents\gradle-instrumentation-agent-8.13.jar org.gradle.launcher.daemon.bootstrap.GradleDaemon 8.13

Host: Intel(R) Core(TM) i5-10210U CPU @ 1.60GHz, 8 cores, 7G,  Windows 11 , 64 bit Build 26100 (10.0.26100.8737)
Time: Sat Jul 25 18:13:50 2026 India Standard Time elapsed time: 21674.192421 seconds (0d 6h 1m 14s)

---------------  T H R E A D  ---------------

Current thread (0x0000023f540f90a0):  JavaThread "C2 CompilerThread0" daemon [_thread_in_native, id=21552, stack(0x000000a48b100000,0x000000a48b200000) (1024K)]


Current CompileTask:
C2:21674193 57354   !   4       java.lang.invoke.InnerClassLambdaMetafactory::generateInnerClass (506 bytes)

Stack: [0x000000a48b100000,0x000000a48b200000]
Native frames: (J=compiled Java code, j=interpreted, Vv=VM code, C=native code)
V  [jvm.dll+0x6d78a9]
V  [jvm.dll+0x8665b3]
V  [jvm.dll+0x868bde]
V  [jvm.dll+0x8692c3]
V  [jvm.dll+0x280ee6]
V  [jvm.dll+0xc07cd]
V  [jvm.dll+0xc0d03]
V  [jvm.dll+0x3ba091]
V  [jvm.dll+0x385df7]
V  [jvm.dll+0x38526a]
V  [jvm.dll+0x249bd2]
V  [jvm.dll+0x2491a1]
V  [jvm.dll+0x1c76e4]
V  [jvm.dll+0x25891e]
V  [jvm.dll+0x256e66]
V  [jvm.dll+0x3f513e]
V  [jvm.dll+0x80fd28]
V  [jvm.dll+0x6d60fd]
C  [ucrtbase.dll+0x2cd30]
C  [KERNEL32.DLL+0x2e957]
C  [ntdll.dll+0xaad6c]


---------------  P R O C E S S  ---------------

Threads class SMR info:
_java_thread_list=0x0000023f5cdb9e10, length=88, elements={
0x0000023f3c82b200, 0x0000023f540ca890, 0x0000023f540dd670, 0x0000023f540de0d0,
0x0000023f540df4d0, 0x0000023f540f26d0, 0x0000023f540f3130, 0x0000023f54113050,
0x0000023f540f90a0, 0x0000023f54114df0, 0x0000023f541c08d0, 0x0000023f541c1c80,
0x0000023f541c2310, 0x0000023f541c0240, 0x0000023f5a649640, 0x0000023f5a649cd0,
0x0000023f5a64a360, 0x0000023f5a64d150, 0x0000023f5a64de70, 0x0000023f5a64b710,
0x0000023f5a64d7e0, 0x0000023f5ad0ee70, 0x0000023f5ad10f40, 0x0000023f66408dc0,
0x0000023f6640fd50, 0x0000023f6640c8d0, 0x0000023f664103e0, 0x0000023f6640e9a0,
0x0000023f6640dc80, 0x0000023f6640e310, 0x0000023f66410a70, 0x0000023f6640d5f0,
0x0000023f6558ac80, 0x0000023f64709d40, 0x0000023f647075e0, 0x0000023f6470aa60,
0x0000023f6558b310, 0x0000023f6558b9a0, 0x0000023f6558c030, 0x0000023f6aa3f780,
0x0000023f6aa3fe10, 0x0000023f7709e8f0, 0x0000023f68a564c0, 0x0000023f68a53040,
0x0000023f661e23d0, 0x0000023f661e3780, 0x0000023f6470b0f0, 0x0000023f64707c70,
0x0000023f6470b780, 0x0000023f6470dee0, 0x0000023f6470be10, 0x0000023f683d88f0,
0x0000023f661e30f0, 0x0000023f6a930c80, 0x0000023f6a931310, 0x0000023f683d9ca0,
0x0000023f683d8f80, 0x0000023f7709c820, 0x0000023f68a53d60, 0x0000023f68a543f0,
0x0000023f661e0990, 0x0000023f661e0300, 0x0000023f544fb660, 0x0000023f67e2c220,
0x0000023f67e2cf40, 0x0000023f67e2c8b0, 0x0000023f67e2d5d0, 0x0000023f67e2dc60,
0x0000023f67e2e2f0, 0x0000023f6a932030, 0x0000023f6a9326c0, 0x0000023f770a37b0,
0x0000023f770a3120, 0x0000023f770a1d70, 0x0000023f770a16e0, 0x0000023f770a2400,
0x0000023f68a54a80, 0x0000023f68a55110, 0x0000023f69c4efa0, 0x0000023f69c4fcc0,
0x0000023f69c51d90, 0x0000023f69c4f630, 0x0000023f69c50350, 0x0000023f69c52420,
0x0000023f69c509e0, 0x0000023f69c51070, 0x0000023f67f22b70, 0x0000023f67f23f20
}

Java Threads: ( => current thread )
  0x0000023f3c82b200 JavaThread "main"                              [_thread_blocked, id=22448, stack(0x000000a48a200000,0x000000a48a300000) (1024K)]
  0x0000023f540ca890 JavaThread "Common-Cleaner"             daemon [_thread_blocked, id=29760, stack(0x000000a48aa00000,0x000000a48ab00000) (1024K)]
  0x0000023f540dd670 JavaThread "Reference Handler"          daemon [_thread_blocked, id=29036, stack(0x000000a48ab00000,0x000000a48ac00000) (1024K)]
  0x0000023f540de0d0 JavaThread "Finalizer"                  daemon [_thread_blocked, id=29544, stack(0x000000a48ac00000,0x000000a48ad00000) (1024K)]
  0x0000023f540df4d0 JavaThread "Signal Dispatcher"          daemon [_thread_blocked, id=24912, stack(0x000000a48ad00000,0x000000a48ae00000) (1024K)]
  0x0000023f540f26d0 JavaThread "Attach Listener"            daemon [_thread_blocked, id=14208, stack(0x000000a48ae00000,0x000000a48af00000) (1024K)]
  0x0000023f540f3130 JavaThread "Service Thread"             daemon [_thread_blocked, id=29168, stack(0x000000a48af00000,0x000000a48b000000) (1024K)]
  0x0000023f54113050 JavaThread "Monitor Deflation Thread"   daemon [_thread_blocked, id=17996, stack(0x000000a48b000000,0x000000a48b100000) (1024K)]
=>0x0000023f540f90a0 JavaThread "C2 CompilerThread0"         daemon [_thread_in_native, id=21552, stack(0x000000a48b100000,0x000000a48b200000) (1024K)]
  0x0000023f54114df0 JavaThread "C1 CompilerThread0"         daemon [_thread_blocked, id=31304, stack(0x000000a48b200000,0x000000a48b300000) (1024K)]
  0x0000023f541c08d0 JavaThread "Notification Thread"        daemon [_thread_blocked, id=8696, stack(0x000000a48b300000,0x000000a48b400000) (1024K)]
  0x0000023f541c1c80 JavaThread "Daemon health stats"               [_thread_blocked, id=27644, stack(0x000000a48b800000,0x000000a48b900000) (1024K)]
  0x0000023f541c2310 JavaThread "Incoming local TCP Connector on port 54715"        [_thread_in_native, id=30416, stack(0x000000a48b900000,0x000000a48ba00000) (1024K)]
  0x0000023f541c0240 JavaThread "Daemon periodic checks"            [_thread_blocked, id=1912, stack(0x000000a48ba00000,0x000000a48bb00000) (1024K)]
  0x0000023f5a649640 JavaThread "Cache worker for journal cache (C:\Users\nickine chrise.j\.gradle\caches\journal-1)"        [_thread_blocked, id=18508, stack(0x000000a48c600000,0x000000a48c700000) (1024K)]
  0x0000023f5a649cd0 JavaThread "File lock request listener"        [_thread_in_native, id=19496, stack(0x000000a48c700000,0x000000a48c800000) (1024K)]
  0x0000023f5a64a360 JavaThread "Cache worker for file hash cache (C:\Users\nickine chrise.j\.gradle\caches\8.13\fileHashes)"        [_thread_blocked, id=5692, stack(0x000000a48c800000,0x000000a48c900000) (1024K)]
  0x0000023f5a64d150 JavaThread "Cache worker for file content cache (C:\Users\nickine chrise.j\.gradle\caches\8.13\fileContent)"        [_thread_blocked, id=7860, stack(0x000000a48cc00000,0x000000a48cd00000) (1024K)]
  0x0000023f5a64de70 JavaThread "File watcher server"        daemon [_thread_in_native, id=16408, stack(0x000000a48cd00000,0x000000a48ce00000) (1024K)]
  0x0000023f5a64b710 JavaThread "File watcher consumer"      daemon [_thread_blocked, id=21652, stack(0x000000a48ce00000,0x000000a48cf00000) (1024K)]
  0x0000023f5a64d7e0 JavaThread "Memory manager"                    [_thread_blocked, id=14720, stack(0x000000a48cf00000,0x000000a48d000000) (1024K)]
  0x0000023f5ad0ee70 JavaThread "RMI Scheduler(0)"           daemon [_thread_blocked, id=14860, stack(0x000000a493b00000,0x000000a493c00000) (1024K)]
  0x0000023f5ad10f40 JavaThread "RMI TCP Accept-0"           daemon [_thread_in_native, id=29052, stack(0x000000a493e00000,0x000000a493f00000) (1024K)]
  0x0000023f66408dc0 JavaThread "Cache worker for Java compile cache (C:\Users\nickine chrise.j\.gradle\caches\8.13\javaCompile)"        [_thread_blocked, id=14744, stack(0x000000a494100000,0x000000a494200000) (1024K)]
  0x0000023f6640fd50 JavaThread "jar transforms"                    [_thread_blocked, id=14592, stack(0x000000a48c400000,0x000000a48c500000) (1024K)]
  0x0000023f6640c8d0 JavaThread "jar transforms Thread 2"           [_thread_blocked, id=9180, stack(0x000000a48c900000,0x000000a48ca00000) (1024K)]
  0x0000023f664103e0 JavaThread "jar transforms Thread 3"           [_thread_blocked, id=24396, stack(0x000000a48ca00000,0x000000a48cb00000) (1024K)]
  0x0000023f6640e9a0 JavaThread "jar transforms Thread 4"           [_thread_blocked, id=22572, stack(0x000000a48cb00000,0x000000a48cc00000) (1024K)]
  0x0000023f6640dc80 JavaThread "jar transforms Thread 5"           [_thread_blocked, id=25780, stack(0x000000a48d000000,0x000000a48d100000) (1024K)]
  0x0000023f6640e310 JavaThread "jar transforms Thread 6"           [_thread_blocked, id=31440, stack(0x000000a48d100000,0x000000a48d200000) (1024K)]
  0x0000023f66410a70 JavaThread "jar transforms Thread 7"           [_thread_blocked, id=11736, stack(0x000000a48d200000,0x000000a48d300000) (1024K)]
  0x0000023f6640d5f0 JavaThread "jar transforms Thread 8"           [_thread_blocked, id=7200, stack(0x000000a48d300000,0x000000a48d400000) (1024K)]
  0x0000023f6558ac80 JavaThread "Daemon Thread 18"                  [_thread_blocked, id=6496, stack(0x000000a489f00000,0x000000a48a000000) (1024K)]
  0x0000023f64709d40 JavaThread "Handler for socket connection from /127.0.0.1:54715 to /127.0.0.1:49944"        [_thread_in_native, id=1932, stack(0x000000a48a000000,0x000000a48a100000) (1024K)]
  0x0000023f647075e0 JavaThread "Cancel handler"                    [_thread_blocked, id=26012, stack(0x000000a48a100000,0x000000a48a200000) (1024K)]
  0x0000023f6470aa60 JavaThread "Daemon worker Thread 16"           [_thread_in_vm, id=3584, stack(0x000000a48be00000,0x000000a48bf00000) (1024K)]
  0x0000023f6558b310 JavaThread "Asynchronous log dispatcher for DefaultDaemonConnection: socket connection from /127.0.0.1:54715 to /127.0.0.1:49944"        [_thread_blocked, id=8860, stack(0x000000a48bf00000,0x000000a48c000000) (1024K)]
  0x0000023f6558b9a0 JavaThread "Stdin handler"                     [_thread_blocked, id=6604, stack(0x000000a48c000000,0x000000a48c100000) (1024K)]
  0x0000023f6558c030 JavaThread "Daemon client event forwarder"        [_thread_blocked, id=8536, stack(0x000000a48c100000,0x000000a48c200000) (1024K)]
  0x0000023f6aa3f780 JavaThread "Cache worker for file hash cache (C:\Users\nickine chrise.j\AndroidStudioProjects\AngelGuard\.gradle\8.13\fileHashes)"        [_thread_blocked, id=3652, stack(0x000000a48c200000,0x000000a48c300000) (1024K)]
  0x0000023f6aa3fe10 JavaThread "Cache worker for Build Output Cleanup Cache (C:\Users\nickine chrise.j\AndroidStudioProjects\AngelGuard\.gradle\buildOutputCleanup)"        [_thread_blocked, id=31644, stack(0x000000a48c300000,0x000000a48c400000) (1024K)]
  0x0000023f7709e8f0 JavaThread "Cache worker for checksums cache (C:\Users\nickine chrise.j\AndroidStudioProjects\AngelGuard\.gradle\8.13\checksums)"        [_thread_blocked, id=13340, stack(0x000000a48d400000,0x000000a48d500000) (1024K)]
  0x0000023f68a564c0 JavaThread "Cache worker for cache directory md-supplier (C:\Users\nickine chrise.j\.gradle\caches\8.13\md-supplier)"        [_thread_blocked, id=28840, stack(0x000000a48d500000,0x000000a48d600000) (1024K)]
  0x0000023f68a53040 JavaThread "Cache worker for cache directory md-rule (C:\Users\nickine chrise.j\.gradle\caches\8.13\md-rule)"        [_thread_blocked, id=18664, stack(0x000000a48d600000,0x000000a48d700000) (1024K)]
  0x0000023f661e23d0 JavaThread "Unconstrained build operations"        [_thread_blocked, id=25596, stack(0x000000a48d700000,0x000000a48d800000) (1024K)]
  0x0000023f661e3780 JavaThread "Unconstrained build operations Thread 2"        [_thread_blocked, id=15164, stack(0x000000a48d800000,0x000000a48d900000) (1024K)]
  0x0000023f6470b0f0 JavaThread "Unconstrained build operations Thread 3"        [_thread_blocked, id=13668, stack(0x000000a48d900000,0x000000a48da00000) (1024K)]
  0x0000023f64707c70 JavaThread "Unconstrained build operations Thread 4"        [_thread_blocked, id=6640, stack(0x000000a48da00000,0x000000a48db00000) (1024K)]
  0x0000023f6470b780 JavaThread "Unconstrained build operations Thread 5"        [_thread_blocked, id=4636, stack(0x000000a48db00000,0x000000a48dc00000) (1024K)]
  0x0000023f6470dee0 JavaThread "Unconstrained build operations Thread 6"        [_thread_blocked, id=19316, stack(0x000000a48dc00000,0x000000a48dd00000) (1024K)]
  0x0000023f6470be10 JavaThread "Unconstrained build operations Thread 7"        [_thread_blocked, id=27276, stack(0x000000a48dd00000,0x000000a48de00000) (1024K)]
  0x0000023f683d88f0 JavaThread "Unconstrained build operations Thread 8"        [_thread_blocked, id=27672, stack(0x000000a48de00000,0x000000a48df00000) (1024K)]
  0x0000023f661e30f0 JavaThread "Unconstrained build operations Thread 9"        [_thread_blocked, id=25404, stack(0x000000a48df00000,0x000000a48e000000) (1024K)]
  0x0000023f6a930c80 JavaThread "Unconstrained build operations Thread 10"        [_thread_blocked, id=7008, stack(0x000000a48e000000,0x000000a48e100000) (1024K)]
  0x0000023f6a931310 JavaThread "Unconstrained build operations Thread 11"        [_thread_blocked, id=28080, stack(0x000000a48e100000,0x000000a48e200000) (1024K)]
  0x0000023f683d9ca0 JavaThread "Unconstrained build operations Thread 12"        [_thread_blocked, id=25708, stack(0x000000a48e200000,0x000000a48e300000) (1024K)]
  0x0000023f683d8f80 JavaThread "Unconstrained build operations Thread 13"        [_thread_blocked, id=28020, stack(0x000000a48e300000,0x000000a48e400000) (1024K)]
  0x0000023f7709c820 JavaThread "Unconstrained build operations Thread 14"        [_thread_blocked, id=4724, stack(0x000000a48e400000,0x000000a48e500000) (1024K)]
  0x0000023f68a53d60 JavaThread "Unconstrained build operations Thread 15"        [_thread_blocked, id=1884, stack(0x000000a48e500000,0x000000a48e600000) (1024K)]
  0x0000023f68a543f0 JavaThread "Unconstrained build operations Thread 16"        [_thread_blocked, id=28252, stack(0x000000a48e600000,0x000000a48e700000) (1024K)]
  0x0000023f661e0990 JavaThread "Unconstrained build operations Thread 17"        [_thread_blocked, id=13240, stack(0x000000a48e700000,0x000000a48e800000) (1024K)]
  0x0000023f661e0300 JavaThread "Unconstrained build operations Thread 18"        [_thread_blocked, id=21244, stack(0x000000a48e800000,0x000000a48e900000) (1024K)]
  0x0000023f544fb660 JavaThread "Unconstrained build operations Thread 19"        [_thread_blocked, id=17372, stack(0x000000a48e900000,0x000000a48ea00000) (1024K)]
  0x0000023f67e2c220 JavaThread "Unconstrained build operations Thread 20"        [_thread_blocked, id=24568, stack(0x000000a48ea00000,0x000000a48eb00000) (1024K)]
  0x0000023f67e2cf40 JavaThread "Unconstrained build operations Thread 21"        [_thread_blocked, id=10768, stack(0x000000a48eb00000,0x000000a48ec00000) (1024K)]
  0x0000023f67e2c8b0 JavaThread "Unconstrained build operations Thread 22"        [_thread_blocked, id=2328, stack(0x000000a48ec00000,0x000000a48ed00000) (1024K)]
  0x0000023f67e2d5d0 JavaThread "Unconstrained build operations Thread 23"        [_thread_blocked, id=19428, stack(0x000000a48ed00000,0x000000a48ee00000) (1024K)]
  0x0000023f67e2dc60 JavaThread "Unconstrained build operations Thread 24"        [_thread_blocked, id=20252, stack(0x000000a48ee00000,0x000000a48ef00000) (1024K)]
  0x0000023f67e2e2f0 JavaThread "Unconstrained build operations Thread 25"        [_thread_blocked, id=16620, stack(0x000000a48ef00000,0x000000a48f000000) (1024K)]
  0x0000023f6a932030 JavaThread "Problems report writer"            [_thread_blocked, id=9744, stack(0x000000a48f000000,0x000000a48f100000) (1024K)]
  0x0000023f6a9326c0 JavaThread "included builds"                   [_thread_blocked, id=20004, stack(0x000000a48f100000,0x000000a48f200000) (1024K)]
  0x0000023f770a37b0 JavaThread "Execution worker"                  [_thread_blocked, id=28828, stack(0x000000a48f200000,0x000000a48f300000) (1024K)]
  0x0000023f770a3120 JavaThread "Execution worker Thread 2"         [_thread_blocked, id=17796, stack(0x000000a48f300000,0x000000a48f400000) (1024K)]
  0x0000023f770a1d70 JavaThread "Execution worker Thread 3"         [_thread_blocked, id=1716, stack(0x000000a48f400000,0x000000a48f500000) (1024K)]
  0x0000023f770a16e0 JavaThread "Execution worker Thread 4"         [_thread_blocked, id=17956, stack(0x000000a48f500000,0x000000a48f600000) (1024K)]
  0x0000023f770a2400 JavaThread "Execution worker Thread 5"         [_thread_blocked, id=20428, stack(0x000000a48f600000,0x000000a48f700000) (1024K)]
  0x0000023f68a54a80 JavaThread "Execution worker Thread 6"         [_thread_blocked, id=24204, stack(0x000000a48f700000,0x000000a48f800000) (1024K)]
  0x0000023f68a55110 JavaThread "Execution worker Thread 7"         [_thread_blocked, id=30444, stack(0x000000a48f800000,0x000000a48f900000) (1024K)]
  0x0000023f69c4efa0 JavaThread "Cache worker for execution history cache (C:\Users\nickine chrise.j\AndroidStudioProjects\AngelGuard\.gradle\8.13\executionHistory)"        [_thread_blocked, id=27220, stack(0x000000a48f900000,0x000000a48fa00000) (1024K)]
  0x0000023f69c4fcc0 JavaThread "idea-tooling-model-converter"        [_thread_blocked, id=380, stack(0x000000a48fa00000,0x000000a48fb00000) (1024K)]
  0x0000023f69c51d90 JavaThread "Unconstrained build operations Thread 26"        [_thread_blocked, id=26836, stack(0x000000a48fb00000,0x000000a48fc00000) (1024K)]
  0x0000023f69c4f630 JavaThread "Unconstrained build operations Thread 27"        [_thread_blocked, id=22676, stack(0x000000a48fc00000,0x000000a48fd00000) (1024K)]
  0x0000023f69c50350 JavaThread "Unconstrained build operations Thread 28"        [_thread_blocked, id=19520, stack(0x000000a48fd00000,0x000000a48fe00000) (1024K)]
  0x0000023f69c52420 JavaThread "Unconstrained build operations Thread 29"        [_thread_blocked, id=19028, stack(0x000000a48fe00000,0x000000a48ff00000) (1024K)]
  0x0000023f69c509e0 JavaThread "Unconstrained build operations Thread 30"        [_thread_blocked, id=18128, stack(0x000000a48ff00000,0x000000a490000000) (1024K)]
  0x0000023f69c51070 JavaThread "Unconstrained build operations Thread 31"        [_thread_blocked, id=2428, stack(0x000000a490000000,0x000000a490100000) (1024K)]
  0x0000023f67f22b70 JavaThread "Unconstrained build operations Thread 32"        [_thread_blocked, id=24292, stack(0x000000a490100000,0x000000a490200000) (1024K)]
  0x0000023f67f23f20 JavaThread "Unconstrained build operations Thread 33"        [_thread_blocked, id=15808, stack(0x000000a490200000,0x000000a490300000) (1024K)]
Total: 88

Other Threads:
  0x0000023f53f1cc20 VMThread "VM Thread"                           [id=25636, stack(0x000000a48a900000,0x000000a48aa00000) (1024K)]
  0x0000023f53eb5730 WatcherThread "VM Periodic Task Thread"        [id=19976, stack(0x000000a48a800000,0x000000a48a900000) (1024K)]
  0x0000023f3c8837a0 WorkerThread "GC Thread#0"                     [id=10036, stack(0x000000a48a300000,0x000000a48a400000) (1024K)]
  0x0000023f543c9980 WorkerThread "GC Thread#1"                     [id=6188, stack(0x000000a48b400000,0x000000a48b500000) (1024K)]
  0x0000023f5491fe20 WorkerThread "GC Thread#2"                     [id=19452, stack(0x000000a48b500000,0x000000a48b600000) (1024K)]
  0x0000023f59498850 WorkerThread "GC Thread#3"                     [id=27668, stack(0x000000a48b600000,0x000000a48b700000) (1024K)]
  0x0000023f5947e8c0 WorkerThread "GC Thread#4"                     [id=22700, stack(0x000000a48b700000,0x000000a48b800000) (1024K)]
  0x0000023f5a01cc70 WorkerThread "GC Thread#5"                     [id=16076, stack(0x000000a48bb00000,0x000000a48bc00000) (1024K)]
  0x0000023f5a01e290 WorkerThread "GC Thread#6"                     [id=30172, stack(0x000000a48bc00000,0x000000a48bd00000) (1024K)]
  0x0000023f5a01d020 WorkerThread "GC Thread#7"                     [id=22540, stack(0x000000a48bd00000,0x000000a48be00000) (1024K)]
  0x0000023f3c8954e0 ConcurrentGCThread "G1 Main Marker"            [id=14512, stack(0x000000a48a400000,0x000000a48a500000) (1024K)]
  0x0000023f3c8966a0 WorkerThread "G1 Conc#0"                       [id=7980, stack(0x000000a48a500000,0x000000a48a600000) (1024K)]
  0x0000023f5a01d3d0 WorkerThread "G1 Conc#1"                       [id=7448, stack(0x000000a48c500000,0x000000a48c600000) (1024K)]
  0x0000023f3c8ee930 ConcurrentGCThread "G1 Refine#0"               [id=28392, stack(0x000000a48a600000,0x000000a48a700000) (1024K)]
  0x0000023f53d85580 ConcurrentGCThread "G1 Service"                [id=23432, stack(0x000000a48a700000,0x000000a48a800000) (1024K)]
Total: 15

Threads with active compile tasks:
C2 CompilerThread0  21674294 57354   !   4       java.lang.invoke.InnerClassLambdaMetafactory::generateInnerClass (506 bytes)
Total: 1

VM state: not at safepoint (normal execution)

VM Mutex/Monitor currently owned by a thread: None

Heap address: 0x0000000080000000, size: 2048 MB, Compressed Oops mode: 32-bit

CDS archive(s) not mapped
Compressed class space mapped at: 0x0000000100000000-0x0000000140000000, reserved size: 1073741824
Narrow klass base: 0x0000000000000000, Narrow klass shift: 3, Narrow klass range: 0x140000000

GC Precious Log:
 CardTable entry size: 512
 Card Set container configuration: InlinePtr #cards 5 size 8 Array Of Cards #cards 12 size 40 Howl #buckets 4 coarsen threshold 1843 Howl Bitmap #cards 512 size 80 coarsen threshold 460 Card regions per heap region 1 cards per card region 2048
 CPUs: 8 total, 8 available
 Memory: 8022M
 Large Page Support: Disabled
 NUMA Support: Disabled
 Compressed Oops: Enabled (32-bit)
 Heap Region Size: 1M
 Heap Min Capacity: 8M
 Heap Initial Capacity: 126M
 Heap Max Capacity: 2G
 Pre-touch: Disabled
 Parallel Workers: 8
 Concurrent Workers: 2
 Concurrent Refinement Workers: 8
 Periodic GC: Disabled

Heap:
 garbage-first heap   total 865280K, used 500909K [0x0000000080000000, 0x0000000100000000)
  region size 1024K, 172 young (176128K), 3 survivors (3072K)
 Metaspace       used 314012K, committed 316288K, reserved 1376256K
  class space    used 40353K, committed 41472K, reserved 1048576K

Heap Regions: E=young(eden), S=young(survivor), O=old, HS=humongous(starts), HC=humongous(continues), CS=collection set, F=free, TAMS=top-at-mark-start, PB=parsable bottom
|   0|0x0000000080000000, 0x0000000080100000, 0x0000000080100000|100%|HS|  |TAMS 0x0000000080000000| PB 0x0000000080000000| Complete 
|   1|0x0000000080100000, 0x0000000080200000, 0x0000000080200000|100%|HC|  |TAMS 0x0000000080100000| PB 0x0000000080100000| Complete 
|   2|0x0000000080200000, 0x0000000080300000, 0x0000000080300000|100%|HC|  |TAMS 0x0000000080200000| PB 0x0000000080200000| Complete 
|   3|0x0000000080300000, 0x00000000803ffff8, 0x0000000080400000| 99%| O|  |TAMS 0x0000000080300000| PB 0x0000000080300000| Untracked 
|   4|0x0000000080400000, 0x0000000080500000, 0x0000000080500000|100%| O|  |TAMS 0x0000000080400000| PB 0x0000000080400000| Untracked 
|   5|0x0000000080500000, 0x0000000080600000, 0x0000000080600000|100%|HS|  |TAMS 0x0000000080500000| PB 0x0000000080500000| Complete 
|   6|0x0000000080600000, 0x00000000806f4888, 0x0000000080700000| 95%| O|  |TAMS 0x0000000080600000| PB 0x0000000080600000| Untracked 
|   7|0x0000000080700000, 0x0000000080800000, 0x0000000080800000|100%| O|  |TAMS 0x0000000080700000| PB 0x0000000080700000| Untracked 
|   8|0x0000000080800000, 0x0000000080900000, 0x0000000080900000|100%| O|  |TAMS 0x0000000080800000| PB 0x0000000080800000| Untracked 
|   9|0x0000000080900000, 0x0000000080a00000, 0x0000000080a00000|100%| O|  |TAMS 0x0000000080900000| PB 0x0000000080900000| Untracked 
|  10|0x0000000080a00000, 0x0000000080b00000, 0x0000000080b00000|100%| O|  |TAMS 0x0000000080a00000| PB 0x0000000080a00000| Untracked 
|  11|0x0000000080b00000, 0x0000000080bffff8, 0x0000000080c00000| 99%| O|  |TAMS 0x0000000080b00000| PB 0x0000000080b00000| Untracked 
|  12|0x0000000080c00000, 0x0000000080cffff0, 0x0000000080d00000| 99%| O|  |TAMS 0x0000000080c00000| PB 0x0000000080c00000| Untracked 
|  13|0x0000000080d00000, 0x0000000080e00000, 0x0000000080e00000|100%| O|  |TAMS 0x0000000080d00000| PB 0x0000000080d00000| Untracked 
|  14|0x0000000080e00000, 0x0000000080effff8, 0x0000000080f00000| 99%| O|  |TAMS 0x0000000080e00000| PB 0x0000000080e00000| Untracked 
|  15|0x0000000080f00000, 0x0000000080fee778, 0x0000000081000000| 93%| O|  |TAMS 0x0000000080f00000| PB 0x0000000080f00000| Untracked 
|  16|0x0000000081000000, 0x00000000810fe410, 0x0000000081100000| 99%| O|  |TAMS 0x0000000081000000| PB 0x0000000081000000| Untracked 
|  17|0x0000000081100000, 0x00000000811ffff8, 0x0000000081200000| 99%| O|  |TAMS 0x0000000081100000| PB 0x0000000081100000| Untracked 
|  18|0x0000000081200000, 0x00000000812dd420, 0x0000000081300000| 86%| O|  |TAMS 0x0000000081200000| PB 0x0000000081200000| Untracked 
|  19|0x0000000081300000, 0x00000000813fffd8, 0x0000000081400000| 99%| O|  |TAMS 0x0000000081300000| PB 0x0000000081300000| Untracked 
|  20|0x0000000081400000, 0x00000000814fffe0, 0x0000000081500000| 99%| O|  |TAMS 0x0000000081400000| PB 0x0000000081400000| Untracked 
|  21|0x0000000081500000, 0x0000000081600000, 0x0000000081600000|100%| O|  |TAMS 0x0000000081500000| PB 0x0000000081500000| Untracked 
|  22|0x0000000081600000, 0x00000000816fffe8, 0x0000000081700000| 99%| O|  |TAMS 0x0000000081600000| PB 0x0000000081600000| Untracked 
|  23|0x0000000081700000, 0x0000000081800000, 0x0000000081800000|100%|HS|  |TAMS 0x0000000081700000| PB 0x0000000081700000| Complete 
|  24|0x0000000081800000, 0x0000000081900000, 0x0000000081900000|100%|HS|  |TAMS 0x0000000081800000| PB 0x0000000081800000| Complete 
|  25|0x0000000081900000, 0x0000000081a00000, 0x0000000081a00000|100%|HS|  |TAMS 0x0000000081900000| PB 0x0000000081900000| Complete 
|  26|0x0000000081a00000, 0x0000000081b00000, 0x0000000081b00000|100%|HS|  |TAMS 0x0000000081a00000| PB 0x0000000081a00000| Complete 
|  27|0x0000000081b00000, 0x0000000081c00000, 0x0000000081c00000|100%| O|  |TAMS 0x0000000081b00000| PB 0x0000000081b00000| Untracked 
|  28|0x0000000081c00000, 0x0000000081cfffc8, 0x0000000081d00000| 99%| O|  |TAMS 0x0000000081c00000| PB 0x0000000081c00000| Untracked 
|  29|0x0000000081d00000, 0x0000000081dbdb28, 0x0000000081e00000| 74%| O|  |TAMS 0x0000000081d00000| PB 0x0000000081d00000| Untracked 
|  30|0x0000000081e00000, 0x0000000081f00000, 0x0000000081f00000|100%| O|  |TAMS 0x0000000081e00000| PB 0x0000000081e00000| Untracked 
|  31|0x0000000081f00000, 0x0000000081ffffe0, 0x0000000082000000| 99%| O|  |TAMS 0x0000000081f00000| PB 0x0000000081f00000| Untracked 
|  32|0x0000000082000000, 0x0000000082100000, 0x0000000082100000|100%|HS|  |TAMS 0x0000000082000000| PB 0x0000000082000000| Complete 
|  33|0x0000000082100000, 0x0000000082200000, 0x0000000082200000|100%|HC|  |TAMS 0x0000000082100000| PB 0x0000000082100000| Complete 
|  34|0x0000000082200000, 0x0000000082300000, 0x0000000082300000|100%| O|  |TAMS 0x0000000082200000| PB 0x0000000082200000| Untracked 
|  35|0x0000000082300000, 0x00000000823ffcb8, 0x0000000082400000| 99%| O|  |TAMS 0x0000000082300000| PB 0x0000000082300000| Untracked 
|  36|0x0000000082400000, 0x0000000082500000, 0x0000000082500000|100%| O|  |TAMS 0x0000000082400000| PB 0x0000000082400000| Untracked 
|  37|0x0000000082500000, 0x00000000825fffe8, 0x0000000082600000| 99%| O|  |TAMS 0x0000000082500000| PB 0x0000000082500000| Untracked 
|  38|0x0000000082600000, 0x0000000082700000, 0x0000000082700000|100%|HS|  |TAMS 0x0000000082600000| PB 0x0000000082600000| Complete 
|  39|0x0000000082700000, 0x0000000082800000, 0x0000000082800000|100%|HS|  |TAMS 0x0000000082700000| PB 0x0000000082700000| Complete 
|  40|0x0000000082800000, 0x0000000082900000, 0x0000000082900000|100%|HC|  |TAMS 0x0000000082800000| PB 0x0000000082800000| Complete 
|  41|0x0000000082900000, 0x0000000082a00000, 0x0000000082a00000|100%|HS|  |TAMS 0x0000000082900000| PB 0x0000000082900000| Complete 
|  42|0x0000000082a00000, 0x0000000082b00000, 0x0000000082b00000|100%|HC|  |TAMS 0x0000000082a00000| PB 0x0000000082a00000| Complete 
|  43|0x0000000082b00000, 0x0000000082c00000, 0x0000000082c00000|100%|HC|  |TAMS 0x0000000082b00000| PB 0x0000000082b00000| Complete 
|  44|0x0000000082c00000, 0x0000000082d00000, 0x0000000082d00000|100%|HC|  |TAMS 0x0000000082c00000| PB 0x0000000082c00000| Complete 
|  45|0x0000000082d00000, 0x0000000082e00000, 0x0000000082e00000|100%|HS|  |TAMS 0x0000000082d00000| PB 0x0000000082d00000| Complete 
|  46|0x0000000082e00000, 0x0000000082f00000, 0x0000000082f00000|100%| O|  |TAMS 0x0000000082e00000| PB 0x0000000082e00000| Untracked 
|  47|0x0000000082f00000, 0x0000000083000000, 0x0000000083000000|100%| O|  |TAMS 0x0000000082f00000| PB 0x0000000082f00000| Untracked 
|  48|0x0000000083000000, 0x00000000830fffe8, 0x0000000083100000| 99%| O|  |TAMS 0x0000000083000000| PB 0x0000000083000000| Untracked 
|  49|0x0000000083100000, 0x0000000083200000, 0x0000000083200000|100%| O|  |TAMS 0x0000000083100000| PB 0x0000000083100000| Untracked 
|  50|0x0000000083200000, 0x0000000083300000, 0x0000000083300000|100%|HS|  |TAMS 0x0000000083200000| PB 0x0000000083200000| Complete 
|  51|0x0000000083300000, 0x0000000083400000, 0x0000000083400000|100%|HC|  |TAMS 0x0000000083300000| PB 0x0000000083300000| Complete 
|  52|0x0000000083400000, 0x0000000083500000, 0x0000000083500000|100%|HC|  |TAMS 0x0000000083400000| PB 0x0000000083400000| Complete 
|  53|0x0000000083500000, 0x0000000083600000, 0x0000000083600000|100%|HC|  |TAMS 0x0000000083500000| PB 0x0000000083500000| Complete 
|  54|0x0000000083600000, 0x00000000836fffb8, 0x0000000083700000| 99%| O|  |TAMS 0x0000000083600000| PB 0x0000000083600000| Untracked 
|  55|0x0000000083700000, 0x00000000837fffc0, 0x0000000083800000| 99%| O|  |TAMS 0x0000000083700000| PB 0x0000000083700000| Untracked 
|  56|0x0000000083800000, 0x0000000083900000, 0x0000000083900000|100%| O|  |TAMS 0x0000000083800000| PB 0x0000000083800000| Untracked 
|  57|0x0000000083900000, 0x00000000839ffff8, 0x0000000083a00000| 99%| O|  |TAMS 0x0000000083900000| PB 0x0000000083900000| Untracked 
|  58|0x0000000083a00000, 0x0000000083affff8, 0x0000000083b00000| 99%| O|  |TAMS 0x0000000083a00000| PB 0x0000000083a00000| Untracked 
|  59|0x0000000083b00000, 0x0000000083bfffb0, 0x0000000083c00000| 99%| O|  |TAMS 0x0000000083b00000| PB 0x0000000083b00000| Untracked 
|  60|0x0000000083c00000, 0x0000000083cffff8, 0x0000000083d00000| 99%| O|  |TAMS 0x0000000083c00000| PB 0x0000000083c00000| Untracked 
|  61|0x0000000083d00000, 0x0000000083dffff8, 0x0000000083e00000| 99%| O|  |TAMS 0x0000000083d00000| PB 0x0000000083d00000| Untracked 
|  62|0x0000000083e00000, 0x0000000083efff98, 0x0000000083f00000| 99%| O|  |TAMS 0x0000000083e00000| PB 0x0000000083e00000| Untracked 
|  63|0x0000000083f00000, 0x0000000084000000, 0x0000000084000000|100%| O|  |TAMS 0x0000000083f00000| PB 0x0000000083f00000| Untracked 
|  64|0x0000000084000000, 0x00000000840f1278, 0x0000000084100000| 94%| O|  |TAMS 0x0000000084000000| PB 0x0000000084000000| Untracked 
|  65|0x0000000084100000, 0x0000000084200000, 0x0000000084200000|100%| O|  |TAMS 0x0000000084100000| PB 0x0000000084100000| Untracked 
|  66|0x0000000084200000, 0x0000000084300000, 0x0000000084300000|100%| O|  |TAMS 0x0000000084200000| PB 0x0000000084200000| Untracked 
|  67|0x0000000084300000, 0x00000000843ffff0, 0x0000000084400000| 99%| O|  |TAMS 0x0000000084300000| PB 0x0000000084300000| Untracked 
|  68|0x0000000084400000, 0x00000000844fffd0, 0x0000000084500000| 99%| O|  |TAMS 0x0000000084400000| PB 0x0000000084400000| Untracked 
|  69|0x0000000084500000, 0x0000000084600000, 0x0000000084600000|100%| O|  |TAMS 0x0000000084500000| PB 0x0000000084500000| Untracked 
|  70|0x0000000084600000, 0x00000000846fffd0, 0x0000000084700000| 99%| O|  |TAMS 0x0000000084600000| PB 0x0000000084600000| Untracked 
|  71|0x0000000084700000, 0x00000000847ffff0, 0x0000000084800000| 99%| O|  |TAMS 0x0000000084700000| PB 0x0000000084700000| Untracked 
|  72|0x0000000084800000, 0x00000000848ffff0, 0x0000000084900000| 99%| O|  |TAMS 0x0000000084800000| PB 0x0000000084800000| Untracked 
|  73|0x0000000084900000, 0x0000000084a00000, 0x0000000084a00000|100%| O|  |TAMS 0x0000000084900000| PB 0x0000000084900000| Untracked 
|  74|0x0000000084a00000, 0x0000000084b00000, 0x0000000084b00000|100%| O|  |TAMS 0x0000000084a00000| PB 0x0000000084a00000| Untracked 
|  75|0x0000000084b00000, 0x0000000084bfffb8, 0x0000000084c00000| 99%| O|  |TAMS 0x0000000084b00000| PB 0x0000000084b00000| Untracked 
|  76|0x0000000084c00000, 0x0000000084cffff0, 0x0000000084d00000| 99%| O|  |TAMS 0x0000000084c00000| PB 0x0000000084c00000| Untracked 
|  77|0x0000000084d00000, 0x0000000084e00000, 0x0000000084e00000|100%| O|  |TAMS 0x0000000084d00000| PB 0x0000000084d00000| Untracked 
|  78|0x0000000084e00000, 0x0000000084f00000, 0x0000000084f00000|100%| O|  |TAMS 0x0000000084e00000| PB 0x0000000084e00000| Untracked 
|  79|0x0000000084f00000, 0x0000000085000000, 0x0000000085000000|100%| O|  |TAMS 0x0000000084f00000| PB 0x0000000084f00000| Untracked 
|  80|0x0000000085000000, 0x00000000850ffff8, 0x0000000085100000| 99%| O|  |TAMS 0x0000000085000000| PB 0x0000000085000000| Untracked 
|  81|0x0000000085100000, 0x00000000851fcc80, 0x0000000085200000| 98%| O|  |TAMS 0x0000000085100000| PB 0x0000000085100000| Untracked 
|  82|0x0000000085200000, 0x00000000852ffff0, 0x0000000085300000| 99%| O|  |TAMS 0x0000000085200000| PB 0x0000000085200000| Untracked 
|  83|0x0000000085300000, 0x00000000853fffe8, 0x0000000085400000| 99%| O|  |TAMS 0x0000000085300000| PB 0x0000000085300000| Untracked 
|  84|0x0000000085400000, 0x0000000085500000, 0x0000000085500000|100%| O|  |TAMS 0x0000000085400000| PB 0x0000000085400000| Untracked 
|  85|0x0000000085500000, 0x0000000085600000, 0x0000000085600000|100%| O|  |TAMS 0x0000000085500000| PB 0x0000000085500000| Untracked 
|  86|0x0000000085600000, 0x00000000856fffe8, 0x0000000085700000| 99%| O|  |TAMS 0x0000000085600000| PB 0x0000000085600000| Untracked 
|  87|0x0000000085700000, 0x0000000085800000, 0x0000000085800000|100%| O|  |TAMS 0x0000000085700000| PB 0x0000000085700000| Untracked 
|  88|0x0000000085800000, 0x00000000858fffe0, 0x0000000085900000| 99%| O|  |TAMS 0x0000000085800000| PB 0x0000000085800000| Untracked 
|  89|0x0000000085900000, 0x0000000085a00000, 0x0000000085a00000|100%| O|  |TAMS 0x0000000085900000| PB 0x0000000085900000| Untracked 
|  90|0x0000000085a00000, 0x0000000085b00000, 0x0000000085b00000|100%| O|  |TAMS 0x0000000085a00000| PB 0x0000000085a00000| Untracked 
|  91|0x0000000085b00000, 0x0000000085bffff8, 0x0000000085c00000| 99%| O|  |TAMS 0x0000000085b00000| PB 0x0000000085b00000| Untracked 
|  92|0x0000000085c00000, 0x0000000085cfff80, 0x0000000085d00000| 99%| O|  |TAMS 0x0000000085c00000| PB 0x0000000085c00000| Untracked 
|  93|0x0000000085d00000, 0x0000000085dfffe0, 0x0000000085e00000| 99%| O|  |TAMS 0x0000000085d00000| PB 0x0000000085d00000| Untracked 
|  94|0x0000000085e00000, 0x0000000085f00000, 0x0000000085f00000|100%| O|  |TAMS 0x0000000085e00000| PB 0x0000000085e00000| Untracked 
|  95|0x0000000085f00000, 0x0000000086000000, 0x0000000086000000|100%|HS|  |TAMS 0x0000000085f00000| PB 0x0000000085f00000| Complete 
|  96|0x0000000086000000, 0x0000000086100000, 0x0000000086100000|100%| O|  |TAMS 0x0000000086000000| PB 0x0000000086000000| Untracked 
|  97|0x0000000086100000, 0x0000000086200000, 0x0000000086200000|100%| O|  |TAMS 0x0000000086100000| PB 0x0000000086100000| Untracked 
|  98|0x0000000086200000, 0x0000000086300000, 0x0000000086300000|100%|HS|  |TAMS 0x0000000086200000| PB 0x0000000086200000| Complete 
|  99|0x0000000086300000, 0x0000000086400000, 0x0000000086400000|100%| O|  |TAMS 0x0000000086300000| PB 0x0000000086300000| Untracked 
| 100|0x0000000086400000, 0x00000000864ffff8, 0x0000000086500000| 99%| O|  |TAMS 0x0000000086400000| PB 0x0000000086400000| Untracked 
| 101|0x0000000086500000, 0x0000000086600000, 0x0000000086600000|100%| O|  |TAMS 0x0000000086500000| PB 0x0000000086500000| Untracked 
| 102|0x0000000086600000, 0x00000000866961e8, 0x0000000086700000| 58%| O|  |TAMS 0x0000000086600000| PB 0x0000000086600000| Untracked 
| 103|0x0000000086700000, 0x0000000086800000, 0x0000000086800000|100%| O|  |TAMS 0x0000000086700000| PB 0x0000000086700000| Untracked 
| 104|0x0000000086800000, 0x0000000086900000, 0x0000000086900000|100%| O|  |TAMS 0x0000000086800000| PB 0x0000000086800000| Untracked 
| 105|0x0000000086900000, 0x0000000086a00000, 0x0000000086a00000|100%| O|  |TAMS 0x0000000086900000| PB 0x0000000086900000| Untracked 
| 106|0x0000000086a00000, 0x0000000086b00000, 0x0000000086b00000|100%| O|  |TAMS 0x0000000086a00000| PB 0x0000000086a00000| Untracked 
| 107|0x0000000086b00000, 0x0000000086c00000, 0x0000000086c00000|100%|HS|  |TAMS 0x0000000086b00000| PB 0x0000000086b00000| Complete 
| 108|0x0000000086c00000, 0x0000000086d00000, 0x0000000086d00000|100%| O|  |TAMS 0x0000000086c00000| PB 0x0000000086c00000| Untracked 
| 109|0x0000000086d00000, 0x0000000086e00000, 0x0000000086e00000|100%| O|  |TAMS 0x0000000086d00000| PB 0x0000000086d00000| Untracked 
| 110|0x0000000086e00000, 0x0000000086f00000, 0x0000000086f00000|100%| O|  |TAMS 0x0000000086e00000| PB 0x0000000086e00000| Untracked 
| 111|0x0000000086f00000, 0x0000000087000000, 0x0000000087000000|100%| O|Cm|TAMS 0x0000000086f00000| PB 0x0000000086f00000| Complete 
| 112|0x0000000087000000, 0x0000000087100000, 0x0000000087100000|100%| O|  |TAMS 0x0000000087000000| PB 0x0000000087000000| Untracked 
| 113|0x0000000087100000, 0x0000000087200000, 0x0000000087200000|100%| O|  |TAMS 0x0000000087100000| PB 0x0000000087100000| Untracked 
| 114|0x0000000087200000, 0x0000000087300000, 0x0000000087300000|100%| O|  |TAMS 0x0000000087200000| PB 0x0000000087200000| Untracked 
| 115|0x0000000087300000, 0x0000000087400000, 0x0000000087400000|100%| O|  |TAMS 0x0000000087300000| PB 0x0000000087300000| Untracked 
| 116|0x0000000087400000, 0x0000000087500000, 0x0000000087500000|100%| O|  |TAMS 0x0000000087400000| PB 0x0000000087400000| Untracked 
| 117|0x0000000087500000, 0x0000000087600000, 0x0000000087600000|100%| O|  |TAMS 0x0000000087500000| PB 0x0000000087500000| Untracked 
| 118|0x0000000087600000, 0x0000000087700000, 0x0000000087700000|100%| O|  |TAMS 0x0000000087600000| PB 0x0000000087600000| Untracked 
| 119|0x0000000087700000, 0x0000000087800000, 0x0000000087800000|100%| O|Cm|TAMS 0x0000000087700000| PB 0x0000000087700000| Complete 
| 120|0x0000000087800000, 0x0000000087900000, 0x0000000087900000|100%| O|  |TAMS 0x0000000087800000| PB 0x0000000087800000| Untracked 
| 121|0x0000000087900000, 0x0000000087a00000, 0x0000000087a00000|100%| O|  |TAMS 0x0000000087900000| PB 0x0000000087900000| Untracked 
| 122|0x0000000087a00000, 0x0000000087b00000, 0x0000000087b00000|100%|HS|  |TAMS 0x0000000087a00000| PB 0x0000000087a00000| Complete 
| 123|0x0000000087b00000, 0x0000000087c00000, 0x0000000087c00000|100%|HS|  |TAMS 0x0000000087b00000| PB 0x0000000087b00000| Complete 
| 124|0x0000000087c00000, 0x0000000087d00000, 0x0000000087d00000|100%|HC|  |TAMS 0x0000000087c00000| PB 0x0000000087c00000| Complete 
| 125|0x0000000087d00000, 0x0000000087e00000, 0x0000000087e00000|100%|HC|  |TAMS 0x0000000087d00000| PB 0x0000000087d00000| Complete 
| 126|0x0000000087e00000, 0x0000000087f00000, 0x0000000087f00000|100%|HC|  |TAMS 0x0000000087e00000| PB 0x0000000087e00000| Complete 
| 127|0x0000000087f00000, 0x0000000088000000, 0x0000000088000000|100%|HC|  |TAMS 0x0000000087f00000| PB 0x0000000087f00000| Complete 
| 128|0x0000000088000000, 0x0000000088100000, 0x0000000088100000|100%|HC|  |TAMS 0x0000000088000000| PB 0x0000000088000000| Complete 
| 129|0x0000000088100000, 0x0000000088200000, 0x0000000088200000|100%|HS|  |TAMS 0x0000000088100000| PB 0x0000000088100000| Complete 
| 130|0x0000000088200000, 0x0000000088300000, 0x0000000088300000|100%|HC|  |TAMS 0x0000000088200000| PB 0x0000000088200000| Complete 
| 131|0x0000000088300000, 0x0000000088400000, 0x0000000088400000|100%|HC|  |TAMS 0x0000000088300000| PB 0x0000000088300000| Complete 
| 132|0x0000000088400000, 0x0000000088500000, 0x0000000088500000|100%|HC|  |TAMS 0x0000000088400000| PB 0x0000000088400000| Complete 
| 133|0x0000000088500000, 0x0000000088600000, 0x0000000088600000|100%|HC|  |TAMS 0x0000000088500000| PB 0x0000000088500000| Complete 
| 134|0x0000000088600000, 0x0000000088700000, 0x0000000088700000|100%|HC|  |TAMS 0x0000000088600000| PB 0x0000000088600000| Complete 
| 135|0x0000000088700000, 0x0000000088800000, 0x0000000088800000|100%|HS|  |TAMS 0x0000000088700000| PB 0x0000000088700000| Complete 
| 136|0x0000000088800000, 0x0000000088900000, 0x0000000088900000|100%|HS|  |TAMS 0x0000000088800000| PB 0x0000000088800000| Complete 
| 137|0x0000000088900000, 0x0000000088a00000, 0x0000000088a00000|100%| O|  |TAMS 0x0000000088900000| PB 0x0000000088900000| Untracked 
| 138|0x0000000088a00000, 0x0000000088b00000, 0x0000000088b00000|100%| O|  |TAMS 0x0000000088a00000| PB 0x0000000088a00000| Untracked 
| 139|0x0000000088b00000, 0x0000000088c00000, 0x0000000088c00000|100%| O|  |TAMS 0x0000000088b00000| PB 0x0000000088b00000| Untracked 
| 140|0x0000000088c00000, 0x0000000088d00000, 0x0000000088d00000|100%| O|  |TAMS 0x0000000088c00000| PB 0x0000000088c00000| Untracked 
| 141|0x0000000088d00000, 0x0000000088e00000, 0x0000000088e00000|100%| O|  |TAMS 0x0000000088d00000| PB 0x0000000088d00000| Untracked 
| 142|0x0000000088e00000, 0x0000000088f00000, 0x0000000088f00000|100%| O|  |TAMS 0x0000000088e00000| PB 0x0000000088e00000| Untracked 
| 143|0x0000000088f00000, 0x0000000089000000, 0x0000000089000000|100%| O|  |TAMS 0x0000000088f00000| PB 0x0000000088f00000| Untracked 
| 144|0x0000000089000000, 0x0000000089100000, 0x0000000089100000|100%| O|  |TAMS 0x0000000089000000| PB 0x0000000089000000| Untracked 
| 145|0x0000000089100000, 0x0000000089200000, 0x0000000089200000|100%| O|  |TAMS 0x0000000089100000| PB 0x0000000089100000| Untracked 
| 146|0x0000000089200000, 0x0000000089300000, 0x0000000089300000|100%| O|  |TAMS 0x0000000089200000| PB 0x0000000089200000| Untracked 
| 147|0x0000000089300000, 0x0000000089400000, 0x0000000089400000|100%| O|  |TAMS 0x0000000089300000| PB 0x0000000089300000| Untracked 
| 148|0x0000000089400000, 0x0000000089500000, 0x0000000089500000|100%| O|  |TAMS 0x0000000089400000| PB 0x0000000089400000| Untracked 
| 149|0x0000000089500000, 0x0000000089600000, 0x0000000089600000|100%| O|  |TAMS 0x0000000089500000| PB 0x0000000089500000| Untracked 
| 150|0x0000000089600000, 0x0000000089700000, 0x0000000089700000|100%| O|  |TAMS 0x0000000089600000| PB 0x0000000089600000| Untracked 
| 151|0x0000000089700000, 0x0000000089800000, 0x0000000089800000|100%| O|  |TAMS 0x0000000089700000| PB 0x0000000089700000| Untracked 
| 152|0x0000000089800000, 0x0000000089900000, 0x0000000089900000|100%| O|  |TAMS 0x0000000089800000| PB 0x0000000089800000| Untracked 
| 153|0x0000000089900000, 0x0000000089a00000, 0x0000000089a00000|100%| O|  |TAMS 0x0000000089900000| PB 0x0000000089900000| Untracked 
| 154|0x0000000089a00000, 0x0000000089b00000, 0x0000000089b00000|100%| O|  |TAMS 0x0000000089a00000| PB 0x0000000089a00000| Untracked 
| 155|0x0000000089b00000, 0x0000000089c00000, 0x0000000089c00000|100%| O|  |TAMS 0x0000000089b00000| PB 0x0000000089b00000| Untracked 
| 156|0x0000000089c00000, 0x0000000089d00000, 0x0000000089d00000|100%| O|  |TAMS 0x0000000089c00000| PB 0x0000000089c00000| Untracked 
| 157|0x0000000089d00000, 0x0000000089e00000, 0x0000000089e00000|100%| O|  |TAMS 0x0000000089d00000| PB 0x0000000089d00000| Untracked 
| 158|0x0000000089e00000, 0x0000000089f00000, 0x0000000089f00000|100%| O|  |TAMS 0x0000000089e00000| PB 0x0000000089e00000| Untracked 
| 159|0x0000000089f00000, 0x000000008a000000, 0x000000008a000000|100%| O|  |TAMS 0x0000000089f00000| PB 0x0000000089f00000| Untracked 
| 160|0x000000008a000000, 0x000000008a100000, 0x000000008a100000|100%| O|  |TAMS 0x000000008a000000| PB 0x000000008a000000| Untracked 
| 161|0x000000008a100000, 0x000000008a200000, 0x000000008a200000|100%| O|  |TAMS 0x000000008a100000| PB 0x000000008a100000| Untracked 
| 162|0x000000008a200000, 0x000000008a300000, 0x000000008a300000|100%| O|  |TAMS 0x000000008a200000| PB 0x000000008a200000| Untracked 
| 163|0x000000008a300000, 0x000000008a400000, 0x000000008a400000|100%| O|  |TAMS 0x000000008a300000| PB 0x000000008a300000| Untracked 
| 164|0x000000008a400000, 0x000000008a500000, 0x000000008a500000|100%| O|  |TAMS 0x000000008a400000| PB 0x000000008a400000| Untracked 
| 165|0x000000008a500000, 0x000000008a600000, 0x000000008a600000|100%| O|  |TAMS 0x000000008a500000| PB 0x000000008a500000| Untracked 
| 166|0x000000008a600000, 0x000000008a700000, 0x000000008a700000|100%| O|  |TAMS 0x000000008a600000| PB 0x000000008a600000| Untracked 
| 167|0x000000008a700000, 0x000000008a800000, 0x000000008a800000|100%| O|  |TAMS 0x000000008a700000| PB 0x000000008a700000| Untracked 
| 168|0x000000008a800000, 0x000000008a900000, 0x000000008a900000|100%| O|  |TAMS 0x000000008a800000| PB 0x000000008a800000| Untracked 
| 169|0x000000008a900000, 0x000000008aa00000, 0x000000008aa00000|100%| O|  |TAMS 0x000000008a900000| PB 0x000000008a900000| Untracked 
| 170|0x000000008aa00000, 0x000000008ab00000, 0x000000008ab00000|100%| O|  |TAMS 0x000000008aa00000| PB 0x000000008aa00000| Untracked 
| 171|0x000000008ab00000, 0x000000008ac00000, 0x000000008ac00000|100%| O|  |TAMS 0x000000008ab00000| PB 0x000000008ab00000| Untracked 
| 172|0x000000008ac00000, 0x000000008ad00000, 0x000000008ad00000|100%| O|  |TAMS 0x000000008ac00000| PB 0x000000008ac00000| Untracked 
| 173|0x000000008ad00000, 0x000000008ae00000, 0x000000008ae00000|100%| O|  |TAMS 0x000000008ad00000| PB 0x000000008ad00000| Untracked 
| 174|0x000000008ae00000, 0x000000008af00000, 0x000000008af00000|100%| O|  |TAMS 0x000000008ae00000| PB 0x000000008ae00000| Untracked 
| 175|0x000000008af00000, 0x000000008b000000, 0x000000008b000000|100%| O|  |TAMS 0x000000008af00000| PB 0x000000008af00000| Untracked 
| 176|0x000000008b000000, 0x000000008b100000, 0x000000008b100000|100%| O|  |TAMS 0x000000008b000000| PB 0x000000008b000000| Untracked 
| 177|0x000000008b100000, 0x000000008b200000, 0x000000008b200000|100%| O|  |TAMS 0x000000008b100000| PB 0x000000008b100000| Untracked 
| 178|0x000000008b200000, 0x000000008b300000, 0x000000008b300000|100%| O|  |TAMS 0x000000008b200000| PB 0x000000008b200000| Untracked 
| 179|0x000000008b300000, 0x000000008b400000, 0x000000008b400000|100%| O|  |TAMS 0x000000008b300000| PB 0x000000008b300000| Untracked 
| 180|0x000000008b400000, 0x000000008b500000, 0x000000008b500000|100%| O|  |TAMS 0x000000008b400000| PB 0x000000008b400000| Untracked 
| 181|0x000000008b500000, 0x000000008b600000, 0x000000008b600000|100%| O|  |TAMS 0x000000008b500000| PB 0x000000008b500000| Untracked 
| 182|0x000000008b600000, 0x000000008b700000, 0x000000008b700000|100%| O|  |TAMS 0x000000008b600000| PB 0x000000008b600000| Untracked 
| 183|0x000000008b700000, 0x000000008b800000, 0x000000008b800000|100%| O|  |TAMS 0x000000008b700000| PB 0x000000008b700000| Untracked 
| 184|0x000000008b800000, 0x000000008b900000, 0x000000008b900000|100%| O|  |TAMS 0x000000008b800000| PB 0x000000008b800000| Untracked 
| 185|0x000000008b900000, 0x000000008ba00000, 0x000000008ba00000|100%| O|  |TAMS 0x000000008b900000| PB 0x000000008b900000| Untracked 
| 186|0x000000008ba00000, 0x000000008bb00000, 0x000000008bb00000|100%| O|  |TAMS 0x000000008ba00000| PB 0x000000008ba00000| Untracked 
| 187|0x000000008bb00000, 0x000000008bc00000, 0x000000008bc00000|100%| O|  |TAMS 0x000000008bb00000| PB 0x000000008bb00000| Untracked 
| 188|0x000000008bc00000, 0x000000008bd00000, 0x000000008bd00000|100%| O|  |TAMS 0x000000008bc00000| PB 0x000000008bc00000| Untracked 
| 189|0x000000008bd00000, 0x000000008be00000, 0x000000008be00000|100%| O|  |TAMS 0x000000008bd00000| PB 0x000000008bd00000| Untracked 
| 190|0x000000008be00000, 0x000000008bf00000, 0x000000008bf00000|100%| O|  |TAMS 0x000000008be00000| PB 0x000000008be00000| Untracked 
| 191|0x000000008bf00000, 0x000000008c000000, 0x000000008c000000|100%| O|  |TAMS 0x000000008bf00000| PB 0x000000008bf00000| Untracked 
| 192|0x000000008c000000, 0x000000008c100000, 0x000000008c100000|100%| O|  |TAMS 0x000000008c000000| PB 0x000000008c000000| Untracked 
| 193|0x000000008c100000, 0x000000008c200000, 0x000000008c200000|100%| O|  |TAMS 0x000000008c100000| PB 0x000000008c100000| Untracked 
| 194|0x000000008c200000, 0x000000008c300000, 0x000000008c300000|100%| O|  |TAMS 0x000000008c200000| PB 0x000000008c200000| Untracked 
| 195|0x000000008c300000, 0x000000008c400000, 0x000000008c400000|100%| O|Cm|TAMS 0x000000008c300000| PB 0x000000008c300000| Complete 
| 196|0x000000008c400000, 0x000000008c500000, 0x000000008c500000|100%| O|Cm|TAMS 0x000000008c400000| PB 0x000000008c400000| Complete 
| 197|0x000000008c500000, 0x000000008c600000, 0x000000008c600000|100%| O|  |TAMS 0x000000008c500000| PB 0x000000008c500000| Untracked 
| 198|0x000000008c600000, 0x000000008c700000, 0x000000008c700000|100%| O|  |TAMS 0x000000008c600000| PB 0x000000008c600000| Untracked 
| 199|0x000000008c700000, 0x000000008c800000, 0x000000008c800000|100%| O|  |TAMS 0x000000008c700000| PB 0x000000008c700000| Untracked 
| 200|0x000000008c800000, 0x000000008c900000, 0x000000008c900000|100%| O|  |TAMS 0x000000008c800000| PB 0x000000008c800000| Untracked 
| 201|0x000000008c900000, 0x000000008ca00000, 0x000000008ca00000|100%| O|Cm|TAMS 0x000000008c900000| PB 0x000000008c900000| Complete 
| 202|0x000000008ca00000, 0x000000008cb00000, 0x000000008cb00000|100%| O|  |TAMS 0x000000008ca00000| PB 0x000000008ca00000| Untracked 
| 203|0x000000008cb00000, 0x000000008cc00000, 0x000000008cc00000|100%| O|  |TAMS 0x000000008cb00000| PB 0x000000008cb00000| Untracked 
| 204|0x000000008cc00000, 0x000000008cd00000, 0x000000008cd00000|100%| O|  |TAMS 0x000000008cc00000| PB 0x000000008cc00000| Untracked 
| 205|0x000000008cd00000, 0x000000008ce00000, 0x000000008ce00000|100%| O|  |TAMS 0x000000008cd00000| PB 0x000000008cd00000| Untracked 
| 206|0x000000008ce00000, 0x000000008cf00000, 0x000000008cf00000|100%| O|  |TAMS 0x000000008ce00000| PB 0x000000008ce00000| Untracked 
| 207|0x000000008cf00000, 0x000000008d000000, 0x000000008d000000|100%| O|  |TAMS 0x000000008cf00000| PB 0x000000008cf00000| Untracked 
| 208|0x000000008d000000, 0x000000008d100000, 0x000000008d100000|100%| O|  |TAMS 0x000000008d000000| PB 0x000000008d000000| Untracked 
| 209|0x000000008d100000, 0x000000008d200000, 0x000000008d200000|100%| O|  |TAMS 0x000000008d100000| PB 0x000000008d100000| Untracked 
| 210|0x000000008d200000, 0x000000008d300000, 0x000000008d300000|100%| O|Cm|TAMS 0x000000008d200000| PB 0x000000008d200000| Complete 
| 211|0x000000008d300000, 0x000000008d400000, 0x000000008d400000|100%| O|  |TAMS 0x000000008d300000| PB 0x000000008d300000| Untracked 
| 212|0x000000008d400000, 0x000000008d500000, 0x000000008d500000|100%| O|  |TAMS 0x000000008d400000| PB 0x000000008d400000| Untracked 
| 213|0x000000008d500000, 0x000000008d600000, 0x000000008d600000|100%| O|Cm|TAMS 0x000000008d500000| PB 0x000000008d500000| Complete 
| 214|0x000000008d600000, 0x000000008d700000, 0x000000008d700000|100%| O|Cm|TAMS 0x000000008d600000| PB 0x000000008d600000| Complete 
| 215|0x000000008d700000, 0x000000008d800000, 0x000000008d800000|100%| O|  |TAMS 0x000000008d700000| PB 0x000000008d700000| Untracked 
| 216|0x000000008d800000, 0x000000008d900000, 0x000000008d900000|100%| O|  |TAMS 0x000000008d800000| PB 0x000000008d800000| Untracked 
| 217|0x000000008d900000, 0x000000008da00000, 0x000000008da00000|100%|HS|  |TAMS 0x000000008d900000| PB 0x000000008d900000| Complete 
| 218|0x000000008da00000, 0x000000008db00000, 0x000000008db00000|100%| O|  |TAMS 0x000000008da00000| PB 0x000000008da00000| Untracked 
| 219|0x000000008db00000, 0x000000008dc00000, 0x000000008dc00000|100%| O|  |TAMS 0x000000008db00000| PB 0x000000008db00000| Untracked 
| 220|0x000000008dc00000, 0x000000008dd00000, 0x000000008dd00000|100%| O|  |TAMS 0x000000008dc00000| PB 0x000000008dc00000| Untracked 
| 221|0x000000008dd00000, 0x000000008de00000, 0x000000008de00000|100%| O|Cm|TAMS 0x000000008dd00000| PB 0x000000008dd00000| Complete 
| 222|0x000000008de00000, 0x000000008df00000, 0x000000008df00000|100%| O|  |TAMS 0x000000008de00000| PB 0x000000008de00000| Untracked 
| 223|0x000000008df00000, 0x000000008e000000, 0x000000008e000000|100%| O|  |TAMS 0x000000008df00000| PB 0x000000008df00000| Untracked 
| 224|0x000000008e000000, 0x000000008e100000, 0x000000008e100000|100%| O|  |TAMS 0x000000008e000000| PB 0x000000008e000000| Untracked 
| 225|0x000000008e100000, 0x000000008e200000, 0x000000008e200000|100%| O|  |TAMS 0x000000008e100000| PB 0x000000008e100000| Untracked 
| 226|0x000000008e200000, 0x000000008e300000, 0x000000008e300000|100%| O|  |TAMS 0x000000008e200000| PB 0x000000008e200000| Untracked 
| 227|0x000000008e300000, 0x000000008e400000, 0x000000008e400000|100%| O|  |TAMS 0x000000008e300000| PB 0x000000008e300000| Untracked 
| 228|0x000000008e400000, 0x000000008e500000, 0x000000008e500000|100%| O|  |TAMS 0x000000008e400000| PB 0x000000008e400000| Untracked 
| 229|0x000000008e500000, 0x000000008e600000, 0x000000008e600000|100%| O|  |TAMS 0x000000008e500000| PB 0x000000008e500000| Untracked 
| 230|0x000000008e600000, 0x000000008e700000, 0x000000008e700000|100%| O|  |TAMS 0x000000008e600000| PB 0x000000008e600000| Untracked 
| 231|0x000000008e700000, 0x000000008e800000, 0x000000008e800000|100%| O|  |TAMS 0x000000008e700000| PB 0x000000008e700000| Untracked 
| 232|0x000000008e800000, 0x000000008e900000, 0x000000008e900000|100%| O|  |TAMS 0x000000008e800000| PB 0x000000008e800000| Untracked 
| 233|0x000000008e900000, 0x000000008ea00000, 0x000000008ea00000|100%| O|  |TAMS 0x000000008e900000| PB 0x000000008e900000| Untracked 
| 234|0x000000008ea00000, 0x000000008eb00000, 0x000000008eb00000|100%| O|  |TAMS 0x000000008ea00000| PB 0x000000008ea00000| Untracked 
| 235|0x000000008eb00000, 0x000000008ec00000, 0x000000008ec00000|100%| O|  |TAMS 0x000000008eb00000| PB 0x000000008eb00000| Untracked 
| 236|0x000000008ec00000, 0x000000008ed00000, 0x000000008ed00000|100%| O|  |TAMS 0x000000008ec00000| PB 0x000000008ec00000| Untracked 
| 237|0x000000008ed00000, 0x000000008ee00000, 0x000000008ee00000|100%| O|  |TAMS 0x000000008ed00000| PB 0x000000008ed00000| Untracked 
| 238|0x000000008ee00000, 0x000000008ef00000, 0x000000008ef00000|100%| O|Cm|TAMS 0x000000008ee00000| PB 0x000000008ee00000| Complete 
| 239|0x000000008ef00000, 0x000000008f000000, 0x000000008f000000|100%| O|  |TAMS 0x000000008ef00000| PB 0x000000008ef00000| Untracked 
| 240|0x000000008f000000, 0x000000008f100000, 0x000000008f100000|100%| O|Cm|TAMS 0x000000008f000000| PB 0x000000008f000000| Complete 
| 241|0x000000008f100000, 0x000000008f200000, 0x000000008f200000|100%| O|  |TAMS 0x000000008f100000| PB 0x000000008f100000| Untracked 
| 242|0x000000008f200000, 0x000000008f300000, 0x000000008f300000|100%| O|Cm|TAMS 0x000000008f200000| PB 0x000000008f200000| Complete 
| 243|0x000000008f300000, 0x000000008f400000, 0x000000008f400000|100%| O|  |TAMS 0x000000008f300000| PB 0x000000008f300000| Untracked 
| 244|0x000000008f400000, 0x000000008f500000, 0x000000008f500000|100%| O|Cm|TAMS 0x000000008f400000| PB 0x000000008f400000| Complete 
| 245|0x000000008f500000, 0x000000008f600000, 0x000000008f600000|100%| O|Cm|TAMS 0x000000008f500000| PB 0x000000008f500000| Complete 
| 246|0x000000008f600000, 0x000000008f600000, 0x000000008f700000|  0%| F|  |TAMS 0x000000008f600000| PB 0x000000008f600000| Untracked 
| 247|0x000000008f700000, 0x000000008f800000, 0x000000008f800000|100%| O|  |TAMS 0x000000008f700000| PB 0x000000008f700000| Untracked 
| 248|0x000000008f800000, 0x000000008f900000, 0x000000008f900000|100%| O|Cm|TAMS 0x000000008f800000| PB 0x000000008f800000| Complete 
| 249|0x000000008f900000, 0x000000008fa00000, 0x000000008fa00000|100%| O|Cm|TAMS 0x000000008f900000| PB 0x000000008f900000| Complete 
| 250|0x000000008fa00000, 0x000000008fb00000, 0x000000008fb00000|100%| O|Cm|TAMS 0x000000008fa00000| PB 0x000000008fa00000| Complete 
| 251|0x000000008fb00000, 0x000000008fc00000, 0x000000008fc00000|100%| O|Cm|TAMS 0x000000008fb00000| PB 0x000000008fb00000| Complete 
| 252|0x000000008fc00000, 0x000000008fd00000, 0x000000008fd00000|100%| O|  |TAMS 0x000000008fc00000| PB 0x000000008fc00000| Untracked 
| 253|0x000000008fd00000, 0x000000008fe00000, 0x000000008fe00000|100%| O|  |TAMS 0x000000008fd00000| PB 0x000000008fd00000| Untracked 
| 254|0x000000008fe00000, 0x000000008ff00000, 0x000000008ff00000|100%| O|  |TAMS 0x000000008fe00000| PB 0x000000008fe00000| Untracked 
| 255|0x000000008ff00000, 0x0000000090000000, 0x0000000090000000|100%| O|  |TAMS 0x000000008ff00000| PB 0x000000008ff00000| Untracked 
| 256|0x0000000090000000, 0x0000000090100000, 0x0000000090100000|100%| O|Cm|TAMS 0x0000000090000000| PB 0x0000000090000000| Complete 
| 257|0x0000000090100000, 0x0000000090200000, 0x0000000090200000|100%| O|  |TAMS 0x0000000090100000| PB 0x0000000090100000| Untracked 
| 258|0x0000000090200000, 0x0000000090300000, 0x0000000090300000|100%| O|  |TAMS 0x0000000090200000| PB 0x0000000090200000| Untracked 
| 259|0x0000000090300000, 0x0000000090400000, 0x0000000090400000|100%| O|  |TAMS 0x0000000090300000| PB 0x0000000090300000| Untracked 
| 260|0x0000000090400000, 0x0000000090500000, 0x0000000090500000|100%| O|  |TAMS 0x0000000090400000| PB 0x0000000090400000| Untracked 
| 261|0x0000000090500000, 0x0000000090600000, 0x0000000090600000|100%| O|Cm|TAMS 0x0000000090500000| PB 0x0000000090500000| Complete 
| 262|0x0000000090600000, 0x0000000090700000, 0x0000000090700000|100%| O|Cm|TAMS 0x0000000090600000| PB 0x0000000090600000| Complete 
| 263|0x0000000090700000, 0x0000000090800000, 0x0000000090800000|100%| O|Cm|TAMS 0x0000000090700000| PB 0x0000000090700000| Complete 
| 264|0x0000000090800000, 0x0000000090900000, 0x0000000090900000|100%| O|  |TAMS 0x0000000090800000| PB 0x0000000090800000| Untracked 
| 265|0x0000000090900000, 0x0000000090a00000, 0x0000000090a00000|100%| O|Cm|TAMS 0x0000000090900000| PB 0x0000000090900000| Complete 
| 266|0x0000000090a00000, 0x0000000090b00000, 0x0000000090b00000|100%| O|  |TAMS 0x0000000090a00000| PB 0x0000000090a00000| Untracked 
| 267|0x0000000090b00000, 0x0000000090c00000, 0x0000000090c00000|100%| O|Cm|TAMS 0x0000000090b00000| PB 0x0000000090b00000| Complete 
| 268|0x0000000090c00000, 0x0000000090d00000, 0x0000000090d00000|100%| O|Cm|TAMS 0x0000000090c00000| PB 0x0000000090c00000| Complete 
| 269|0x0000000090d00000, 0x0000000090e00000, 0x0000000090e00000|100%| O|  |TAMS 0x0000000090d00000| PB 0x0000000090d00000| Untracked 
| 270|0x0000000090e00000, 0x0000000090f00000, 0x0000000090f00000|100%| O|  |TAMS 0x0000000090e00000| PB 0x0000000090e00000| Untracked 
| 271|0x0000000090f00000, 0x0000000091000000, 0x0000000091000000|100%| O|  |TAMS 0x0000000090f00000| PB 0x0000000090f00000| Untracked 
| 272|0x0000000091000000, 0x0000000091100000, 0x0000000091100000|100%| O|  |TAMS 0x0000000091000000| PB 0x0000000091000000| Untracked 
| 273|0x0000000091100000, 0x0000000091200000, 0x0000000091200000|100%| O|  |TAMS 0x0000000091100000| PB 0x0000000091100000| Untracked 
| 274|0x0000000091200000, 0x0000000091300000, 0x0000000091300000|100%| O|  |TAMS 0x0000000091200000| PB 0x0000000091200000| Untracked 
| 275|0x0000000091300000, 0x0000000091400000, 0x0000000091400000|100%| O|  |TAMS 0x0000000091300000| PB 0x0000000091300000| Untracked 
| 276|0x0000000091400000, 0x0000000091500000, 0x0000000091500000|100%| O|  |TAMS 0x0000000091400000| PB 0x0000000091400000| Untracked 
| 277|0x0000000091500000, 0x0000000091600000, 0x0000000091600000|100%| O|  |TAMS 0x0000000091500000| PB 0x0000000091500000| Untracked 
| 278|0x0000000091600000, 0x0000000091700000, 0x0000000091700000|100%| O|  |TAMS 0x0000000091600000| PB 0x0000000091600000| Untracked 
| 279|0x0000000091700000, 0x0000000091800000, 0x0000000091800000|100%| O|  |TAMS 0x0000000091700000| PB 0x0000000091700000| Untracked 
| 280|0x0000000091800000, 0x0000000091900000, 0x0000000091900000|100%| O|  |TAMS 0x0000000091800000| PB 0x0000000091800000| Untracked 
| 281|0x0000000091900000, 0x0000000091a00000, 0x0000000091a00000|100%| O|  |TAMS 0x0000000091900000| PB 0x0000000091900000| Untracked 
| 282|0x0000000091a00000, 0x0000000091b00000, 0x0000000091b00000|100%| O|Cm|TAMS 0x0000000091a00000| PB 0x0000000091a00000| Complete 
| 283|0x0000000091b00000, 0x0000000091c00000, 0x0000000091c00000|100%| O|  |TAMS 0x0000000091b00000| PB 0x0000000091b00000| Untracked 
| 284|0x0000000091c00000, 0x0000000091d00000, 0x0000000091d00000|100%| O|Cm|TAMS 0x0000000091c00000| PB 0x0000000091c00000| Complete 
| 285|0x0000000091d00000, 0x0000000091e00000, 0x0000000091e00000|100%| O|Cm|TAMS 0x0000000091d00000| PB 0x0000000091d00000| Complete 
| 286|0x0000000091e00000, 0x0000000091f00000, 0x0000000091f00000|100%| O|  |TAMS 0x0000000091e00000| PB 0x0000000091e00000| Untracked 
| 287|0x0000000091f00000, 0x0000000092000000, 0x0000000092000000|100%| O|  |TAMS 0x0000000091f00000| PB 0x0000000091f00000| Untracked 
| 288|0x0000000092000000, 0x0000000092100000, 0x0000000092100000|100%| O|Cm|TAMS 0x0000000092000000| PB 0x0000000092000000| Complete 
| 289|0x0000000092100000, 0x0000000092200000, 0x0000000092200000|100%| O|  |TAMS 0x0000000092100000| PB 0x0000000092100000| Untracked 
| 290|0x0000000092200000, 0x0000000092300000, 0x0000000092300000|100%| O|  |TAMS 0x0000000092200000| PB 0x0000000092200000| Untracked 
| 291|0x0000000092300000, 0x0000000092400000, 0x0000000092400000|100%| O|  |TAMS 0x0000000092300000| PB 0x0000000092300000| Untracked 
| 292|0x0000000092400000, 0x0000000092500000, 0x0000000092500000|100%| O|Cm|TAMS 0x0000000092400000| PB 0x0000000092400000| Complete 
| 293|0x0000000092500000, 0x0000000092500000, 0x0000000092600000|  0%| F|  |TAMS 0x0000000092500000| PB 0x0000000092500000| Untracked 
| 294|0x0000000092600000, 0x0000000092700000, 0x0000000092700000|100%| O|  |TAMS 0x0000000092600000| PB 0x0000000092600000| Untracked 
| 295|0x0000000092700000, 0x0000000092800000, 0x0000000092800000|100%| O|  |TAMS 0x0000000092700000| PB 0x0000000092700000| Untracked 
| 296|0x0000000092800000, 0x0000000092900000, 0x0000000092900000|100%| O|  |TAMS 0x0000000092800000| PB 0x0000000092800000| Untracked 
| 297|0x0000000092900000, 0x0000000092a00000, 0x0000000092a00000|100%| O|  |TAMS 0x0000000092900000| PB 0x0000000092900000| Untracked 
| 298|0x0000000092a00000, 0x0000000092b00000, 0x0000000092b00000|100%| O|  |TAMS 0x0000000092a00000| PB 0x0000000092a00000| Untracked 
| 299|0x0000000092b00000, 0x0000000092c00000, 0x0000000092c00000|100%| O|  |TAMS 0x0000000092b00000| PB 0x0000000092b00000| Untracked 
| 300|0x0000000092c00000, 0x0000000092d00000, 0x0000000092d00000|100%| O|  |TAMS 0x0000000092c00000| PB 0x0000000092c00000| Untracked 
| 301|0x0000000092d00000, 0x0000000092d00000, 0x0000000092e00000|  0%| F|  |TAMS 0x0000000092d00000| PB 0x0000000092d00000| Untracked 
| 302|0x0000000092e00000, 0x0000000092f00000, 0x0000000092f00000|100%| O|Cm|TAMS 0x0000000092e00000| PB 0x0000000092e00000| Complete 
| 303|0x0000000092f00000, 0x0000000093000000, 0x0000000093000000|100%| O|  |TAMS 0x0000000092f00000| PB 0x0000000092f00000| Untracked 
| 304|0x0000000093000000, 0x0000000093100000, 0x0000000093100000|100%| O|  |TAMS 0x0000000093000000| PB 0x0000000093000000| Untracked 
| 305|0x0000000093100000, 0x0000000093200000, 0x0000000093200000|100%| O|  |TAMS 0x0000000093100000| PB 0x0000000093100000| Untracked 
| 306|0x0000000093200000, 0x0000000093300000, 0x0000000093300000|100%| O|Cm|TAMS 0x0000000093200000| PB 0x0000000093200000| Complete 
| 307|0x0000000093300000, 0x0000000093400000, 0x0000000093400000|100%| O|Cm|TAMS 0x0000000093300000| PB 0x0000000093300000| Complete 
| 308|0x0000000093400000, 0x0000000093500000, 0x0000000093500000|100%| O|Cm|TAMS 0x0000000093400000| PB 0x0000000093400000| Complete 
| 309|0x0000000093500000, 0x0000000093600000, 0x0000000093600000|100%| O|  |TAMS 0x0000000093500000| PB 0x0000000093500000| Untracked 
| 310|0x0000000093600000, 0x0000000093672e00, 0x0000000093700000| 44%| O|  |TAMS 0x0000000093600000| PB 0x0000000093600000| Untracked 
| 311|0x0000000093700000, 0x0000000093700000, 0x0000000093800000|  0%| F|  |TAMS 0x0000000093700000| PB 0x0000000093700000| Untracked 
| 312|0x0000000093800000, 0x0000000093800000, 0x0000000093900000|  0%| F|  |TAMS 0x0000000093800000| PB 0x0000000093800000| Untracked 
| 313|0x0000000093900000, 0x0000000093900000, 0x0000000093a00000|  0%| F|  |TAMS 0x0000000093900000| PB 0x0000000093900000| Untracked 
| 314|0x0000000093a00000, 0x0000000093a00000, 0x0000000093b00000|  0%| F|  |TAMS 0x0000000093a00000| PB 0x0000000093a00000| Untracked 
| 315|0x0000000093b00000, 0x0000000093b00000, 0x0000000093c00000|  0%| F|  |TAMS 0x0000000093b00000| PB 0x0000000093b00000| Untracked 
| 316|0x0000000093c00000, 0x0000000093c00000, 0x0000000093d00000|  0%| F|  |TAMS 0x0000000093c00000| PB 0x0000000093c00000| Untracked 
| 317|0x0000000093d00000, 0x0000000093d00000, 0x0000000093e00000|  0%| F|  |TAMS 0x0000000093d00000| PB 0x0000000093d00000| Untracked 
| 318|0x0000000093e00000, 0x0000000093e00000, 0x0000000093f00000|  0%| F|  |TAMS 0x0000000093e00000| PB 0x0000000093e00000| Untracked 
| 319|0x0000000093f00000, 0x0000000093f00000, 0x0000000094000000|  0%| F|  |TAMS 0x0000000093f00000| PB 0x0000000093f00000| Untracked 
| 320|0x0000000094000000, 0x0000000094000000, 0x0000000094100000|  0%| F|  |TAMS 0x0000000094000000| PB 0x0000000094000000| Untracked 
| 321|0x0000000094100000, 0x0000000094100000, 0x0000000094200000|  0%| F|  |TAMS 0x0000000094100000| PB 0x0000000094100000| Untracked 
| 322|0x0000000094200000, 0x0000000094200000, 0x0000000094300000|  0%| F|  |TAMS 0x0000000094200000| PB 0x0000000094200000| Untracked 
| 323|0x0000000094300000, 0x0000000094300000, 0x0000000094400000|  0%| F|  |TAMS 0x0000000094300000| PB 0x0000000094300000| Untracked 
| 324|0x0000000094400000, 0x0000000094400000, 0x0000000094500000|  0%| F|  |TAMS 0x0000000094400000| PB 0x0000000094400000| Untracked 
| 325|0x0000000094500000, 0x0000000094500000, 0x0000000094600000|  0%| F|  |TAMS 0x0000000094500000| PB 0x0000000094500000| Untracked 
| 326|0x0000000094600000, 0x0000000094600000, 0x0000000094700000|  0%| F|  |TAMS 0x0000000094600000| PB 0x0000000094600000| Untracked 
| 327|0x0000000094700000, 0x0000000094700000, 0x0000000094800000|  0%| F|  |TAMS 0x0000000094700000| PB 0x0000000094700000| Untracked 
| 328|0x0000000094800000, 0x0000000094800000, 0x0000000094900000|  0%| F|  |TAMS 0x0000000094800000| PB 0x0000000094800000| Untracked 
| 329|0x0000000094900000, 0x0000000094900000, 0x0000000094a00000|  0%| F|  |TAMS 0x0000000094900000| PB 0x0000000094900000| Untracked 
| 330|0x0000000094a00000, 0x0000000094a00000, 0x0000000094b00000|  0%| F|  |TAMS 0x0000000094a00000| PB 0x0000000094a00000| Untracked 
| 331|0x0000000094b00000, 0x0000000094b00000, 0x0000000094c00000|  0%| F|  |TAMS 0x0000000094b00000| PB 0x0000000094b00000| Untracked 
| 332|0x0000000094c00000, 0x0000000094c00000, 0x0000000094d00000|  0%| F|  |TAMS 0x0000000094c00000| PB 0x0000000094c00000| Untracked 
| 333|0x0000000094d00000, 0x0000000094d00000, 0x0000000094e00000|  0%| F|  |TAMS 0x0000000094d00000| PB 0x0000000094d00000| Untracked 
| 334|0x0000000094e00000, 0x0000000094e00000, 0x0000000094f00000|  0%| F|  |TAMS 0x0000000094e00000| PB 0x0000000094e00000| Untracked 
| 335|0x0000000094f00000, 0x0000000094f00000, 0x0000000095000000|  0%| F|  |TAMS 0x0000000094f00000| PB 0x0000000094f00000| Untracked 
| 336|0x0000000095000000, 0x0000000095000000, 0x0000000095100000|  0%| F|  |TAMS 0x0000000095000000| PB 0x0000000095000000| Untracked 
| 337|0x0000000095100000, 0x0000000095100000, 0x0000000095200000|  0%| F|  |TAMS 0x0000000095100000| PB 0x0000000095100000| Untracked 
| 338|0x0000000095200000, 0x0000000095200000, 0x0000000095300000|  0%| F|  |TAMS 0x0000000095200000| PB 0x0000000095200000| Untracked 
| 339|0x0000000095300000, 0x0000000095300000, 0x0000000095400000|  0%| F|  |TAMS 0x0000000095300000| PB 0x0000000095300000| Untracked 
| 340|0x0000000095400000, 0x0000000095400000, 0x0000000095500000|  0%| F|  |TAMS 0x0000000095400000| PB 0x0000000095400000| Untracked 
| 341|0x0000000095500000, 0x0000000095500000, 0x0000000095600000|  0%| F|  |TAMS 0x0000000095500000| PB 0x0000000095500000| Untracked 
| 342|0x0000000095600000, 0x0000000095600000, 0x0000000095700000|  0%| F|  |TAMS 0x0000000095600000| PB 0x0000000095600000| Untracked 
| 343|0x0000000095700000, 0x0000000095700000, 0x0000000095800000|  0%| F|  |TAMS 0x0000000095700000| PB 0x0000000095700000| Untracked 
| 344|0x0000000095800000, 0x0000000095800000, 0x0000000095900000|  0%| F|  |TAMS 0x0000000095800000| PB 0x0000000095800000| Untracked 
| 345|0x0000000095900000, 0x0000000095900000, 0x0000000095a00000|  0%| F|  |TAMS 0x0000000095900000| PB 0x0000000095900000| Untracked 
| 346|0x0000000095a00000, 0x0000000095a00000, 0x0000000095b00000|  0%| F|  |TAMS 0x0000000095a00000| PB 0x0000000095a00000| Untracked 
| 347|0x0000000095b00000, 0x0000000095b00000, 0x0000000095c00000|  0%| F|  |TAMS 0x0000000095b00000| PB 0x0000000095b00000| Untracked 
| 348|0x0000000095c00000, 0x0000000095c00000, 0x0000000095d00000|  0%| F|  |TAMS 0x0000000095c00000| PB 0x0000000095c00000| Untracked 
| 349|0x0000000095d00000, 0x0000000095d00000, 0x0000000095e00000|  0%| F|  |TAMS 0x0000000095d00000| PB 0x0000000095d00000| Untracked 
| 350|0x0000000095e00000, 0x0000000095e00000, 0x0000000095f00000|  0%| F|  |TAMS 0x0000000095e00000| PB 0x0000000095e00000| Untracked 
| 351|0x0000000095f00000, 0x0000000095f00000, 0x0000000096000000|  0%| F|  |TAMS 0x0000000095f00000| PB 0x0000000095f00000| Untracked 
| 352|0x0000000096000000, 0x0000000096000000, 0x0000000096100000|  0%| F|  |TAMS 0x0000000096000000| PB 0x0000000096000000| Untracked 
| 353|0x0000000096100000, 0x0000000096100000, 0x0000000096200000|  0%| F|  |TAMS 0x0000000096100000| PB 0x0000000096100000| Untracked 
| 354|0x0000000096200000, 0x0000000096200000, 0x0000000096300000|  0%| F|  |TAMS 0x0000000096200000| PB 0x0000000096200000| Untracked 
| 355|0x0000000096300000, 0x0000000096300000, 0x0000000096400000|  0%| F|  |TAMS 0x0000000096300000| PB 0x0000000096300000| Untracked 
| 356|0x0000000096400000, 0x0000000096400000, 0x0000000096500000|  0%| F|  |TAMS 0x0000000096400000| PB 0x0000000096400000| Untracked 
| 357|0x0000000096500000, 0x0000000096500000, 0x0000000096600000|  0%| F|  |TAMS 0x0000000096500000| PB 0x0000000096500000| Untracked 
| 358|0x0000000096600000, 0x0000000096600000, 0x0000000096700000|  0%| F|  |TAMS 0x0000000096600000| PB 0x0000000096600000| Untracked 
| 359|0x0000000096700000, 0x0000000096700000, 0x0000000096800000|  0%| F|  |TAMS 0x0000000096700000| PB 0x0000000096700000| Untracked 
| 360|0x0000000096800000, 0x0000000096800000, 0x0000000096900000|  0%| F|  |TAMS 0x0000000096800000| PB 0x0000000096800000| Untracked 
| 361|0x0000000096900000, 0x0000000096900000, 0x0000000096a00000|  0%| F|  |TAMS 0x0000000096900000| PB 0x0000000096900000| Untracked 
| 362|0x0000000096a00000, 0x0000000096a00000, 0x0000000096b00000|  0%| F|  |TAMS 0x0000000096a00000| PB 0x0000000096a00000| Untracked 
| 363|0x0000000096b00000, 0x0000000096b00000, 0x0000000096c00000|  0%| F|  |TAMS 0x0000000096b00000| PB 0x0000000096b00000| Untracked 
| 364|0x0000000096c00000, 0x0000000096c00000, 0x0000000096d00000|  0%| F|  |TAMS 0x0000000096c00000| PB 0x0000000096c00000| Untracked 
| 365|0x0000000096d00000, 0x0000000096d00000, 0x0000000096e00000|  0%| F|  |TAMS 0x0000000096d00000| PB 0x0000000096d00000| Untracked 
| 366|0x0000000096e00000, 0x0000000096e00000, 0x0000000096f00000|  0%| F|  |TAMS 0x0000000096e00000| PB 0x0000000096e00000| Untracked 
| 367|0x0000000096f00000, 0x0000000096f00000, 0x0000000097000000|  0%| F|  |TAMS 0x0000000096f00000| PB 0x0000000096f00000| Untracked 
| 368|0x0000000097000000, 0x0000000097000000, 0x0000000097100000|  0%| F|  |TAMS 0x0000000097000000| PB 0x0000000097000000| Untracked 
| 369|0x0000000097100000, 0x0000000097100000, 0x0000000097200000|  0%| F|  |TAMS 0x0000000097100000| PB 0x0000000097100000| Untracked 
| 370|0x0000000097200000, 0x0000000097200000, 0x0000000097300000|  0%| F|  |TAMS 0x0000000097200000| PB 0x0000000097200000| Untracked 
| 371|0x0000000097300000, 0x0000000097300000, 0x0000000097400000|  0%| F|  |TAMS 0x0000000097300000| PB 0x0000000097300000| Untracked 
| 372|0x0000000097400000, 0x0000000097400000, 0x0000000097500000|  0%| F|  |TAMS 0x0000000097400000| PB 0x0000000097400000| Untracked 
| 373|0x0000000097500000, 0x0000000097500000, 0x0000000097600000|  0%| F|  |TAMS 0x0000000097500000| PB 0x0000000097500000| Untracked 
| 374|0x0000000097600000, 0x0000000097600000, 0x0000000097700000|  0%| F|  |TAMS 0x0000000097600000| PB 0x0000000097600000| Untracked 
| 375|0x0000000097700000, 0x0000000097700000, 0x0000000097800000|  0%| F|  |TAMS 0x0000000097700000| PB 0x0000000097700000| Untracked 
| 376|0x0000000097800000, 0x0000000097800000, 0x0000000097900000|  0%| F|  |TAMS 0x0000000097800000| PB 0x0000000097800000| Untracked 
| 377|0x0000000097900000, 0x0000000097900000, 0x0000000097a00000|  0%| F|  |TAMS 0x0000000097900000| PB 0x0000000097900000| Untracked 
| 378|0x0000000097a00000, 0x0000000097a00000, 0x0000000097b00000|  0%| F|  |TAMS 0x0000000097a00000| PB 0x0000000097a00000| Untracked 
| 379|0x0000000097b00000, 0x0000000097b00000, 0x0000000097c00000|  0%| F|  |TAMS 0x0000000097b00000| PB 0x0000000097b00000| Untracked 
| 380|0x0000000097c00000, 0x0000000097c00000, 0x0000000097d00000|  0%| F|  |TAMS 0x0000000097c00000| PB 0x0000000097c00000| Untracked 
| 381|0x0000000097d00000, 0x0000000097d00000, 0x0000000097e00000|  0%| F|  |TAMS 0x0000000097d00000| PB 0x0000000097d00000| Untracked 
| 382|0x0000000097e00000, 0x0000000097e00000, 0x0000000097f00000|  0%| F|  |TAMS 0x0000000097e00000| PB 0x0000000097e00000| Untracked 
| 383|0x0000000097f00000, 0x0000000097f00000, 0x0000000098000000|  0%| F|  |TAMS 0x0000000097f00000| PB 0x0000000097f00000| Untracked 
| 384|0x0000000098000000, 0x0000000098000000, 0x0000000098100000|  0%| F|  |TAMS 0x0000000098000000| PB 0x0000000098000000| Untracked 
| 385|0x0000000098100000, 0x0000000098100000, 0x0000000098200000|  0%| F|  |TAMS 0x0000000098100000| PB 0x0000000098100000| Untracked 
| 386|0x0000000098200000, 0x0000000098200000, 0x0000000098300000|  0%| F|  |TAMS 0x0000000098200000| PB 0x0000000098200000| Untracked 
| 387|0x0000000098300000, 0x0000000098300000, 0x0000000098400000|  0%| F|  |TAMS 0x0000000098300000| PB 0x0000000098300000| Untracked 
| 388|0x0000000098400000, 0x0000000098400000, 0x0000000098500000|  0%| F|  |TAMS 0x0000000098400000| PB 0x0000000098400000| Untracked 
| 389|0x0000000098500000, 0x0000000098500000, 0x0000000098600000|  0%| F|  |TAMS 0x0000000098500000| PB 0x0000000098500000| Untracked 
| 390|0x0000000098600000, 0x0000000098600000, 0x0000000098700000|  0%| F|  |TAMS 0x0000000098600000| PB 0x0000000098600000| Untracked 
| 391|0x0000000098700000, 0x0000000098700000, 0x0000000098800000|  0%| F|  |TAMS 0x0000000098700000| PB 0x0000000098700000| Untracked 
| 392|0x0000000098800000, 0x0000000098800000, 0x0000000098900000|  0%| F|  |TAMS 0x0000000098800000| PB 0x0000000098800000| Untracked 
| 393|0x0000000098900000, 0x0000000098900000, 0x0000000098a00000|  0%| F|  |TAMS 0x0000000098900000| PB 0x0000000098900000| Untracked 
| 394|0x0000000098a00000, 0x0000000098a00000, 0x0000000098b00000|  0%| F|  |TAMS 0x0000000098a00000| PB 0x0000000098a00000| Untracked 
| 395|0x0000000098b00000, 0x0000000098b00000, 0x0000000098c00000|  0%| F|  |TAMS 0x0000000098b00000| PB 0x0000000098b00000| Untracked 
| 396|0x0000000098c00000, 0x0000000098c00000, 0x0000000098d00000|  0%| F|  |TAMS 0x0000000098c00000| PB 0x0000000098c00000| Untracked 
| 397|0x0000000098d00000, 0x0000000098d00000, 0x0000000098e00000|  0%| F|  |TAMS 0x0000000098d00000| PB 0x0000000098d00000| Untracked 
| 398|0x0000000098e00000, 0x0000000098e00000, 0x0000000098f00000|  0%| F|  |TAMS 0x0000000098e00000| PB 0x0000000098e00000| Untracked 
| 399|0x0000000098f00000, 0x0000000098f00000, 0x0000000099000000|  0%| F|  |TAMS 0x0000000098f00000| PB 0x0000000098f00000| Untracked 
| 400|0x0000000099000000, 0x0000000099000000, 0x0000000099100000|  0%| F|  |TAMS 0x0000000099000000| PB 0x0000000099000000| Untracked 
| 401|0x0000000099100000, 0x0000000099100000, 0x0000000099200000|  0%| F|  |TAMS 0x0000000099100000| PB 0x0000000099100000| Untracked 
| 402|0x0000000099200000, 0x0000000099200000, 0x0000000099300000|  0%| F|  |TAMS 0x0000000099200000| PB 0x0000000099200000| Untracked 
| 403|0x0000000099300000, 0x0000000099300000, 0x0000000099400000|  0%| F|  |TAMS 0x0000000099300000| PB 0x0000000099300000| Untracked 
| 404|0x0000000099400000, 0x0000000099400000, 0x0000000099500000|  0%| F|  |TAMS 0x0000000099400000| PB 0x0000000099400000| Untracked 
| 405|0x0000000099500000, 0x0000000099500000, 0x0000000099600000|  0%| F|  |TAMS 0x0000000099500000| PB 0x0000000099500000| Untracked 
| 406|0x0000000099600000, 0x0000000099600000, 0x0000000099700000|  0%| F|  |TAMS 0x0000000099600000| PB 0x0000000099600000| Untracked 
| 407|0x0000000099700000, 0x0000000099700000, 0x0000000099800000|  0%| F|  |TAMS 0x0000000099700000| PB 0x0000000099700000| Untracked 
| 408|0x0000000099800000, 0x0000000099800000, 0x0000000099900000|  0%| F|  |TAMS 0x0000000099800000| PB 0x0000000099800000| Untracked 
| 409|0x0000000099900000, 0x0000000099900000, 0x0000000099a00000|  0%| F|  |TAMS 0x0000000099900000| PB 0x0000000099900000| Untracked 
| 410|0x0000000099a00000, 0x0000000099a00000, 0x0000000099b00000|  0%| F|  |TAMS 0x0000000099a00000| PB 0x0000000099a00000| Untracked 
| 411|0x0000000099b00000, 0x0000000099b00000, 0x0000000099c00000|  0%| F|  |TAMS 0x0000000099b00000| PB 0x0000000099b00000| Untracked 
| 412|0x0000000099c00000, 0x0000000099c00000, 0x0000000099d00000|  0%| F|  |TAMS 0x0000000099c00000| PB 0x0000000099c00000| Untracked 
| 413|0x0000000099d00000, 0x0000000099d00000, 0x0000000099e00000|  0%| F|  |TAMS 0x0000000099d00000| PB 0x0000000099d00000| Untracked 
| 414|0x0000000099e00000, 0x0000000099e00000, 0x0000000099f00000|  0%| F|  |TAMS 0x0000000099e00000| PB 0x0000000099e00000| Untracked 
| 415|0x0000000099f00000, 0x0000000099f00000, 0x000000009a000000|  0%| F|  |TAMS 0x0000000099f00000| PB 0x0000000099f00000| Untracked 
| 416|0x000000009a000000, 0x000000009a000000, 0x000000009a100000|  0%| F|  |TAMS 0x000000009a000000| PB 0x000000009a000000| Untracked 
| 417|0x000000009a100000, 0x000000009a100000, 0x000000009a200000|  0%| F|  |TAMS 0x000000009a100000| PB 0x000000009a100000| Untracked 
| 418|0x000000009a200000, 0x000000009a200000, 0x000000009a300000|  0%| F|  |TAMS 0x000000009a200000| PB 0x000000009a200000| Untracked 
| 419|0x000000009a300000, 0x000000009a300000, 0x000000009a400000|  0%| F|  |TAMS 0x000000009a300000| PB 0x000000009a300000| Untracked 
| 420|0x000000009a400000, 0x000000009a400000, 0x000000009a500000|  0%| F|  |TAMS 0x000000009a400000| PB 0x000000009a400000| Untracked 
| 421|0x000000009a500000, 0x000000009a500000, 0x000000009a600000|  0%| F|  |TAMS 0x000000009a500000| PB 0x000000009a500000| Untracked 
| 422|0x000000009a600000, 0x000000009a600000, 0x000000009a700000|  0%| F|  |TAMS 0x000000009a600000| PB 0x000000009a600000| Untracked 
| 423|0x000000009a700000, 0x000000009a700000, 0x000000009a800000|  0%| F|  |TAMS 0x000000009a700000| PB 0x000000009a700000| Untracked 
| 424|0x000000009a800000, 0x000000009a800000, 0x000000009a900000|  0%| F|  |TAMS 0x000000009a800000| PB 0x000000009a800000| Untracked 
| 425|0x000000009a900000, 0x000000009a900000, 0x000000009aa00000|  0%| F|  |TAMS 0x000000009a900000| PB 0x000000009a900000| Untracked 
| 426|0x000000009aa00000, 0x000000009aa00000, 0x000000009ab00000|  0%| F|  |TAMS 0x000000009aa00000| PB 0x000000009aa00000| Untracked 
| 427|0x000000009ab00000, 0x000000009ab00000, 0x000000009ac00000|  0%| F|  |TAMS 0x000000009ab00000| PB 0x000000009ab00000| Untracked 
| 428|0x000000009ac00000, 0x000000009ac00000, 0x000000009ad00000|  0%| F|  |TAMS 0x000000009ac00000| PB 0x000000009ac00000| Untracked 
| 429|0x000000009ad00000, 0x000000009ad00000, 0x000000009ae00000|  0%| F|  |TAMS 0x000000009ad00000| PB 0x000000009ad00000| Untracked 
| 430|0x000000009ae00000, 0x000000009ae00000, 0x000000009af00000|  0%| F|  |TAMS 0x000000009ae00000| PB 0x000000009ae00000| Untracked 
| 431|0x000000009af00000, 0x000000009af00000, 0x000000009b000000|  0%| F|  |TAMS 0x000000009af00000| PB 0x000000009af00000| Untracked 
| 432|0x000000009b000000, 0x000000009b000000, 0x000000009b100000|  0%| F|  |TAMS 0x000000009b000000| PB 0x000000009b000000| Untracked 
| 433|0x000000009b100000, 0x000000009b100000, 0x000000009b200000|  0%| F|  |TAMS 0x000000009b100000| PB 0x000000009b100000| Untracked 
| 434|0x000000009b200000, 0x000000009b200000, 0x000000009b300000|  0%| F|  |TAMS 0x000000009b200000| PB 0x000000009b200000| Untracked 
| 435|0x000000009b300000, 0x000000009b300000, 0x000000009b400000|  0%| F|  |TAMS 0x000000009b300000| PB 0x000000009b300000| Untracked 
| 436|0x000000009b400000, 0x000000009b400000, 0x000000009b500000|  0%| F|  |TAMS 0x000000009b400000| PB 0x000000009b400000| Untracked 
| 437|0x000000009b500000, 0x000000009b500000, 0x000000009b600000|  0%| F|  |TAMS 0x000000009b500000| PB 0x000000009b500000| Untracked 
| 438|0x000000009b600000, 0x000000009b600000, 0x000000009b700000|  0%| F|  |TAMS 0x000000009b600000| PB 0x000000009b600000| Untracked 
| 439|0x000000009b700000, 0x000000009b700000, 0x000000009b800000|  0%| F|  |TAMS 0x000000009b700000| PB 0x000000009b700000| Untracked 
| 440|0x000000009b800000, 0x000000009b800000, 0x000000009b900000|  0%| F|  |TAMS 0x000000009b800000| PB 0x000000009b800000| Untracked 
| 441|0x000000009b900000, 0x000000009b900000, 0x000000009ba00000|  0%| F|  |TAMS 0x000000009b900000| PB 0x000000009b900000| Untracked 
| 442|0x000000009ba00000, 0x000000009ba00000, 0x000000009bb00000|  0%| F|  |TAMS 0x000000009ba00000| PB 0x000000009ba00000| Untracked 
| 443|0x000000009bb00000, 0x000000009bb00000, 0x000000009bc00000|  0%| F|  |TAMS 0x000000009bb00000| PB 0x000000009bb00000| Untracked 
| 444|0x000000009bc00000, 0x000000009bc00000, 0x000000009bd00000|  0%| F|  |TAMS 0x000000009bc00000| PB 0x000000009bc00000| Untracked 
| 445|0x000000009bd00000, 0x000000009bd00000, 0x000000009be00000|  0%| F|  |TAMS 0x000000009bd00000| PB 0x000000009bd00000| Untracked 
| 446|0x000000009be00000, 0x000000009be00000, 0x000000009bf00000|  0%| F|  |TAMS 0x000000009be00000| PB 0x000000009be00000| Untracked 
| 447|0x000000009bf00000, 0x000000009bf00000, 0x000000009c000000|  0%| F|  |TAMS 0x000000009bf00000| PB 0x000000009bf00000| Untracked 
| 448|0x000000009c000000, 0x000000009c000000, 0x000000009c100000|  0%| F|  |TAMS 0x000000009c000000| PB 0x000000009c000000| Untracked 
| 449|0x000000009c100000, 0x000000009c100000, 0x000000009c200000|  0%| F|  |TAMS 0x000000009c100000| PB 0x000000009c100000| Untracked 
| 450|0x000000009c200000, 0x000000009c200000, 0x000000009c300000|  0%| F|  |TAMS 0x000000009c200000| PB 0x000000009c200000| Untracked 
| 451|0x000000009c300000, 0x000000009c300000, 0x000000009c400000|  0%| F|  |TAMS 0x000000009c300000| PB 0x000000009c300000| Untracked 
| 452|0x000000009c400000, 0x000000009c400000, 0x000000009c500000|  0%| F|  |TAMS 0x000000009c400000| PB 0x000000009c400000| Untracked 
| 453|0x000000009c500000, 0x000000009c500000, 0x000000009c600000|  0%| F|  |TAMS 0x000000009c500000| PB 0x000000009c500000| Untracked 
| 454|0x000000009c600000, 0x000000009c600000, 0x000000009c700000|  0%| F|  |TAMS 0x000000009c600000| PB 0x000000009c600000| Untracked 
| 455|0x000000009c700000, 0x000000009c700000, 0x000000009c800000|  0%| F|  |TAMS 0x000000009c700000| PB 0x000000009c700000| Untracked 
| 456|0x000000009c800000, 0x000000009c800000, 0x000000009c900000|  0%| F|  |TAMS 0x000000009c800000| PB 0x000000009c800000| Untracked 
| 457|0x000000009c900000, 0x000000009c900000, 0x000000009ca00000|  0%| F|  |TAMS 0x000000009c900000| PB 0x000000009c900000| Untracked 
| 458|0x000000009ca00000, 0x000000009ca00000, 0x000000009cb00000|  0%| F|  |TAMS 0x000000009ca00000| PB 0x000000009ca00000| Untracked 
| 459|0x000000009cb00000, 0x000000009cb00000, 0x000000009cc00000|  0%| F|  |TAMS 0x000000009cb00000| PB 0x000000009cb00000| Untracked 
| 460|0x000000009cc00000, 0x000000009cc00000, 0x000000009cd00000|  0%| F|  |TAMS 0x000000009cc00000| PB 0x000000009cc00000| Untracked 
| 461|0x000000009cd00000, 0x000000009cd00000, 0x000000009ce00000|  0%| F|  |TAMS 0x000000009cd00000| PB 0x000000009cd00000| Untracked 
| 462|0x000000009ce00000, 0x000000009ce00000, 0x000000009cf00000|  0%| F|  |TAMS 0x000000009ce00000| PB 0x000000009ce00000| Untracked 
| 463|0x000000009cf00000, 0x000000009cf00000, 0x000000009d000000|  0%| F|  |TAMS 0x000000009cf00000| PB 0x000000009cf00000| Untracked 
| 464|0x000000009d000000, 0x000000009d000000, 0x000000009d100000|  0%| F|  |TAMS 0x000000009d000000| PB 0x000000009d000000| Untracked 
| 465|0x000000009d100000, 0x000000009d100000, 0x000000009d200000|  0%| F|  |TAMS 0x000000009d100000| PB 0x000000009d100000| Untracked 
| 466|0x000000009d200000, 0x000000009d200000, 0x000000009d300000|  0%| F|  |TAMS 0x000000009d200000| PB 0x000000009d200000| Untracked 
| 467|0x000000009d300000, 0x000000009d300000, 0x000000009d400000|  0%| F|  |TAMS 0x000000009d300000| PB 0x000000009d300000| Untracked 
| 468|0x000000009d400000, 0x000000009d400000, 0x000000009d500000|  0%| F|  |TAMS 0x000000009d400000| PB 0x000000009d400000| Untracked 
| 469|0x000000009d500000, 0x000000009d500000, 0x000000009d600000|  0%| F|  |TAMS 0x000000009d500000| PB 0x000000009d500000| Untracked 
| 470|0x000000009d600000, 0x000000009d600000, 0x000000009d700000|  0%| F|  |TAMS 0x000000009d600000| PB 0x000000009d600000| Untracked 
| 471|0x000000009d700000, 0x000000009d700000, 0x000000009d800000|  0%| F|  |TAMS 0x000000009d700000| PB 0x000000009d700000| Untracked 
| 472|0x000000009d800000, 0x000000009d800000, 0x000000009d900000|  0%| F|  |TAMS 0x000000009d800000| PB 0x000000009d800000| Untracked 
| 473|0x000000009d900000, 0x000000009d900000, 0x000000009da00000|  0%| F|  |TAMS 0x000000009d900000| PB 0x000000009d900000| Untracked 
| 474|0x000000009da00000, 0x000000009da00000, 0x000000009db00000|  0%| F|  |TAMS 0x000000009da00000| PB 0x000000009da00000| Untracked 
| 475|0x000000009db00000, 0x000000009db00000, 0x000000009dc00000|  0%| F|  |TAMS 0x000000009db00000| PB 0x000000009db00000| Untracked 
| 476|0x000000009dc00000, 0x000000009dc00000, 0x000000009dd00000|  0%| F|  |TAMS 0x000000009dc00000| PB 0x000000009dc00000| Untracked 
| 477|0x000000009dd00000, 0x000000009dd00000, 0x000000009de00000|  0%| F|  |TAMS 0x000000009dd00000| PB 0x000000009dd00000| Untracked 
| 478|0x000000009de00000, 0x000000009de00000, 0x000000009df00000|  0%| F|  |TAMS 0x000000009de00000| PB 0x000000009de00000| Untracked 
| 479|0x000000009df00000, 0x000000009df00000, 0x000000009e000000|  0%| F|  |TAMS 0x000000009df00000| PB 0x000000009df00000| Untracked 
| 480|0x000000009e000000, 0x000000009e000000, 0x000000009e100000|  0%| F|  |TAMS 0x000000009e000000| PB 0x000000009e000000| Untracked 
| 481|0x000000009e100000, 0x000000009e100000, 0x000000009e200000|  0%| F|  |TAMS 0x000000009e100000| PB 0x000000009e100000| Untracked 
| 482|0x000000009e200000, 0x000000009e200000, 0x000000009e300000|  0%| F|  |TAMS 0x000000009e200000| PB 0x000000009e200000| Untracked 
| 483|0x000000009e300000, 0x000000009e300000, 0x000000009e400000|  0%| F|  |TAMS 0x000000009e300000| PB 0x000000009e300000| Untracked 
| 484|0x000000009e400000, 0x000000009e400000, 0x000000009e500000|  0%| F|  |TAMS 0x000000009e400000| PB 0x000000009e400000| Untracked 
| 485|0x000000009e500000, 0x000000009e500000, 0x000000009e600000|  0%| F|  |TAMS 0x000000009e500000| PB 0x000000009e500000| Untracked 
| 486|0x000000009e600000, 0x000000009e600000, 0x000000009e700000|  0%| F|  |TAMS 0x000000009e600000| PB 0x000000009e600000| Untracked 
| 487|0x000000009e700000, 0x000000009e700000, 0x000000009e800000|  0%| F|  |TAMS 0x000000009e700000| PB 0x000000009e700000| Untracked 
| 488|0x000000009e800000, 0x000000009e800000, 0x000000009e900000|  0%| F|  |TAMS 0x000000009e800000| PB 0x000000009e800000| Untracked 
| 489|0x000000009e900000, 0x000000009e900000, 0x000000009ea00000|  0%| F|  |TAMS 0x000000009e900000| PB 0x000000009e900000| Untracked 
| 490|0x000000009ea00000, 0x000000009ea00000, 0x000000009eb00000|  0%| F|  |TAMS 0x000000009ea00000| PB 0x000000009ea00000| Untracked 
| 491|0x000000009eb00000, 0x000000009eb00000, 0x000000009ec00000|  0%| F|  |TAMS 0x000000009eb00000| PB 0x000000009eb00000| Untracked 
| 492|0x000000009ec00000, 0x000000009ec00000, 0x000000009ed00000|  0%| F|  |TAMS 0x000000009ec00000| PB 0x000000009ec00000| Untracked 
| 493|0x000000009ed00000, 0x000000009ed00000, 0x000000009ee00000|  0%| F|  |TAMS 0x000000009ed00000| PB 0x000000009ed00000| Untracked 
| 494|0x000000009ee00000, 0x000000009ee00000, 0x000000009ef00000|  0%| F|  |TAMS 0x000000009ee00000| PB 0x000000009ee00000| Untracked 
| 495|0x000000009ef00000, 0x000000009ef00000, 0x000000009f000000|  0%| F|  |TAMS 0x000000009ef00000| PB 0x000000009ef00000| Untracked 
| 496|0x000000009f000000, 0x000000009f000000, 0x000000009f100000|  0%| F|  |TAMS 0x000000009f000000| PB 0x000000009f000000| Untracked 
| 497|0x000000009f100000, 0x000000009f100000, 0x000000009f200000|  0%| F|  |TAMS 0x000000009f100000| PB 0x000000009f100000| Untracked 
| 498|0x000000009f200000, 0x000000009f200000, 0x000000009f300000|  0%| F|  |TAMS 0x000000009f200000| PB 0x000000009f200000| Untracked 
| 499|0x000000009f300000, 0x000000009f300000, 0x000000009f400000|  0%| F|  |TAMS 0x000000009f300000| PB 0x000000009f300000| Untracked 
| 500|0x000000009f400000, 0x000000009f400000, 0x000000009f500000|  0%| F|  |TAMS 0x000000009f400000| PB 0x000000009f400000| Untracked 
| 501|0x000000009f500000, 0x000000009f500000, 0x000000009f600000|  0%| F|  |TAMS 0x000000009f500000| PB 0x000000009f500000| Untracked 
| 502|0x000000009f600000, 0x000000009f600000, 0x000000009f700000|  0%| F|  |TAMS 0x000000009f600000| PB 0x000000009f600000| Untracked 
| 503|0x000000009f700000, 0x000000009f700000, 0x000000009f800000|  0%| F|  |TAMS 0x000000009f700000| PB 0x000000009f700000| Untracked 
| 504|0x000000009f800000, 0x000000009f800000, 0x000000009f900000|  0%| F|  |TAMS 0x000000009f800000| PB 0x000000009f800000| Untracked 
| 505|0x000000009f900000, 0x000000009f900000, 0x000000009fa00000|  0%| F|  |TAMS 0x000000009f900000| PB 0x000000009f900000| Untracked 
| 506|0x000000009fa00000, 0x000000009fa00000, 0x000000009fb00000|  0%| F|  |TAMS 0x000000009fa00000| PB 0x000000009fa00000| Untracked 
| 507|0x000000009fb00000, 0x000000009fb00000, 0x000000009fc00000|  0%| F|  |TAMS 0x000000009fb00000| PB 0x000000009fb00000| Untracked 
| 508|0x000000009fc00000, 0x000000009fc00000, 0x000000009fd00000|  0%| F|  |TAMS 0x000000009fc00000| PB 0x000000009fc00000| Untracked 
| 509|0x000000009fd00000, 0x000000009fd00000, 0x000000009fe00000|  0%| F|  |TAMS 0x000000009fd00000| PB 0x000000009fd00000| Untracked 
| 510|0x000000009fe00000, 0x000000009fe00000, 0x000000009ff00000|  0%| F|  |TAMS 0x000000009fe00000| PB 0x000000009fe00000| Untracked 
| 511|0x000000009ff00000, 0x000000009ff00000, 0x00000000a0000000|  0%| F|  |TAMS 0x000000009ff00000| PB 0x000000009ff00000| Untracked 
| 512|0x00000000a0000000, 0x00000000a0000000, 0x00000000a0100000|  0%| F|  |TAMS 0x00000000a0000000| PB 0x00000000a0000000| Untracked 
| 513|0x00000000a0100000, 0x00000000a0100000, 0x00000000a0200000|  0%| F|  |TAMS 0x00000000a0100000| PB 0x00000000a0100000| Untracked 
| 514|0x00000000a0200000, 0x00000000a0200000, 0x00000000a0300000|  0%| F|  |TAMS 0x00000000a0200000| PB 0x00000000a0200000| Untracked 
| 515|0x00000000a0300000, 0x00000000a0300000, 0x00000000a0400000|  0%| F|  |TAMS 0x00000000a0300000| PB 0x00000000a0300000| Untracked 
| 516|0x00000000a0400000, 0x00000000a0400000, 0x00000000a0500000|  0%| F|  |TAMS 0x00000000a0400000| PB 0x00000000a0400000| Untracked 
| 517|0x00000000a0500000, 0x00000000a0500000, 0x00000000a0600000|  0%| F|  |TAMS 0x00000000a0500000| PB 0x00000000a0500000| Untracked 
| 518|0x00000000a0600000, 0x00000000a0600000, 0x00000000a0700000|  0%| F|  |TAMS 0x00000000a0600000| PB 0x00000000a0600000| Untracked 
| 519|0x00000000a0700000, 0x00000000a0700000, 0x00000000a0800000|  0%| F|  |TAMS 0x00000000a0700000| PB 0x00000000a0700000| Untracked 
| 520|0x00000000a0800000, 0x00000000a0800000, 0x00000000a0900000|  0%| F|  |TAMS 0x00000000a0800000| PB 0x00000000a0800000| Untracked 
| 521|0x00000000a0900000, 0x00000000a0900000, 0x00000000a0a00000|  0%| F|  |TAMS 0x00000000a0900000| PB 0x00000000a0900000| Untracked 
| 522|0x00000000a0a00000, 0x00000000a0a00000, 0x00000000a0b00000|  0%| F|  |TAMS 0x00000000a0a00000| PB 0x00000000a0a00000| Untracked 
| 523|0x00000000a0b00000, 0x00000000a0b00000, 0x00000000a0c00000|  0%| F|  |TAMS 0x00000000a0b00000| PB 0x00000000a0b00000| Untracked 
| 524|0x00000000a0c00000, 0x00000000a0c00000, 0x00000000a0d00000|  0%| F|  |TAMS 0x00000000a0c00000| PB 0x00000000a0c00000| Untracked 
| 525|0x00000000a0d00000, 0x00000000a0d00000, 0x00000000a0e00000|  0%| F|  |TAMS 0x00000000a0d00000| PB 0x00000000a0d00000| Untracked 
| 526|0x00000000a0e00000, 0x00000000a0e00000, 0x00000000a0f00000|  0%| F|  |TAMS 0x00000000a0e00000| PB 0x00000000a0e00000| Untracked 
| 527|0x00000000a0f00000, 0x00000000a0f00000, 0x00000000a1000000|  0%| F|  |TAMS 0x00000000a0f00000| PB 0x00000000a0f00000| Untracked 
| 528|0x00000000a1000000, 0x00000000a1000000, 0x00000000a1100000|  0%| F|  |TAMS 0x00000000a1000000| PB 0x00000000a1000000| Untracked 
| 529|0x00000000a1100000, 0x00000000a1100000, 0x00000000a1200000|  0%| F|  |TAMS 0x00000000a1100000| PB 0x00000000a1100000| Untracked 
| 530|0x00000000a1200000, 0x00000000a1200000, 0x00000000a1300000|  0%| F|  |TAMS 0x00000000a1200000| PB 0x00000000a1200000| Untracked 
| 531|0x00000000a1300000, 0x00000000a1300000, 0x00000000a1400000|  0%| F|  |TAMS 0x00000000a1300000| PB 0x00000000a1300000| Untracked 
| 532|0x00000000a1400000, 0x00000000a1400000, 0x00000000a1500000|  0%| F|  |TAMS 0x00000000a1400000| PB 0x00000000a1400000| Untracked 
| 533|0x00000000a1500000, 0x00000000a1500000, 0x00000000a1600000|  0%| F|  |TAMS 0x00000000a1500000| PB 0x00000000a1500000| Untracked 
| 534|0x00000000a1600000, 0x00000000a1600000, 0x00000000a1700000|  0%| F|  |TAMS 0x00000000a1600000| PB 0x00000000a1600000| Untracked 
| 535|0x00000000a1700000, 0x00000000a1700000, 0x00000000a1800000|  0%| F|  |TAMS 0x00000000a1700000| PB 0x00000000a1700000| Untracked 
| 536|0x00000000a1800000, 0x00000000a1800000, 0x00000000a1900000|  0%| F|  |TAMS 0x00000000a1800000| PB 0x00000000a1800000| Untracked 
| 537|0x00000000a1900000, 0x00000000a1900000, 0x00000000a1a00000|  0%| F|  |TAMS 0x00000000a1900000| PB 0x00000000a1900000| Untracked 
| 538|0x00000000a1a00000, 0x00000000a1a00000, 0x00000000a1b00000|  0%| F|  |TAMS 0x00000000a1a00000| PB 0x00000000a1a00000| Untracked 
| 539|0x00000000a1b00000, 0x00000000a1b00000, 0x00000000a1c00000|  0%| F|  |TAMS 0x00000000a1b00000| PB 0x00000000a1b00000| Untracked 
| 540|0x00000000a1c00000, 0x00000000a1c00000, 0x00000000a1d00000|  0%| F|  |TAMS 0x00000000a1c00000| PB 0x00000000a1c00000| Untracked 
| 541|0x00000000a1d00000, 0x00000000a1d00000, 0x00000000a1e00000|  0%| F|  |TAMS 0x00000000a1d00000| PB 0x00000000a1d00000| Untracked 
| 542|0x00000000a1e00000, 0x00000000a1e00000, 0x00000000a1f00000|  0%| F|  |TAMS 0x00000000a1e00000| PB 0x00000000a1e00000| Untracked 
| 543|0x00000000a1f00000, 0x00000000a1f00000, 0x00000000a2000000|  0%| F|  |TAMS 0x00000000a1f00000| PB 0x00000000a1f00000| Untracked 
| 544|0x00000000a2000000, 0x00000000a2000000, 0x00000000a2100000|  0%| F|  |TAMS 0x00000000a2000000| PB 0x00000000a2000000| Untracked 
| 545|0x00000000a2100000, 0x00000000a2100000, 0x00000000a2200000|  0%| F|  |TAMS 0x00000000a2100000| PB 0x00000000a2100000| Untracked 
| 546|0x00000000a2200000, 0x00000000a2200000, 0x00000000a2300000|  0%| F|  |TAMS 0x00000000a2200000| PB 0x00000000a2200000| Untracked 
| 547|0x00000000a2300000, 0x00000000a2300000, 0x00000000a2400000|  0%| F|  |TAMS 0x00000000a2300000| PB 0x00000000a2300000| Untracked 
| 548|0x00000000a2400000, 0x00000000a2400000, 0x00000000a2500000|  0%| F|  |TAMS 0x00000000a2400000| PB 0x00000000a2400000| Untracked 
| 549|0x00000000a2500000, 0x00000000a2500000, 0x00000000a2600000|  0%| F|  |TAMS 0x00000000a2500000| PB 0x00000000a2500000| Untracked 
| 550|0x00000000a2600000, 0x00000000a2600000, 0x00000000a2700000|  0%| F|  |TAMS 0x00000000a2600000| PB 0x00000000a2600000| Untracked 
| 551|0x00000000a2700000, 0x00000000a2700000, 0x00000000a2800000|  0%| F|  |TAMS 0x00000000a2700000| PB 0x00000000a2700000| Untracked 
| 552|0x00000000a2800000, 0x00000000a2800000, 0x00000000a2900000|  0%| F|  |TAMS 0x00000000a2800000| PB 0x00000000a2800000| Untracked 
| 553|0x00000000a2900000, 0x00000000a2900000, 0x00000000a2a00000|  0%| F|  |TAMS 0x00000000a2900000| PB 0x00000000a2900000| Untracked 
| 554|0x00000000a2a00000, 0x00000000a2a00000, 0x00000000a2b00000|  0%| F|  |TAMS 0x00000000a2a00000| PB 0x00000000a2a00000| Untracked 
| 555|0x00000000a2b00000, 0x00000000a2b00000, 0x00000000a2c00000|  0%| F|  |TAMS 0x00000000a2b00000| PB 0x00000000a2b00000| Untracked 
| 556|0x00000000a2c00000, 0x00000000a2c00000, 0x00000000a2d00000|  0%| F|  |TAMS 0x00000000a2c00000| PB 0x00000000a2c00000| Untracked 
| 557|0x00000000a2d00000, 0x00000000a2d00000, 0x00000000a2e00000|  0%| F|  |TAMS 0x00000000a2d00000| PB 0x00000000a2d00000| Untracked 
| 558|0x00000000a2e00000, 0x00000000a2e00000, 0x00000000a2f00000|  0%| F|  |TAMS 0x00000000a2e00000| PB 0x00000000a2e00000| Untracked 
| 559|0x00000000a2f00000, 0x00000000a2f00000, 0x00000000a3000000|  0%| F|  |TAMS 0x00000000a2f00000| PB 0x00000000a2f00000| Untracked 
| 560|0x00000000a3000000, 0x00000000a3000000, 0x00000000a3100000|  0%| F|  |TAMS 0x00000000a3000000| PB 0x00000000a3000000| Untracked 
| 561|0x00000000a3100000, 0x00000000a3100000, 0x00000000a3200000|  0%| F|  |TAMS 0x00000000a3100000| PB 0x00000000a3100000| Untracked 
| 562|0x00000000a3200000, 0x00000000a3200000, 0x00000000a3300000|  0%| F|  |TAMS 0x00000000a3200000| PB 0x00000000a3200000| Untracked 
| 563|0x00000000a3300000, 0x00000000a3300000, 0x00000000a3400000|  0%| F|  |TAMS 0x00000000a3300000| PB 0x00000000a3300000| Untracked 
| 564|0x00000000a3400000, 0x00000000a3400000, 0x00000000a3500000|  0%| F|  |TAMS 0x00000000a3400000| PB 0x00000000a3400000| Untracked 
| 565|0x00000000a3500000, 0x00000000a3500000, 0x00000000a3600000|  0%| F|  |TAMS 0x00000000a3500000| PB 0x00000000a3500000| Untracked 
| 566|0x00000000a3600000, 0x00000000a3600000, 0x00000000a3700000|  0%| F|  |TAMS 0x00000000a3600000| PB 0x00000000a3600000| Untracked 
| 567|0x00000000a3700000, 0x00000000a3700000, 0x00000000a3800000|  0%| F|  |TAMS 0x00000000a3700000| PB 0x00000000a3700000| Untracked 
| 568|0x00000000a3800000, 0x00000000a3800000, 0x00000000a3900000|  0%| F|  |TAMS 0x00000000a3800000| PB 0x00000000a3800000| Untracked 
| 569|0x00000000a3900000, 0x00000000a3900000, 0x00000000a3a00000|  0%| F|  |TAMS 0x00000000a3900000| PB 0x00000000a3900000| Untracked 
| 570|0x00000000a3a00000, 0x00000000a3a00000, 0x00000000a3b00000|  0%| F|  |TAMS 0x00000000a3a00000| PB 0x00000000a3a00000| Untracked 
| 571|0x00000000a3b00000, 0x00000000a3b00000, 0x00000000a3c00000|  0%| F|  |TAMS 0x00000000a3b00000| PB 0x00000000a3b00000| Untracked 
| 572|0x00000000a3c00000, 0x00000000a3c00000, 0x00000000a3d00000|  0%| F|  |TAMS 0x00000000a3c00000| PB 0x00000000a3c00000| Untracked 
| 573|0x00000000a3d00000, 0x00000000a3d00000, 0x00000000a3e00000|  0%| F|  |TAMS 0x00000000a3d00000| PB 0x00000000a3d00000| Untracked 
| 574|0x00000000a3e00000, 0x00000000a3e00000, 0x00000000a3f00000|  0%| F|  |TAMS 0x00000000a3e00000| PB 0x00000000a3e00000| Untracked 
| 575|0x00000000a3f00000, 0x00000000a3f00000, 0x00000000a4000000|  0%| F|  |TAMS 0x00000000a3f00000| PB 0x00000000a3f00000| Untracked 
| 576|0x00000000a4000000, 0x00000000a4000000, 0x00000000a4100000|  0%| F|  |TAMS 0x00000000a4000000| PB 0x00000000a4000000| Untracked 
| 577|0x00000000a4100000, 0x00000000a4100000, 0x00000000a4200000|  0%| F|  |TAMS 0x00000000a4100000| PB 0x00000000a4100000| Untracked 
| 578|0x00000000a4200000, 0x00000000a4200000, 0x00000000a4300000|  0%| F|  |TAMS 0x00000000a4200000| PB 0x00000000a4200000| Untracked 
| 579|0x00000000a4300000, 0x00000000a4300000, 0x00000000a4400000|  0%| F|  |TAMS 0x00000000a4300000| PB 0x00000000a4300000| Untracked 
| 580|0x00000000a4400000, 0x00000000a4400000, 0x00000000a4500000|  0%| F|  |TAMS 0x00000000a4400000| PB 0x00000000a4400000| Untracked 
| 581|0x00000000a4500000, 0x00000000a4500000, 0x00000000a4600000|  0%| F|  |TAMS 0x00000000a4500000| PB 0x00000000a4500000| Untracked 
| 582|0x00000000a4600000, 0x00000000a4600000, 0x00000000a4700000|  0%| F|  |TAMS 0x00000000a4600000| PB 0x00000000a4600000| Untracked 
| 583|0x00000000a4700000, 0x00000000a4700000, 0x00000000a4800000|  0%| F|  |TAMS 0x00000000a4700000| PB 0x00000000a4700000| Untracked 
| 584|0x00000000a4800000, 0x00000000a4800000, 0x00000000a4900000|  0%| F|  |TAMS 0x00000000a4800000| PB 0x00000000a4800000| Untracked 
| 585|0x00000000a4900000, 0x00000000a4900000, 0x00000000a4a00000|  0%| F|  |TAMS 0x00000000a4900000| PB 0x00000000a4900000| Untracked 
| 586|0x00000000a4a00000, 0x00000000a4a00000, 0x00000000a4b00000|  0%| F|  |TAMS 0x00000000a4a00000| PB 0x00000000a4a00000| Untracked 
| 587|0x00000000a4b00000, 0x00000000a4b00000, 0x00000000a4c00000|  0%| F|  |TAMS 0x00000000a4b00000| PB 0x00000000a4b00000| Untracked 
| 588|0x00000000a4c00000, 0x00000000a4c00000, 0x00000000a4d00000|  0%| F|  |TAMS 0x00000000a4c00000| PB 0x00000000a4c00000| Untracked 
| 589|0x00000000a4d00000, 0x00000000a4d00000, 0x00000000a4e00000|  0%| F|  |TAMS 0x00000000a4d00000| PB 0x00000000a4d00000| Untracked 
| 590|0x00000000a4e00000, 0x00000000a4e00000, 0x00000000a4f00000|  0%| F|  |TAMS 0x00000000a4e00000| PB 0x00000000a4e00000| Untracked 
| 591|0x00000000a4f00000, 0x00000000a4f00000, 0x00000000a5000000|  0%| F|  |TAMS 0x00000000a4f00000| PB 0x00000000a4f00000| Untracked 
| 592|0x00000000a5000000, 0x00000000a5000000, 0x00000000a5100000|  0%| F|  |TAMS 0x00000000a5000000| PB 0x00000000a5000000| Untracked 
| 593|0x00000000a5100000, 0x00000000a5100000, 0x00000000a5200000|  0%| F|  |TAMS 0x00000000a5100000| PB 0x00000000a5100000| Untracked 
| 594|0x00000000a5200000, 0x00000000a5200000, 0x00000000a5300000|  0%| F|  |TAMS 0x00000000a5200000| PB 0x00000000a5200000| Untracked 
| 595|0x00000000a5300000, 0x00000000a5300000, 0x00000000a5400000|  0%| F|  |TAMS 0x00000000a5300000| PB 0x00000000a5300000| Untracked 
| 596|0x00000000a5400000, 0x00000000a5400000, 0x00000000a5500000|  0%| F|  |TAMS 0x00000000a5400000| PB 0x00000000a5400000| Untracked 
| 597|0x00000000a5500000, 0x00000000a5500000, 0x00000000a5600000|  0%| F|  |TAMS 0x00000000a5500000| PB 0x00000000a5500000| Untracked 
| 598|0x00000000a5600000, 0x00000000a5600000, 0x00000000a5700000|  0%| F|  |TAMS 0x00000000a5600000| PB 0x00000000a5600000| Untracked 
| 599|0x00000000a5700000, 0x00000000a5700000, 0x00000000a5800000|  0%| F|  |TAMS 0x00000000a5700000| PB 0x00000000a5700000| Untracked 
| 600|0x00000000a5800000, 0x00000000a5800000, 0x00000000a5900000|  0%| F|  |TAMS 0x00000000a5800000| PB 0x00000000a5800000| Untracked 
| 601|0x00000000a5900000, 0x00000000a5900000, 0x00000000a5a00000|  0%| F|  |TAMS 0x00000000a5900000| PB 0x00000000a5900000| Untracked 
| 602|0x00000000a5a00000, 0x00000000a5a00000, 0x00000000a5b00000|  0%| F|  |TAMS 0x00000000a5a00000| PB 0x00000000a5a00000| Untracked 
| 603|0x00000000a5b00000, 0x00000000a5b00000, 0x00000000a5c00000|  0%| F|  |TAMS 0x00000000a5b00000| PB 0x00000000a5b00000| Untracked 
| 604|0x00000000a5c00000, 0x00000000a5c00000, 0x00000000a5d00000|  0%| F|  |TAMS 0x00000000a5c00000| PB 0x00000000a5c00000| Untracked 
| 605|0x00000000a5d00000, 0x00000000a5d00000, 0x00000000a5e00000|  0%| F|  |TAMS 0x00000000a5d00000| PB 0x00000000a5d00000| Untracked 
| 606|0x00000000a5e00000, 0x00000000a5e00000, 0x00000000a5f00000|  0%| F|  |TAMS 0x00000000a5e00000| PB 0x00000000a5e00000| Untracked 
| 607|0x00000000a5f00000, 0x00000000a5f00000, 0x00000000a6000000|  0%| F|  |TAMS 0x00000000a5f00000| PB 0x00000000a5f00000| Untracked 
| 608|0x00000000a6000000, 0x00000000a6000000, 0x00000000a6100000|  0%| F|  |TAMS 0x00000000a6000000| PB 0x00000000a6000000| Untracked 
| 609|0x00000000a6100000, 0x00000000a6100000, 0x00000000a6200000|  0%| F|  |TAMS 0x00000000a6100000| PB 0x00000000a6100000| Untracked 
| 610|0x00000000a6200000, 0x00000000a6200000, 0x00000000a6300000|  0%| F|  |TAMS 0x00000000a6200000| PB 0x00000000a6200000| Untracked 
| 611|0x00000000a6300000, 0x00000000a6300000, 0x00000000a6400000|  0%| F|  |TAMS 0x00000000a6300000| PB 0x00000000a6300000| Untracked 
| 612|0x00000000a6400000, 0x00000000a6400000, 0x00000000a6500000|  0%| F|  |TAMS 0x00000000a6400000| PB 0x00000000a6400000| Untracked 
| 613|0x00000000a6500000, 0x00000000a6500000, 0x00000000a6600000|  0%| F|  |TAMS 0x00000000a6500000| PB 0x00000000a6500000| Untracked 
| 614|0x00000000a6600000, 0x00000000a6600000, 0x00000000a6700000|  0%| F|  |TAMS 0x00000000a6600000| PB 0x00000000a6600000| Untracked 
| 615|0x00000000a6700000, 0x00000000a6700000, 0x00000000a6800000|  0%| F|  |TAMS 0x00000000a6700000| PB 0x00000000a6700000| Untracked 
| 616|0x00000000a6800000, 0x00000000a6800000, 0x00000000a6900000|  0%| F|  |TAMS 0x00000000a6800000| PB 0x00000000a6800000| Untracked 
| 617|0x00000000a6900000, 0x00000000a6900000, 0x00000000a6a00000|  0%| F|  |TAMS 0x00000000a6900000| PB 0x00000000a6900000| Untracked 
| 618|0x00000000a6a00000, 0x00000000a6a00000, 0x00000000a6b00000|  0%| F|  |TAMS 0x00000000a6a00000| PB 0x00000000a6a00000| Untracked 
| 619|0x00000000a6b00000, 0x00000000a6b00000, 0x00000000a6c00000|  0%| F|  |TAMS 0x00000000a6b00000| PB 0x00000000a6b00000| Untracked 
| 620|0x00000000a6c00000, 0x00000000a6c00000, 0x00000000a6d00000|  0%| F|  |TAMS 0x00000000a6c00000| PB 0x00000000a6c00000| Untracked 
| 621|0x00000000a6d00000, 0x00000000a6d00000, 0x00000000a6e00000|  0%| F|  |TAMS 0x00000000a6d00000| PB 0x00000000a6d00000| Untracked 
| 622|0x00000000a6e00000, 0x00000000a6e00000, 0x00000000a6f00000|  0%| F|  |TAMS 0x00000000a6e00000| PB 0x00000000a6e00000| Untracked 
| 623|0x00000000a6f00000, 0x00000000a6f00000, 0x00000000a7000000|  0%| F|  |TAMS 0x00000000a6f00000| PB 0x00000000a6f00000| Untracked 
| 624|0x00000000a7000000, 0x00000000a7000000, 0x00000000a7100000|  0%| F|  |TAMS 0x00000000a7000000| PB 0x00000000a7000000| Untracked 
| 625|0x00000000a7100000, 0x00000000a7100000, 0x00000000a7200000|  0%| F|  |TAMS 0x00000000a7100000| PB 0x00000000a7100000| Untracked 
| 626|0x00000000a7200000, 0x00000000a7200000, 0x00000000a7300000|  0%| F|  |TAMS 0x00000000a7200000| PB 0x00000000a7200000| Untracked 
| 627|0x00000000a7300000, 0x00000000a7300000, 0x00000000a7400000|  0%| F|  |TAMS 0x00000000a7300000| PB 0x00000000a7300000| Untracked 
| 628|0x00000000a7400000, 0x00000000a7400000, 0x00000000a7500000|  0%| F|  |TAMS 0x00000000a7400000| PB 0x00000000a7400000| Untracked 
| 629|0x00000000a7500000, 0x00000000a7500000, 0x00000000a7600000|  0%| F|  |TAMS 0x00000000a7500000| PB 0x00000000a7500000| Untracked 
| 630|0x00000000a7600000, 0x00000000a7600000, 0x00000000a7700000|  0%| F|  |TAMS 0x00000000a7600000| PB 0x00000000a7600000| Untracked 
| 631|0x00000000a7700000, 0x00000000a7700000, 0x00000000a7800000|  0%| F|  |TAMS 0x00000000a7700000| PB 0x00000000a7700000| Untracked 
| 632|0x00000000a7800000, 0x00000000a7800000, 0x00000000a7900000|  0%| F|  |TAMS 0x00000000a7800000| PB 0x00000000a7800000| Untracked 
| 633|0x00000000a7900000, 0x00000000a7900000, 0x00000000a7a00000|  0%| F|  |TAMS 0x00000000a7900000| PB 0x00000000a7900000| Untracked 
| 634|0x00000000a7a00000, 0x00000000a7a00000, 0x00000000a7b00000|  0%| F|  |TAMS 0x00000000a7a00000| PB 0x00000000a7a00000| Untracked 
| 635|0x00000000a7b00000, 0x00000000a7b00000, 0x00000000a7c00000|  0%| F|  |TAMS 0x00000000a7b00000| PB 0x00000000a7b00000| Untracked 
| 636|0x00000000a7c00000, 0x00000000a7c00000, 0x00000000a7d00000|  0%| F|  |TAMS 0x00000000a7c00000| PB 0x00000000a7c00000| Untracked 
| 637|0x00000000a7d00000, 0x00000000a7d00000, 0x00000000a7e00000|  0%| F|  |TAMS 0x00000000a7d00000| PB 0x00000000a7d00000| Untracked 
| 638|0x00000000a7e00000, 0x00000000a7e00000, 0x00000000a7f00000|  0%| F|  |TAMS 0x00000000a7e00000| PB 0x00000000a7e00000| Untracked 
| 639|0x00000000a7f00000, 0x00000000a7f00000, 0x00000000a8000000|  0%| F|  |TAMS 0x00000000a7f00000| PB 0x00000000a7f00000| Untracked 
| 640|0x00000000a8000000, 0x00000000a8000000, 0x00000000a8100000|  0%| F|  |TAMS 0x00000000a8000000| PB 0x00000000a8000000| Untracked 
| 641|0x00000000a8100000, 0x00000000a8100000, 0x00000000a8200000|  0%| F|  |TAMS 0x00000000a8100000| PB 0x00000000a8100000| Untracked 
| 642|0x00000000a8200000, 0x00000000a8200000, 0x00000000a8300000|  0%| F|  |TAMS 0x00000000a8200000| PB 0x00000000a8200000| Untracked 
| 643|0x00000000a8300000, 0x00000000a8300000, 0x00000000a8400000|  0%| F|  |TAMS 0x00000000a8300000| PB 0x00000000a8300000| Untracked 
| 644|0x00000000a8400000, 0x00000000a8400000, 0x00000000a8500000|  0%| F|  |TAMS 0x00000000a8400000| PB 0x00000000a8400000| Untracked 
| 645|0x00000000a8500000, 0x00000000a8500000, 0x00000000a8600000|  0%| F|  |TAMS 0x00000000a8500000| PB 0x00000000a8500000| Untracked 
| 646|0x00000000a8600000, 0x00000000a8600000, 0x00000000a8700000|  0%| F|  |TAMS 0x00000000a8600000| PB 0x00000000a8600000| Untracked 
| 647|0x00000000a8700000, 0x00000000a8700000, 0x00000000a8800000|  0%| F|  |TAMS 0x00000000a8700000| PB 0x00000000a8700000| Untracked 
| 648|0x00000000a8800000, 0x00000000a8800000, 0x00000000a8900000|  0%| F|  |TAMS 0x00000000a8800000| PB 0x00000000a8800000| Untracked 
| 649|0x00000000a8900000, 0x00000000a8900000, 0x00000000a8a00000|  0%| F|  |TAMS 0x00000000a8900000| PB 0x00000000a8900000| Untracked 
| 650|0x00000000a8a00000, 0x00000000a8a00000, 0x00000000a8b00000|  0%| F|  |TAMS 0x00000000a8a00000| PB 0x00000000a8a00000| Untracked 
| 651|0x00000000a8b00000, 0x00000000a8b00000, 0x00000000a8c00000|  0%| F|  |TAMS 0x00000000a8b00000| PB 0x00000000a8b00000| Untracked 
| 652|0x00000000a8c00000, 0x00000000a8c00000, 0x00000000a8d00000|  0%| F|  |TAMS 0x00000000a8c00000| PB 0x00000000a8c00000| Untracked 
| 653|0x00000000a8d00000, 0x00000000a8d00000, 0x00000000a8e00000|  0%| F|  |TAMS 0x00000000a8d00000| PB 0x00000000a8d00000| Untracked 
| 654|0x00000000a8e00000, 0x00000000a8e00000, 0x00000000a8f00000|  0%| F|  |TAMS 0x00000000a8e00000| PB 0x00000000a8e00000| Untracked 
| 655|0x00000000a8f00000, 0x00000000a8f00000, 0x00000000a9000000|  0%| F|  |TAMS 0x00000000a8f00000| PB 0x00000000a8f00000| Untracked 
| 656|0x00000000a9000000, 0x00000000a9000000, 0x00000000a9100000|  0%| F|  |TAMS 0x00000000a9000000| PB 0x00000000a9000000| Untracked 
| 657|0x00000000a9100000, 0x00000000a9100000, 0x00000000a9200000|  0%| F|  |TAMS 0x00000000a9100000| PB 0x00000000a9100000| Untracked 
| 658|0x00000000a9200000, 0x00000000a9200000, 0x00000000a9300000|  0%| F|  |TAMS 0x00000000a9200000| PB 0x00000000a9200000| Untracked 
| 659|0x00000000a9300000, 0x00000000a9300000, 0x00000000a9400000|  0%| F|  |TAMS 0x00000000a9300000| PB 0x00000000a9300000| Untracked 
| 660|0x00000000a9400000, 0x00000000a9500000, 0x00000000a9500000|100%| E|  |TAMS 0x00000000a9400000| PB 0x00000000a9400000| Complete 
| 661|0x00000000a9500000, 0x00000000a9600000, 0x00000000a9600000|100%| E|CS|TAMS 0x00000000a9500000| PB 0x00000000a9500000| Complete 
| 662|0x00000000a9600000, 0x00000000a9700000, 0x00000000a9700000|100%| E|  |TAMS 0x00000000a9600000| PB 0x00000000a9600000| Complete 
| 663|0x00000000a9700000, 0x00000000a9800000, 0x00000000a9800000|100%| E|CS|TAMS 0x00000000a9700000| PB 0x00000000a9700000| Complete 
| 664|0x00000000a9800000, 0x00000000a9900000, 0x00000000a9900000|100%| E|CS|TAMS 0x00000000a9800000| PB 0x00000000a9800000| Complete 
| 665|0x00000000a9900000, 0x00000000a9a00000, 0x00000000a9a00000|100%| E|CS|TAMS 0x00000000a9900000| PB 0x00000000a9900000| Complete 
| 666|0x00000000a9a00000, 0x00000000a9b00000, 0x00000000a9b00000|100%| E|CS|TAMS 0x00000000a9a00000| PB 0x00000000a9a00000| Complete 
| 667|0x00000000a9b00000, 0x00000000a9c00000, 0x00000000a9c00000|100%| E|CS|TAMS 0x00000000a9b00000| PB 0x00000000a9b00000| Complete 
| 668|0x00000000a9c00000, 0x00000000a9d00000, 0x00000000a9d00000|100%| E|CS|TAMS 0x00000000a9c00000| PB 0x00000000a9c00000| Complete 
| 669|0x00000000a9d00000, 0x00000000a9e00000, 0x00000000a9e00000|100%| E|CS|TAMS 0x00000000a9d00000| PB 0x00000000a9d00000| Complete 
| 670|0x00000000a9e00000, 0x00000000a9f00000, 0x00000000a9f00000|100%| E|CS|TAMS 0x00000000a9e00000| PB 0x00000000a9e00000| Complete 
| 671|0x00000000a9f00000, 0x00000000aa000000, 0x00000000aa000000|100%| E|CS|TAMS 0x00000000a9f00000| PB 0x00000000a9f00000| Complete 
| 672|0x00000000aa000000, 0x00000000aa100000, 0x00000000aa100000|100%| E|CS|TAMS 0x00000000aa000000| PB 0x00000000aa000000| Complete 
| 673|0x00000000aa100000, 0x00000000aa200000, 0x00000000aa200000|100%| E|CS|TAMS 0x00000000aa100000| PB 0x00000000aa100000| Complete 
| 674|0x00000000aa200000, 0x00000000aa300000, 0x00000000aa300000|100%| E|CS|TAMS 0x00000000aa200000| PB 0x00000000aa200000| Complete 
| 675|0x00000000aa300000, 0x00000000aa400000, 0x00000000aa400000|100%| E|CS|TAMS 0x00000000aa300000| PB 0x00000000aa300000| Complete 
| 676|0x00000000aa400000, 0x00000000aa500000, 0x00000000aa500000|100%| E|CS|TAMS 0x00000000aa400000| PB 0x00000000aa400000| Complete 
| 677|0x00000000aa500000, 0x00000000aa600000, 0x00000000aa600000|100%| E|CS|TAMS 0x00000000aa500000| PB 0x00000000aa500000| Complete 
| 678|0x00000000aa600000, 0x00000000aa700000, 0x00000000aa700000|100%| E|CS|TAMS 0x00000000aa600000| PB 0x00000000aa600000| Complete 
| 679|0x00000000aa700000, 0x00000000aa800000, 0x00000000aa800000|100%| E|CS|TAMS 0x00000000aa700000| PB 0x00000000aa700000| Complete 
| 680|0x00000000aa800000, 0x00000000aa900000, 0x00000000aa900000|100%| E|CS|TAMS 0x00000000aa800000| PB 0x00000000aa800000| Complete 
| 681|0x00000000aa900000, 0x00000000aaa00000, 0x00000000aaa00000|100%| E|CS|TAMS 0x00000000aa900000| PB 0x00000000aa900000| Complete 
| 682|0x00000000aaa00000, 0x00000000aab00000, 0x00000000aab00000|100%| E|CS|TAMS 0x00000000aaa00000| PB 0x00000000aaa00000| Complete 
| 683|0x00000000aab00000, 0x00000000aac00000, 0x00000000aac00000|100%| E|CS|TAMS 0x00000000aab00000| PB 0x00000000aab00000| Complete 
| 684|0x00000000aac00000, 0x00000000aad00000, 0x00000000aad00000|100%| E|CS|TAMS 0x00000000aac00000| PB 0x00000000aac00000| Complete 
| 685|0x00000000aad00000, 0x00000000aae00000, 0x00000000aae00000|100%| E|CS|TAMS 0x00000000aad00000| PB 0x00000000aad00000| Complete 
| 686|0x00000000aae00000, 0x00000000aaf00000, 0x00000000aaf00000|100%| E|CS|TAMS 0x00000000aae00000| PB 0x00000000aae00000| Complete 
| 687|0x00000000aaf00000, 0x00000000ab000000, 0x00000000ab000000|100%| E|CS|TAMS 0x00000000aaf00000| PB 0x00000000aaf00000| Complete 
| 688|0x00000000ab000000, 0x00000000ab100000, 0x00000000ab100000|100%| E|CS|TAMS 0x00000000ab000000| PB 0x00000000ab000000| Complete 
| 689|0x00000000ab100000, 0x00000000ab200000, 0x00000000ab200000|100%| E|CS|TAMS 0x00000000ab100000| PB 0x00000000ab100000| Complete 
| 690|0x00000000ab200000, 0x00000000ab300000, 0x00000000ab300000|100%| E|CS|TAMS 0x00000000ab200000| PB 0x00000000ab200000| Complete 
| 691|0x00000000ab300000, 0x00000000ab400000, 0x00000000ab400000|100%| E|CS|TAMS 0x00000000ab300000| PB 0x00000000ab300000| Complete 
| 692|0x00000000ab400000, 0x00000000ab500000, 0x00000000ab500000|100%| E|CS|TAMS 0x00000000ab400000| PB 0x00000000ab400000| Complete 
| 693|0x00000000ab500000, 0x00000000ab600000, 0x00000000ab600000|100%| E|CS|TAMS 0x00000000ab500000| PB 0x00000000ab500000| Complete 
| 694|0x00000000ab600000, 0x00000000ab700000, 0x00000000ab700000|100%| E|CS|TAMS 0x00000000ab600000| PB 0x00000000ab600000| Complete 
| 695|0x00000000ab700000, 0x00000000ab800000, 0x00000000ab800000|100%| E|CS|TAMS 0x00000000ab700000| PB 0x00000000ab700000| Complete 
| 696|0x00000000ab800000, 0x00000000ab900000, 0x00000000ab900000|100%| E|CS|TAMS 0x00000000ab800000| PB 0x00000000ab800000| Complete 
| 697|0x00000000ab900000, 0x00000000aba00000, 0x00000000aba00000|100%| E|CS|TAMS 0x00000000ab900000| PB 0x00000000ab900000| Complete 
| 698|0x00000000aba00000, 0x00000000abb00000, 0x00000000abb00000|100%| E|CS|TAMS 0x00000000aba00000| PB 0x00000000aba00000| Complete 
| 699|0x00000000abb00000, 0x00000000abc00000, 0x00000000abc00000|100%| E|CS|TAMS 0x00000000abb00000| PB 0x00000000abb00000| Complete 
| 700|0x00000000abc00000, 0x00000000abd00000, 0x00000000abd00000|100%| E|CS|TAMS 0x00000000abc00000| PB 0x00000000abc00000| Complete 
| 701|0x00000000abd00000, 0x00000000abe00000, 0x00000000abe00000|100%| E|CS|TAMS 0x00000000abd00000| PB 0x00000000abd00000| Complete 
| 702|0x00000000abe00000, 0x00000000abf00000, 0x00000000abf00000|100%| E|CS|TAMS 0x00000000abe00000| PB 0x00000000abe00000| Complete 
| 703|0x00000000abf00000, 0x00000000ac000000, 0x00000000ac000000|100%| E|CS|TAMS 0x00000000abf00000| PB 0x00000000abf00000| Complete 
| 704|0x00000000ac000000, 0x00000000ac100000, 0x00000000ac100000|100%| E|CS|TAMS 0x00000000ac000000| PB 0x00000000ac000000| Complete 
| 705|0x00000000ac100000, 0x00000000ac200000, 0x00000000ac200000|100%| E|CS|TAMS 0x00000000ac100000| PB 0x00000000ac100000| Complete 
| 706|0x00000000ac200000, 0x00000000ac300000, 0x00000000ac300000|100%| E|CS|TAMS 0x00000000ac200000| PB 0x00000000ac200000| Complete 
| 707|0x00000000ac300000, 0x00000000ac400000, 0x00000000ac400000|100%| E|CS|TAMS 0x00000000ac300000| PB 0x00000000ac300000| Complete 
| 708|0x00000000ac400000, 0x00000000ac500000, 0x00000000ac500000|100%| E|CS|TAMS 0x00000000ac400000| PB 0x00000000ac400000| Complete 
| 709|0x00000000ac500000, 0x00000000ac600000, 0x00000000ac600000|100%| E|CS|TAMS 0x00000000ac500000| PB 0x00000000ac500000| Complete 
| 710|0x00000000ac600000, 0x00000000ac700000, 0x00000000ac700000|100%| E|CS|TAMS 0x00000000ac600000| PB 0x00000000ac600000| Complete 
| 711|0x00000000ac700000, 0x00000000ac800000, 0x00000000ac800000|100%| E|CS|TAMS 0x00000000ac700000| PB 0x00000000ac700000| Complete 
| 712|0x00000000ac800000, 0x00000000ac900000, 0x00000000ac900000|100%| E|CS|TAMS 0x00000000ac800000| PB 0x00000000ac800000| Complete 
| 713|0x00000000ac900000, 0x00000000aca00000, 0x00000000aca00000|100%| E|CS|TAMS 0x00000000ac900000| PB 0x00000000ac900000| Complete 
| 714|0x00000000aca00000, 0x00000000acb00000, 0x00000000acb00000|100%| E|CS|TAMS 0x00000000aca00000| PB 0x00000000aca00000| Complete 
| 715|0x00000000acb00000, 0x00000000acc00000, 0x00000000acc00000|100%| E|CS|TAMS 0x00000000acb00000| PB 0x00000000acb00000| Complete 
| 716|0x00000000acc00000, 0x00000000acd00000, 0x00000000acd00000|100%| E|CS|TAMS 0x00000000acc00000| PB 0x00000000acc00000| Complete 
| 717|0x00000000acd00000, 0x00000000ace00000, 0x00000000ace00000|100%| E|CS|TAMS 0x00000000acd00000| PB 0x00000000acd00000| Complete 
| 718|0x00000000ace00000, 0x00000000acf00000, 0x00000000acf00000|100%| E|CS|TAMS 0x00000000ace00000| PB 0x00000000ace00000| Complete 
| 719|0x00000000acf00000, 0x00000000ad000000, 0x00000000ad000000|100%| E|CS|TAMS 0x00000000acf00000| PB 0x00000000acf00000| Complete 
| 720|0x00000000ad000000, 0x00000000ad100000, 0x00000000ad100000|100%| E|CS|TAMS 0x00000000ad000000| PB 0x00000000ad000000| Complete 
| 721|0x00000000ad100000, 0x00000000ad200000, 0x00000000ad200000|100%| E|CS|TAMS 0x00000000ad100000| PB 0x00000000ad100000| Complete 
| 722|0x00000000ad200000, 0x00000000ad300000, 0x00000000ad300000|100%| E|CS|TAMS 0x00000000ad200000| PB 0x00000000ad200000| Complete 
| 723|0x00000000ad300000, 0x00000000ad400000, 0x00000000ad400000|100%| E|CS|TAMS 0x00000000ad300000| PB 0x00000000ad300000| Complete 
| 724|0x00000000ad400000, 0x00000000ad500000, 0x00000000ad500000|100%| E|CS|TAMS 0x00000000ad400000| PB 0x00000000ad400000| Complete 
| 725|0x00000000ad500000, 0x00000000ad600000, 0x00000000ad600000|100%| E|CS|TAMS 0x00000000ad500000| PB 0x00000000ad500000| Complete 
| 726|0x00000000ad600000, 0x00000000ad700000, 0x00000000ad700000|100%| E|CS|TAMS 0x00000000ad600000| PB 0x00000000ad600000| Complete 
| 727|0x00000000ad700000, 0x00000000ad800000, 0x00000000ad800000|100%| E|CS|TAMS 0x00000000ad700000| PB 0x00000000ad700000| Complete 
| 728|0x00000000ad800000, 0x00000000ad900000, 0x00000000ad900000|100%| E|CS|TAMS 0x00000000ad800000| PB 0x00000000ad800000| Complete 
| 729|0x00000000ad900000, 0x00000000ada00000, 0x00000000ada00000|100%| E|CS|TAMS 0x00000000ad900000| PB 0x00000000ad900000| Complete 
| 730|0x00000000ada00000, 0x00000000adb00000, 0x00000000adb00000|100%| E|CS|TAMS 0x00000000ada00000| PB 0x00000000ada00000| Complete 
| 731|0x00000000adb00000, 0x00000000adc00000, 0x00000000adc00000|100%| E|CS|TAMS 0x00000000adb00000| PB 0x00000000adb00000| Complete 
| 732|0x00000000adc00000, 0x00000000add00000, 0x00000000add00000|100%| E|CS|TAMS 0x00000000adc00000| PB 0x00000000adc00000| Complete 
| 733|0x00000000add00000, 0x00000000ade00000, 0x00000000ade00000|100%| E|CS|TAMS 0x00000000add00000| PB 0x00000000add00000| Complete 
| 734|0x00000000ade00000, 0x00000000adf00000, 0x00000000adf00000|100%| E|CS|TAMS 0x00000000ade00000| PB 0x00000000ade00000| Complete 
| 735|0x00000000adf00000, 0x00000000ae000000, 0x00000000ae000000|100%| E|CS|TAMS 0x00000000adf00000| PB 0x00000000adf00000| Complete 
| 736|0x00000000ae000000, 0x00000000ae100000, 0x00000000ae100000|100%| E|CS|TAMS 0x00000000ae000000| PB 0x00000000ae000000| Complete 
| 737|0x00000000ae100000, 0x00000000ae200000, 0x00000000ae200000|100%| E|CS|TAMS 0x00000000ae100000| PB 0x00000000ae100000| Complete 
| 738|0x00000000ae200000, 0x00000000ae300000, 0x00000000ae300000|100%| E|CS|TAMS 0x00000000ae200000| PB 0x00000000ae200000| Complete 
| 739|0x00000000ae300000, 0x00000000ae400000, 0x00000000ae400000|100%| E|CS|TAMS 0x00000000ae300000| PB 0x00000000ae300000| Complete 
| 740|0x00000000ae400000, 0x00000000ae500000, 0x00000000ae500000|100%| E|CS|TAMS 0x00000000ae400000| PB 0x00000000ae400000| Complete 
| 741|0x00000000ae500000, 0x00000000ae600000, 0x00000000ae600000|100%| E|CS|TAMS 0x00000000ae500000| PB 0x00000000ae500000| Complete 
| 742|0x00000000ae600000, 0x00000000ae700000, 0x00000000ae700000|100%| E|CS|TAMS 0x00000000ae600000| PB 0x00000000ae600000| Complete 
| 743|0x00000000ae700000, 0x00000000ae800000, 0x00000000ae800000|100%| E|CS|TAMS 0x00000000ae700000| PB 0x00000000ae700000| Complete 
| 744|0x00000000ae800000, 0x00000000ae900000, 0x00000000ae900000|100%| E|CS|TAMS 0x00000000ae800000| PB 0x00000000ae800000| Complete 
| 745|0x00000000ae900000, 0x00000000aea00000, 0x00000000aea00000|100%| E|CS|TAMS 0x00000000ae900000| PB 0x00000000ae900000| Complete 
| 746|0x00000000aea00000, 0x00000000aeb00000, 0x00000000aeb00000|100%| E|CS|TAMS 0x00000000aea00000| PB 0x00000000aea00000| Complete 
| 747|0x00000000aeb00000, 0x00000000aec00000, 0x00000000aec00000|100%| E|CS|TAMS 0x00000000aeb00000| PB 0x00000000aeb00000| Complete 
| 748|0x00000000aec00000, 0x00000000aed00000, 0x00000000aed00000|100%| E|CS|TAMS 0x00000000aec00000| PB 0x00000000aec00000| Complete 
| 749|0x00000000aed00000, 0x00000000aee00000, 0x00000000aee00000|100%| E|CS|TAMS 0x00000000aed00000| PB 0x00000000aed00000| Complete 
| 750|0x00000000aee00000, 0x00000000aef00000, 0x00000000aef00000|100%| E|CS|TAMS 0x00000000aee00000| PB 0x00000000aee00000| Complete 
| 751|0x00000000aef00000, 0x00000000af000000, 0x00000000af000000|100%| E|CS|TAMS 0x00000000aef00000| PB 0x00000000aef00000| Complete 
| 752|0x00000000af000000, 0x00000000af100000, 0x00000000af100000|100%| E|CS|TAMS 0x00000000af000000| PB 0x00000000af000000| Complete 
| 753|0x00000000af100000, 0x00000000af200000, 0x00000000af200000|100%| E|CS|TAMS 0x00000000af100000| PB 0x00000000af100000| Complete 
| 754|0x00000000af200000, 0x00000000af300000, 0x00000000af300000|100%| E|CS|TAMS 0x00000000af200000| PB 0x00000000af200000| Complete 
| 755|0x00000000af300000, 0x00000000af400000, 0x00000000af400000|100%| E|CS|TAMS 0x00000000af300000| PB 0x00000000af300000| Complete 
| 756|0x00000000af400000, 0x00000000af500000, 0x00000000af500000|100%| E|CS|TAMS 0x00000000af400000| PB 0x00000000af400000| Complete 
| 757|0x00000000af500000, 0x00000000af600000, 0x00000000af600000|100%| E|CS|TAMS 0x00000000af500000| PB 0x00000000af500000| Complete 
| 758|0x00000000af600000, 0x00000000af700000, 0x00000000af700000|100%| E|CS|TAMS 0x00000000af600000| PB 0x00000000af600000| Complete 
| 759|0x00000000af700000, 0x00000000af800000, 0x00000000af800000|100%| E|CS|TAMS 0x00000000af700000| PB 0x00000000af700000| Complete 
| 760|0x00000000af800000, 0x00000000af900000, 0x00000000af900000|100%| E|CS|TAMS 0x00000000af800000| PB 0x00000000af800000| Complete 
| 761|0x00000000af900000, 0x00000000afa00000, 0x00000000afa00000|100%| E|CS|TAMS 0x00000000af900000| PB 0x00000000af900000| Complete 
| 762|0x00000000afa00000, 0x00000000afb00000, 0x00000000afb00000|100%| E|CS|TAMS 0x00000000afa00000| PB 0x00000000afa00000| Complete 
| 763|0x00000000afb00000, 0x00000000afc00000, 0x00000000afc00000|100%| E|CS|TAMS 0x00000000afb00000| PB 0x00000000afb00000| Complete 
| 764|0x00000000afc00000, 0x00000000afd00000, 0x00000000afd00000|100%| E|CS|TAMS 0x00000000afc00000| PB 0x00000000afc00000| Complete 
| 765|0x00000000afd00000, 0x00000000afe00000, 0x00000000afe00000|100%| E|CS|TAMS 0x00000000afd00000| PB 0x00000000afd00000| Complete 
| 766|0x00000000afe00000, 0x00000000aff00000, 0x00000000aff00000|100%| E|CS|TAMS 0x00000000afe00000| PB 0x00000000afe00000| Complete 
| 767|0x00000000aff00000, 0x00000000b0000000, 0x00000000b0000000|100%| E|CS|TAMS 0x00000000aff00000| PB 0x00000000aff00000| Complete 
| 768|0x00000000b0000000, 0x00000000b0100000, 0x00000000b0100000|100%| E|CS|TAMS 0x00000000b0000000| PB 0x00000000b0000000| Complete 
| 769|0x00000000b0100000, 0x00000000b0200000, 0x00000000b0200000|100%| E|CS|TAMS 0x00000000b0100000| PB 0x00000000b0100000| Complete 
| 770|0x00000000b0200000, 0x00000000b0300000, 0x00000000b0300000|100%| E|CS|TAMS 0x00000000b0200000| PB 0x00000000b0200000| Complete 
| 771|0x00000000b0300000, 0x00000000b0400000, 0x00000000b0400000|100%| E|CS|TAMS 0x00000000b0300000| PB 0x00000000b0300000| Complete 
| 772|0x00000000b0400000, 0x00000000b0500000, 0x00000000b0500000|100%| E|CS|TAMS 0x00000000b0400000| PB 0x00000000b0400000| Complete 
| 773|0x00000000b0500000, 0x00000000b0600000, 0x00000000b0600000|100%| E|CS|TAMS 0x00000000b0500000| PB 0x00000000b0500000| Complete 
| 774|0x00000000b0600000, 0x00000000b0700000, 0x00000000b0700000|100%| E|CS|TAMS 0x00000000b0600000| PB 0x00000000b0600000| Complete 
| 775|0x00000000b0700000, 0x00000000b0800000, 0x00000000b0800000|100%| E|CS|TAMS 0x00000000b0700000| PB 0x00000000b0700000| Complete 
| 776|0x00000000b0800000, 0x00000000b0900000, 0x00000000b0900000|100%| E|CS|TAMS 0x00000000b0800000| PB 0x00000000b0800000| Complete 
| 777|0x00000000b0900000, 0x00000000b0a00000, 0x00000000b0a00000|100%| E|CS|TAMS 0x00000000b0900000| PB 0x00000000b0900000| Complete 
| 778|0x00000000b0a00000, 0x00000000b0b00000, 0x00000000b0b00000|100%| E|CS|TAMS 0x00000000b0a00000| PB 0x00000000b0a00000| Complete 
| 779|0x00000000b0b00000, 0x00000000b0c00000, 0x00000000b0c00000|100%| E|CS|TAMS 0x00000000b0b00000| PB 0x00000000b0b00000| Complete 
| 780|0x00000000b0c00000, 0x00000000b0d00000, 0x00000000b0d00000|100%| E|CS|TAMS 0x00000000b0c00000| PB 0x00000000b0c00000| Complete 
| 781|0x00000000b0d00000, 0x00000000b0e00000, 0x00000000b0e00000|100%| E|CS|TAMS 0x00000000b0d00000| PB 0x00000000b0d00000| Complete 
| 782|0x00000000b0e00000, 0x00000000b0f00000, 0x00000000b0f00000|100%| E|CS|TAMS 0x00000000b0e00000| PB 0x00000000b0e00000| Complete 
| 783|0x00000000b0f00000, 0x00000000b1000000, 0x00000000b1000000|100%| E|CS|TAMS 0x00000000b0f00000| PB 0x00000000b0f00000| Complete 
| 784|0x00000000b1000000, 0x00000000b1100000, 0x00000000b1100000|100%| E|CS|TAMS 0x00000000b1000000| PB 0x00000000b1000000| Complete 
| 785|0x00000000b1100000, 0x00000000b11b8d40, 0x00000000b1200000| 72%| S|CS|TAMS 0x00000000b1100000| PB 0x00000000b1100000| Complete 
| 786|0x00000000b1200000, 0x00000000b1300000, 0x00000000b1300000|100%| S|CS|TAMS 0x00000000b1200000| PB 0x00000000b1200000| Complete 
| 787|0x00000000b1300000, 0x00000000b1400000, 0x00000000b1400000|100%| S|CS|TAMS 0x00000000b1300000| PB 0x00000000b1300000| Complete 
| 788|0x00000000b1400000, 0x00000000b1500000, 0x00000000b1500000|100%| E|CS|TAMS 0x00000000b1400000| PB 0x00000000b1400000| Complete 
| 789|0x00000000b1500000, 0x00000000b1600000, 0x00000000b1600000|100%| E|CS|TAMS 0x00000000b1500000| PB 0x00000000b1500000| Complete 
| 790|0x00000000b1600000, 0x00000000b1700000, 0x00000000b1700000|100%| E|CS|TAMS 0x00000000b1600000| PB 0x00000000b1600000| Complete 
| 791|0x00000000b1700000, 0x00000000b1800000, 0x00000000b1800000|100%| E|CS|TAMS 0x00000000b1700000| PB 0x00000000b1700000| Complete 
| 792|0x00000000b1800000, 0x00000000b1900000, 0x00000000b1900000|100%| E|CS|TAMS 0x00000000b1800000| PB 0x00000000b1800000| Complete 
| 793|0x00000000b1900000, 0x00000000b1a00000, 0x00000000b1a00000|100%| E|CS|TAMS 0x00000000b1900000| PB 0x00000000b1900000| Complete 
| 794|0x00000000b1a00000, 0x00000000b1b00000, 0x00000000b1b00000|100%| E|CS|TAMS 0x00000000b1a00000| PB 0x00000000b1a00000| Complete 
| 795|0x00000000b1b00000, 0x00000000b1c00000, 0x00000000b1c00000|100%| E|CS|TAMS 0x00000000b1b00000| PB 0x00000000b1b00000| Complete 
| 796|0x00000000b1c00000, 0x00000000b1d00000, 0x00000000b1d00000|100%| E|CS|TAMS 0x00000000b1c00000| PB 0x00000000b1c00000| Complete 
| 797|0x00000000b1d00000, 0x00000000b1e00000, 0x00000000b1e00000|100%| E|CS|TAMS 0x00000000b1d00000| PB 0x00000000b1d00000| Complete 
| 798|0x00000000b1e00000, 0x00000000b1f00000, 0x00000000b1f00000|100%| E|CS|TAMS 0x00000000b1e00000| PB 0x00000000b1e00000| Complete 
| 799|0x00000000b1f00000, 0x00000000b2000000, 0x00000000b2000000|100%| E|CS|TAMS 0x00000000b1f00000| PB 0x00000000b1f00000| Complete 
| 800|0x00000000b2000000, 0x00000000b2100000, 0x00000000b2100000|100%| E|CS|TAMS 0x00000000b2000000| PB 0x00000000b2000000| Complete 
| 801|0x00000000b2100000, 0x00000000b2200000, 0x00000000b2200000|100%| E|CS|TAMS 0x00000000b2100000| PB 0x00000000b2100000| Complete 
| 802|0x00000000b2200000, 0x00000000b2300000, 0x00000000b2300000|100%| E|CS|TAMS 0x00000000b2200000| PB 0x00000000b2200000| Complete 
| 803|0x00000000b2300000, 0x00000000b2400000, 0x00000000b2400000|100%| E|CS|TAMS 0x00000000b2300000| PB 0x00000000b2300000| Complete 
| 804|0x00000000b2400000, 0x00000000b2500000, 0x00000000b2500000|100%| E|CS|TAMS 0x00000000b2400000| PB 0x00000000b2400000| Complete 
| 805|0x00000000b2500000, 0x00000000b2600000, 0x00000000b2600000|100%| E|CS|TAMS 0x00000000b2500000| PB 0x00000000b2500000| Complete 
| 806|0x00000000b2600000, 0x00000000b2700000, 0x00000000b2700000|100%| E|CS|TAMS 0x00000000b2600000| PB 0x00000000b2600000| Complete 
| 807|0x00000000b2700000, 0x00000000b2800000, 0x00000000b2800000|100%| E|CS|TAMS 0x00000000b2700000| PB 0x00000000b2700000| Complete 
| 808|0x00000000b2800000, 0x00000000b2900000, 0x00000000b2900000|100%| E|CS|TAMS 0x00000000b2800000| PB 0x00000000b2800000| Complete 
| 809|0x00000000b2900000, 0x00000000b2a00000, 0x00000000b2a00000|100%| E|CS|TAMS 0x00000000b2900000| PB 0x00000000b2900000| Complete 
|2013|0x00000000fdd00000, 0x00000000fde00000, 0x00000000fde00000|100%| E|CS|TAMS 0x00000000fdd00000| PB 0x00000000fdd00000| Complete 
|2014|0x00000000fde00000, 0x00000000fdf00000, 0x00000000fdf00000|100%| E|CS|TAMS 0x00000000fde00000| PB 0x00000000fde00000| Complete 
|2015|0x00000000fdf00000, 0x00000000fe000000, 0x00000000fe000000|100%| E|CS|TAMS 0x00000000fdf00000| PB 0x00000000fdf00000| Complete 
|2016|0x00000000fe000000, 0x00000000fe100000, 0x00000000fe100000|100%| O|  |TAMS 0x00000000fe000000| PB 0x00000000fe000000| Untracked 
|2017|0x00000000fe100000, 0x00000000fe200000, 0x00000000fe200000|100%| O|  |TAMS 0x00000000fe100000| PB 0x00000000fe100000| Untracked 
|2018|0x00000000fe200000, 0x00000000fe300000, 0x00000000fe300000|100%| O|  |TAMS 0x00000000fe200000| PB 0x00000000fe200000| Untracked 
|2019|0x00000000fe300000, 0x00000000fe400000, 0x00000000fe400000|100%| O|  |TAMS 0x00000000fe300000| PB 0x00000000fe300000| Untracked 
|2020|0x00000000fe400000, 0x00000000fe500000, 0x00000000fe500000|100%| O|  |TAMS 0x00000000fe400000| PB 0x00000000fe400000| Untracked 
|2021|0x00000000fe500000, 0x00000000fe600000, 0x00000000fe600000|100%| O|  |TAMS 0x00000000fe500000| PB 0x00000000fe500000| Untracked 
|2022|0x00000000fe600000, 0x00000000fe700000, 0x00000000fe700000|100%| O|  |TAMS 0x00000000fe600000| PB 0x00000000fe600000| Untracked 
|2023|0x00000000fe700000, 0x00000000fe800000, 0x00000000fe800000|100%| O|  |TAMS 0x00000000fe700000| PB 0x00000000fe700000| Untracked 
|2024|0x00000000fe800000, 0x00000000fe900000, 0x00000000fe900000|100%| E|CS|TAMS 0x00000000fe800000| PB 0x00000000fe800000| Complete 
|2025|0x00000000fe900000, 0x00000000fea00000, 0x00000000fea00000|100%| E|CS|TAMS 0x00000000fe900000| PB 0x00000000fe900000| Complete 
|2026|0x00000000fea00000, 0x00000000feb00000, 0x00000000feb00000|100%| E|CS|TAMS 0x00000000fea00000| PB 0x00000000fea00000| Complete 
|2027|0x00000000feb00000, 0x00000000fec00000, 0x00000000fec00000|100%| E|CS|TAMS 0x00000000feb00000| PB 0x00000000feb00000| Complete 
|2028|0x00000000fec00000, 0x00000000fed00000, 0x00000000fed00000|100%| E|CS|TAMS 0x00000000fec00000| PB 0x00000000fec00000| Complete 
|2029|0x00000000fed00000, 0x00000000fee00000, 0x00000000fee00000|100%| E|CS|TAMS 0x00000000fed00000| PB 0x00000000fed00000| Complete 
|2030|0x00000000fee00000, 0x00000000fef00000, 0x00000000fef00000|100%| E|CS|TAMS 0x00000000fee00000| PB 0x00000000fee00000| Complete 
|2031|0x00000000fef00000, 0x00000000ff000000, 0x00000000ff000000|100%| E|CS|TAMS 0x00000000fef00000| PB 0x00000000fef00000| Complete 
|2032|0x00000000ff000000, 0x00000000ff100000, 0x00000000ff100000|100%| O|  |TAMS 0x00000000ff000000| PB 0x00000000ff000000| Untracked 
|2033|0x00000000ff100000, 0x00000000ff200000, 0x00000000ff200000|100%| O|  |TAMS 0x00000000ff100000| PB 0x00000000ff100000| Untracked 
|2034|0x00000000ff200000, 0x00000000ff300000, 0x00000000ff300000|100%| E|CS|TAMS 0x00000000ff200000| PB 0x00000000ff200000| Complete 
|2035|0x00000000ff300000, 0x00000000ff400000, 0x00000000ff400000|100%| O|  |TAMS 0x00000000ff300000| PB 0x00000000ff300000| Untracked 
|2036|0x00000000ff400000, 0x00000000ff500000, 0x00000000ff500000|100%| E|CS|TAMS 0x00000000ff400000| PB 0x00000000ff400000| Complete 
|2037|0x00000000ff500000, 0x00000000ff600000, 0x00000000ff600000|100%| O|  |TAMS 0x00000000ff500000| PB 0x00000000ff500000| Untracked 
|2038|0x00000000ff600000, 0x00000000ff700000, 0x00000000ff700000|100%| E|CS|TAMS 0x00000000ff600000| PB 0x00000000ff600000| Complete 
|2039|0x00000000ff700000, 0x00000000ff800000, 0x00000000ff800000|100%| E|CS|TAMS 0x00000000ff700000| PB 0x00000000ff700000| Complete 
|2040|0x00000000ff800000, 0x00000000ff900000, 0x00000000ff900000|100%| E|CS|TAMS 0x00000000ff800000| PB 0x00000000ff800000| Complete 
|2041|0x00000000ff900000, 0x00000000ffa00000, 0x00000000ffa00000|100%| E|CS|TAMS 0x00000000ff900000| PB 0x00000000ff900000| Complete 
|2042|0x00000000ffa00000, 0x00000000ffb00000, 0x00000000ffb00000|100%| E|CS|TAMS 0x00000000ffa00000| PB 0x00000000ffa00000| Complete 
|2043|0x00000000ffb00000, 0x00000000ffc00000, 0x00000000ffc00000|100%| E|CS|TAMS 0x00000000ffb00000| PB 0x00000000ffb00000| Complete 
|2044|0x00000000ffc00000, 0x00000000ffd00000, 0x00000000ffd00000|100%| E|CS|TAMS 0x00000000ffc00000| PB 0x00000000ffc00000| Complete 
|2045|0x00000000ffd00000, 0x00000000ffe00000, 0x00000000ffe00000|100%| O|  |TAMS 0x00000000ffd00000| PB 0x00000000ffd00000| Untracked 
|2046|0x00000000ffe00000, 0x00000000fff00000, 0x00000000fff00000|100%| E|CS|TAMS 0x00000000ffe00000| PB 0x00000000ffe00000| Complete 
|2047|0x00000000fff00000, 0x0000000100000000, 0x0000000100000000|100%| E|CS|TAMS 0x00000000fff00000| PB 0x00000000fff00000| Complete 

Card table byte_map: [0x0000023f4f0c0000,0x0000023f4f4c0000] _byte_map_base: 0x0000023f4ecc0000

Marking Bits: (CMBitMap*) 0x0000023f3c883dc0
 Bits: [0x0000023f4f4c0000, 0x0000023f514c0000)

Polling page: 0x0000023f3bff0000

Metaspace:

Usage:
  Non-class:    267.28 MB used.
      Class:     39.42 MB used.
       Both:    306.70 MB used.

Virtual space:
  Non-class space:      320.00 MB reserved,     268.38 MB ( 84%) committed,  5 nodes.
      Class space:        1.00 GB reserved,      40.50 MB (  4%) committed,  1 nodes.
             Both:        1.31 GB reserved,     308.88 MB ( 23%) committed. 

Chunk freelists:
   Non-Class:  3.64 MB
       Class:  7.31 MB
        Both:  10.96 MB

MaxMetaspaceSize: unlimited
CompressedClassSpaceSize: 1.00 GB
Initial GC threshold: 21.00 MB
Current GC threshold: 490.94 MB
CDS: off
 - commit_granule_bytes: 65536.
 - commit_granule_words: 8192.
 - virtual_space_node_default_size: 8388608.
 - enlarge_chunks_in_place: 1.
 - use_allocation_guard: 0.


Internal statistics:

num_allocs_failed_limit: 9.
num_arena_births: 11478.
num_arena_deaths: 7266.
num_vsnodes_births: 6.
num_vsnodes_deaths: 0.
num_space_committed: 4942.
num_space_uncommitted: 3.
num_chunks_returned_to_freelist: 9349.
num_chunks_taken_from_freelist: 29514.
num_chunk_merges: 3147.
num_chunk_splits: 16560.
num_chunks_enlarged: 10091.
num_inconsistent_stats: 0.

CodeHeap 'non-profiled nmethods': size=120000Kb used=23774Kb max_used=23774Kb free=96225Kb
 bounds [0x0000023f47460000, 0x0000023f48ba0000, 0x0000023f4e990000]
CodeHeap 'profiled nmethods': size=120000Kb used=46095Kb max_used=51363Kb free=73904Kb
 bounds [0x0000023f3f990000, 0x0000023f42bc0000, 0x0000023f46ec0000]
CodeHeap 'non-nmethods': size=5760Kb used=3233Kb max_used=3337Kb free=2526Kb
 bounds [0x0000023f46ec0000, 0x0000023f47210000, 0x0000023f47460000]
CodeCache: size=245760Kb, used=73102Kb, max_used=78474Kb, free=172655Kb
 total_blobs=23819, nmethods=22391, adapters=1329, full_count=0
Compilation: enabled, stopped_count=0, restarted_count=0

Compilation events (20 events):
Event: 21673.093 Thread 0x0000023f54114df0 57402       3       com.amazon.ion.impl.bin.IonRawBinaryWriter::writeVarUInt (33 bytes)
Event: 21673.093 Thread 0x0000023f54114df0 nmethod 57402 0x0000023f42b8c990 code [0x0000023f42b8cb60, 0x0000023f42b8ce08]
Event: 21673.093 Thread 0x0000023f54114df0 57409       3       com.amazon.ion.impl.bin.utf8.Utf8StringEncoder$Result::<init> (15 bytes)
Event: 21673.094 Thread 0x0000023f54114df0 nmethod 57409 0x0000023f429b0b10 code [0x0000023f429b0cc0, 0x0000023f429b0e80]
Event: 21673.094 Thread 0x0000023f54114df0 57412       3       com.amazon.ion.impl.bin.WriteBuffer::writeVarUIntTo (219 bytes)
Event: 21673.094 Thread 0x0000023f54114df0 nmethod 57412 0x0000023f4136eb10 code [0x0000023f4136ed60, 0x0000023f4136f8b8]
Event: 21673.094 Thread 0x0000023f54114df0 57410       3       com.amazon.ion.impl.bin.IonRawBinaryWriter::writeString (120 bytes)
Event: 21673.095 Thread 0x0000023f54114df0 nmethod 57410 0x0000023f416e2610 code [0x0000023f416e2880, 0x0000023f416e2f20]
Event: 21673.125 Thread 0x0000023f54114df0 57413       3       java.util.Set::of (68 bytes)
Event: 21673.126 Thread 0x0000023f54114df0 nmethod 57413 0x0000023f415b7710 code [0x0000023f415b7940, 0x0000023f415b8120]
Event: 21673.160 Thread 0x0000023f54114df0 57414       3       org.gradle.tooling.internal.adapter.ProtocolToModelAdapter$TypeSpecificMappingAction::<init> (10 bytes)
Event: 21673.160 Thread 0x0000023f54114df0 nmethod 57414 0x0000023f429b0710 code [0x0000023f429b08c0, 0x0000023f429b0a78]
Event: 21673.169 Thread 0x0000023f54114df0 57415       3       io.opentelemetry.context.ContextStorage::get (4 bytes)
Event: 21673.169 Thread 0x0000023f54114df0 nmethod 57415 0x0000023f429b0310 code [0x0000023f429b04c0, 0x0000023f429b0610]
Event: 21673.169 Thread 0x0000023f54114df0 57416       3       io.opentelemetry.context.LazyStorage::get (4 bytes)
Event: 21673.169 Thread 0x0000023f54114df0 nmethod 57416 0x0000023f414ebf90 code [0x0000023f414ec120, 0x0000023f414ec218]
Event: 21673.171 Thread 0x0000023f54114df0 57417       3       org.gradle.tooling.internal.adapter.TypeInspector::visit (198 bytes)
Event: 21673.175 Thread 0x0000023f54114df0 nmethod 57417 0x0000023f41988310 code [0x0000023f419888a0, 0x0000023f4198b940]
Event: 21673.175 Thread 0x0000023f54114df0 57418       3       java.lang.invoke.LambdaForm$MH/0x00000001023ed400::invoke (133 bytes)
Event: 21673.177 Thread 0x0000023f54114df0 nmethod 57418 0x0000023f401e2490 code [0x0000023f401e2840, 0x0000023f401e4400]

GC Heap History (20 events):
Event: 19295.990 GC heap before
{Heap before GC invocations=128 (full 1):
 garbage-first heap   total 575488K, used 436405K [0x0000000080000000, 0x0000000100000000)
  region size 1024K, 106 young (108544K), 5 survivors (5120K)
 Metaspace       used 286022K, committed 288000K, reserved 1310720K
  class space    used 37041K, committed 38016K, reserved 1048576K
}
Event: 19296.072 GC heap after
{Heap after GC invocations=129 (full 1):
 garbage-first heap   total 575488K, used 329824K [0x0000000080000000, 0x0000000100000000)
  region size 1024K, 12 young (12288K), 12 survivors (12288K)
 Metaspace       used 286022K, committed 288000K, reserved 1310720K
  class space    used 37041K, committed 38016K, reserved 1048576K
}
Event: 19297.237 GC heap before
{Heap before GC invocations=129 (full 1):
 garbage-first heap   total 575488K, used 356448K [0x0000000080000000, 0x0000000100000000)
  region size 1024K, 37 young (37888K), 12 survivors (12288K)
 Metaspace       used 288634K, committed 290688K, reserved 1310720K
  class space    used 37290K, committed 38272K, reserved 1048576K
}
Event: 19297.397 GC heap after
{Heap after GC invocations=130 (full 1):
 garbage-first heap   total 575488K, used 323292K [0x0000000080000000, 0x0000000100000000)
  region size 1024K, 3 young (3072K), 3 survivors (3072K)
 Metaspace       used 288634K, committed 290688K, reserved 1310720K
  class space    used 37290K, committed 38272K, reserved 1048576K
}
Event: 19299.491 GC heap before
{Heap before GC invocations=130 (full 1):
 garbage-first heap   total 575488K, used 416476K [0x0000000080000000, 0x0000000100000000)
  region size 1024K, 94 young (96256K), 3 survivors (3072K)
 Metaspace       used 291279K, committed 293312K, reserved 1310720K
  class space    used 37571K, committed 38592K, reserved 1048576K
}
Event: 19299.650 GC heap after
{Heap after GC invocations=131 (full 1):
 garbage-first heap   total 575488K, used 323183K [0x0000000080000000, 0x0000000100000000)
  region size 1024K, 9 young (9216K), 9 survivors (9216K)
 Metaspace       used 291279K, committed 293312K, reserved 1310720K
  class space    used 37571K, committed 38592K, reserved 1048576K
}
Event: 19300.118 GC heap before
{Heap before GC invocations=131 (full 1):
 garbage-first heap   total 575488K, used 342639K [0x0000000080000000, 0x0000000100000000)
  region size 1024K, 28 young (28672K), 9 survivors (9216K)
 Metaspace       used 293063K, committed 295168K, reserved 1310720K
  class space    used 37795K, committed 38848K, reserved 1048576K
}
Event: 19300.248 GC heap after
{Heap after GC invocations=132 (full 1):
 garbage-first heap   total 575488K, used 318285K [0x0000000080000000, 0x0000000100000000)
  region size 1024K, 2 young (2048K), 2 survivors (2048K)
 Metaspace       used 293063K, committed 295168K, reserved 1310720K
  class space    used 37795K, committed 38848K, reserved 1048576K
}
Event: 19533.643 GC heap before
{Heap before GC invocations=132 (full 1):
 garbage-first heap   total 575488K, used 394061K [0x0000000080000000, 0x0000000100000000)
  region size 1024K, 77 young (78848K), 2 survivors (2048K)
 Metaspace       used 294209K, committed 296384K, reserved 1310720K
  class space    used 37998K, committed 39104K, reserved 1048576K
}
Event: 19533.875 GC heap after
{Heap after GC invocations=133 (full 1):
 garbage-first heap   total 575488K, used 317392K [0x0000000080000000, 0x0000000100000000)
  region size 1024K, 5 young (5120K), 5 survivors (5120K)
 Metaspace       used 294209K, committed 296384K, reserved 1310720K
  class space    used 37998K, committed 39104K, reserved 1048576K
}
Event: 19537.230 GC heap before
{Heap before GC invocations=133 (full 1):
 garbage-first heap   total 575488K, used 340944K [0x0000000080000000, 0x0000000100000000)
  region size 1024K, 28 young (28672K), 5 survivors (5120K)
 Metaspace       used 294214K, committed 296384K, reserved 1310720K
  class space    used 37998K, committed 39104K, reserved 1048576K
}
Event: 19537.417 GC heap after
{Heap after GC invocations=134 (full 1):
 garbage-first heap   total 575488K, used 314778K [0x0000000080000000, 0x0000000100000000)
  region size 1024K, 3 young (3072K), 3 survivors (3072K)
 Metaspace       used 294214K, committed 296384K, reserved 1310720K
  class space    used 37998K, committed 39104K, reserved 1048576K
}
Event: 19538.543 GC heap before
{Heap before GC invocations=134 (full 1):
 garbage-first heap   total 575488K, used 339354K [0x0000000080000000, 0x0000000100000000)
  region size 1024K, 28 young (28672K), 3 survivors (3072K)
 Metaspace       used 294860K, committed 296960K, reserved 1310720K
  class space    used 38076K, committed 39168K, reserved 1048576K
}
Event: 19538.809 GC heap after
{Heap after GC invocations=135 (full 1):
 garbage-first heap   total 865280K, used 316180K [0x0000000080000000, 0x0000000100000000)
  region size 1024K, 4 young (4096K), 4 survivors (4096K)
 Metaspace       used 294860K, committed 296960K, reserved 1310720K
  class space    used 38076K, committed 39168K, reserved 1048576K
}
Event: 19539.462 GC heap before
{Heap before GC invocations=135 (full 1):
 garbage-first heap   total 865280K, used 347924K [0x0000000080000000, 0x0000000100000000)
  region size 1024K, 37 young (37888K), 4 survivors (4096K)
 Metaspace       used 295249K, committed 297344K, reserved 1310720K
  class space    used 38105K, committed 39168K, reserved 1048576K
}
Event: 19539.493 GC heap after
{Heap after GC invocations=136 (full 1):
 garbage-first heap   total 865280K, used 318150K [0x0000000080000000, 0x0000000100000000)
  region size 1024K, 6 young (6144K), 6 survivors (6144K)
 Metaspace       used 295249K, committed 297344K, reserved 1310720K
  class space    used 38105K, committed 39168K, reserved 1048576K
}
Event: 21658.488 GC heap before
{Heap before GC invocations=137 (full 1):
 garbage-first heap   total 865280K, used 719558K [0x0000000080000000, 0x0000000100000000)
  region size 1024K, 397 young (406528K), 6 survivors (6144K)
 Metaspace       used 308426K, committed 310720K, reserved 1376256K
  class space    used 39760K, committed 40896K, reserved 1048576K
}
Event: 21659.708 GC heap after
{Heap after GC invocations=138 (full 1):
 garbage-first heap   total 865280K, used 330280K [0x0000000080000000, 0x0000000100000000)
  region size 1024K, 19 young (19456K), 19 survivors (19456K)
 Metaspace       used 308426K, committed 310720K, reserved 1376256K
  class space    used 39760K, committed 40896K, reserved 1048576K
}
Event: 21661.840 GC heap before
{Heap before GC invocations=138 (full 1):
 garbage-first heap   total 865280K, used 375336K [0x0000000080000000, 0x0000000100000000)
  region size 1024K, 63 young (64512K), 19 survivors (19456K)
 Metaspace       used 308500K, committed 310720K, reserved 1376256K
  class space    used 39764K, committed 40896K, reserved 1048576K
}
Event: 21661.957 GC heap after
{Heap after GC invocations=139 (full 1):
 garbage-first heap   total 865280K, used 327853K [0x0000000080000000, 0x0000000100000000)
  region size 1024K, 3 young (3072K), 3 survivors (3072K)
 Metaspace       used 308500K, committed 310720K, reserved 1376256K
  class space    used 39764K, committed 40896K, reserved 1048576K
}

Dll operation events (3 events):
Event: 0.017 Loaded shared library C:\Program Files\Android\Android Studio1\jbr\bin\java.dll
Event: 0.028 Loaded shared library C:\Program Files\Android\Android Studio1\jbr\bin\zip.dll
Event: 1.299 Loaded shared library C:\Program Files\Android\Android Studio1\jbr\bin\verify.dll

Deoptimization events (20 events):
Event: 21663.874 Thread 0x0000023f664103e0 DEOPT PACKING pc=0x0000023f3fe7cb3e sp=0x000000a48cafd960
Event: 21663.874 Thread 0x0000023f664103e0 DEOPT UNPACKING pc=0x0000023f46f14b42 sp=0x000000a48cafce20 mode 0
Event: 21663.987 Thread 0x0000023f6470aa60 Uncommon trap: trap_request=0xffffffd6 fr.pc=0x0000023f484a5aa4 relative=0x0000000000000464
Event: 21663.987 Thread 0x0000023f6470aa60 Uncommon trap: reason=array_check action=maybe_recompile pc=0x0000023f484a5aa4 method=java.util.Arrays.fill([Ljava/lang/Object;IILjava/lang/Object;)V @ 20 c2
Event: 21663.987 Thread 0x0000023f6470aa60 DEOPT PACKING pc=0x0000023f484a5aa4 sp=0x000000a48bef7ca0
Event: 21663.987 Thread 0x0000023f6470aa60 DEOPT UNPACKING pc=0x0000023f46f143a2 sp=0x000000a48bef7c68 mode 2
Event: 21663.987 Thread 0x0000023f6470aa60 Uncommon trap: trap_request=0xffffffd6 fr.pc=0x0000023f484a5aa4 relative=0x0000000000000464
Event: 21663.987 Thread 0x0000023f6470aa60 Uncommon trap: reason=array_check action=maybe_recompile pc=0x0000023f484a5aa4 method=java.util.Arrays.fill([Ljava/lang/Object;IILjava/lang/Object;)V @ 20 c2
Event: 21663.987 Thread 0x0000023f6470aa60 DEOPT PACKING pc=0x0000023f484a5aa4 sp=0x000000a48bef7ca0
Event: 21663.987 Thread 0x0000023f6470aa60 DEOPT UNPACKING pc=0x0000023f46f143a2 sp=0x000000a48bef7c68 mode 2
Event: 21663.987 Thread 0x0000023f6470aa60 Uncommon trap: trap_request=0xffffffd6 fr.pc=0x0000023f484a5aa4 relative=0x0000000000000464
Event: 21663.987 Thread 0x0000023f6470aa60 Uncommon trap: reason=array_check action=maybe_recompile pc=0x0000023f484a5aa4 method=java.util.Arrays.fill([Ljava/lang/Object;IILjava/lang/Object;)V @ 20 c2
Event: 21663.987 Thread 0x0000023f6470aa60 DEOPT PACKING pc=0x0000023f484a5aa4 sp=0x000000a48bef7ca0
Event: 21663.987 Thread 0x0000023f6470aa60 DEOPT UNPACKING pc=0x0000023f46f143a2 sp=0x000000a48bef7c68 mode 2
Event: 21663.987 Thread 0x0000023f6470aa60 Uncommon trap: trap_request=0xffffffd6 fr.pc=0x0000023f484a5aa4 relative=0x0000000000000464
Event: 21663.987 Thread 0x0000023f6470aa60 Uncommon trap: reason=array_check action=maybe_recompile pc=0x0000023f484a5aa4 method=java.util.Arrays.fill([Ljava/lang/Object;IILjava/lang/Object;)V @ 20 c2
Event: 21663.987 Thread 0x0000023f6470aa60 DEOPT PACKING pc=0x0000023f484a5aa4 sp=0x000000a48bef7ca0
Event: 21663.987 Thread 0x0000023f6470aa60 DEOPT UNPACKING pc=0x0000023f46f143a2 sp=0x000000a48bef7c68 mode 2
Event: 21667.941 Thread 0x0000023f6470aa60 DEOPT PACKING pc=0x0000023f3fa68d23 sp=0x000000a48bef5e80
Event: 21667.941 Thread 0x0000023f6470aa60 DEOPT UNPACKING pc=0x0000023f46f14b42 sp=0x000000a48bef5338 mode 0

Classes loaded (20 events):
Event: 21649.793 Loading class java/util/stream/IntPipeline$StatefulOp done
Event: 21649.793 Loading class java/util/stream/SortedOps$OfInt done
Event: 21649.797 Loading class java/util/stream/SortedOps$SizedIntSortingSink
Event: 21649.798 Loading class java/util/stream/SortedOps$AbstractIntSortingSink
Event: 21649.800 Loading class java/util/stream/SortedOps$AbstractIntSortingSink done
Event: 21649.800 Loading class java/util/stream/SortedOps$SizedIntSortingSink done
Event: 21654.733 Loading class java/util/stream/IntPipeline$10
Event: 21654.737 Loading class java/util/stream/IntPipeline$10 done
Event: 21654.737 Loading class java/util/stream/ReduceOps$9
Event: 21654.741 Loading class java/util/stream/ReduceOps$9 done
Event: 21654.741 Loading class java/util/stream/ReduceOps$CountingSink$OfInt
Event: 21654.746 Loading class java/util/stream/ReduceOps$CountingSink$OfInt done
Event: 21654.746 Loading class java/util/stream/IntPipeline$10$1
Event: 21654.747 Loading class java/util/stream/IntPipeline$10$1 done
Event: 21657.001 Loading class java/lang/NegativeArraySizeException
Event: 21657.002 Loading class java/lang/NegativeArraySizeException done
Event: 21657.524 Loading class java/security/PermissionsEnumerator
Event: 21657.525 Loading class java/security/PermissionsEnumerator done
Event: 21657.650 Loading class jdk/internal/vm/annotation/Stable
Event: 21657.652 Loading class jdk/internal/vm/annotation/Stable done

Classes unloaded (20 events):
Event: 18865.334 Thread 0x0000023f53f1cc20 Unloading class 0x00000001004a9000 'java/lang/invoke/LambdaForm$MH+0x00000001004a9000'
Event: 18865.334 Thread 0x0000023f53f1cc20 Unloading class 0x000000010046c400 'java/lang/invoke/LambdaForm$MH+0x000000010046c400'
Event: 18865.334 Thread 0x0000023f53f1cc20 Unloading class 0x0000000100461800 'java/lang/invoke/LambdaForm$MH+0x0000000100461800'
Event: 18865.335 Thread 0x0000023f53f1cc20 Unloading class 0x0000000100349c00 'java/lang/invoke/LambdaForm$MH+0x0000000100349c00'
Event: 18865.335 Thread 0x0000023f53f1cc20 Unloading class 0x0000000100348400 'java/lang/invoke/LambdaForm$BMH+0x0000000100348400'
Event: 18865.335 Thread 0x0000023f53f1cc20 Unloading class 0x00000001007e9800 'java/lang/invoke/LambdaForm$MH+0x00000001007e9800'
Event: 18865.335 Thread 0x0000023f53f1cc20 Unloading class 0x00000001007f0c00 'java/lang/invoke/LambdaForm$MH+0x00000001007f0c00'
Event: 18865.335 Thread 0x0000023f53f1cc20 Unloading class 0x00000001007f1800 'java/lang/invoke/LambdaForm$MH+0x00000001007f1800'
Event: 18865.338 Thread 0x0000023f53f1cc20 Unloading class 0x0000000100ef4000 'java/lang/invoke/LambdaForm$MH+0x0000000100ef4000'
Event: 18865.339 Thread 0x0000023f53f1cc20 Unloading class 0x0000000100ef4800 'java/lang/invoke/LambdaForm$MH+0x0000000100ef4800'
Event: 18865.341 Thread 0x0000023f53f1cc20 Unloading class 0x000000010048c800 'java/lang/invoke/LambdaForm$MH+0x000000010048c800'
Event: 18865.342 Thread 0x0000023f53f1cc20 Unloading class 0x00000001001e8c00 'java/lang/invoke/LambdaForm$MH+0x00000001001e8c00'
Event: 18865.342 Thread 0x0000023f53f1cc20 Unloading class 0x00000001012a4400 'java/lang/invoke/LambdaForm$MH+0x00000001012a4400'
Event: 18865.344 Thread 0x0000023f53f1cc20 Unloading class 0x00000001007b3400 'java/lang/invoke/LambdaForm$MH+0x00000001007b3400'
Event: 18865.344 Thread 0x0000023f53f1cc20 Unloading class 0x00000001007a6800 'java/lang/invoke/LambdaForm$MH+0x00000001007a6800'
Event: 18865.344 Thread 0x0000023f53f1cc20 Unloading class 0x0000000100640000 'java/lang/invoke/LambdaForm$MH+0x0000000100640000'
Event: 18865.345 Thread 0x0000023f53f1cc20 Unloading class 0x0000000100a1c000 'jdk/internal/reflect/GeneratedSerializationConstructorAccessor295'
Event: 18865.345 Thread 0x0000023f53f1cc20 Unloading class 0x00000001007b1800 'jdk/internal/reflect/GeneratedSerializationConstructorAccessor43'
Event: 18865.345 Thread 0x0000023f53f1cc20 Unloading class 0x00000001007a9c00 'jdk/internal/reflect/GeneratedSerializationConstructorAccessor36'
Event: 18865.345 Thread 0x0000023f53f1cc20 Unloading class 0x00000001006c9c00 'jdk/internal/reflect/GeneratedSerializationConstructorAccessor29'

Classes redefined (0 events):
No events

Internal exceptions (20 events):
Event: 21671.429 Thread 0x0000023f6470aa60 Exception <a 'sun/nio/fs/WindowsException'{0x00000000ab9e1518}> (0x00000000ab9e1518) 
thrown [s\src\hotspot\share\prims\jni.cpp, line 537]
Event: 21671.430 Thread 0x0000023f6470aa60 Exception <a 'sun/nio/fs/WindowsException'{0x00000000ab9e3730}> (0x00000000ab9e3730) 
thrown [s\src\hotspot\share\prims\jni.cpp, line 537]
Event: 21671.430 Thread 0x0000023f6470aa60 Exception <a 'sun/nio/fs/WindowsException'{0x00000000ab9e5b80}> (0x00000000ab9e5b80) 
thrown [s\src\hotspot\share\prims\jni.cpp, line 537]
Event: 21671.430 Thread 0x0000023f6470aa60 Exception <a 'sun/nio/fs/WindowsException'{0x00000000ab9e7be0}> (0x00000000ab9e7be0) 
thrown [s\src\hotspot\share\prims\jni.cpp, line 537]
Event: 21671.500 Thread 0x0000023f6470aa60 Exception <a 'sun/nio/fs/WindowsException'{0x00000000ab8a4e28}> (0x00000000ab8a4e28) 
thrown [s\src\hotspot\share\prims\jni.cpp, line 537]
Event: 21671.551 Thread 0x0000023f6470aa60 Exception <a 'sun/nio/fs/WindowsException'{0x00000000ab8c7498}> (0x00000000ab8c7498) 
thrown [s\src\hotspot\share\prims\jni.cpp, line 537]
Event: 21671.911 Thread 0x0000023f6470aa60 Exception <a 'sun/nio/fs/WindowsException'{0x00000000aacd9608}> (0x00000000aacd9608) 
thrown [s\src\hotspot\share\prims\jni.cpp, line 537]
Event: 21671.918 Thread 0x0000023f6470aa60 Exception <a 'sun/nio/fs/WindowsException'{0x00000000aab30dd8}> (0x00000000aab30dd8) 
thrown [s\src\hotspot\share\prims\jni.cpp, line 537]
Event: 21671.918 Thread 0x0000023f6470aa60 Exception <a 'sun/nio/fs/WindowsException'{0x00000000aab32408}> (0x00000000aab32408) 
thrown [s\src\hotspot\share\prims\jni.cpp, line 537]
Event: 21671.947 Thread 0x0000023f6470aa60 Exception <a 'sun/nio/fs/WindowsException'{0x00000000aa9ed858}> (0x00000000aa9ed858) 
thrown [s\src\hotspot\share\prims\jni.cpp, line 537]
Event: 21671.954 Thread 0x0000023f6470aa60 Exception <a 'sun/nio/fs/WindowsException'{0x00000000aa83b288}> (0x00000000aa83b288) 
thrown [s\src\hotspot\share\prims\jni.cpp, line 537]
Event: 21671.955 Thread 0x0000023f6470aa60 Exception <a 'sun/nio/fs/WindowsException'{0x00000000aa83c8b8}> (0x00000000aa83c8b8) 
thrown [s\src\hotspot\share\prims\jni.cpp, line 537]
Event: 21673.047 Thread 0x0000023f69c4fcc0 Exception <a 'java/lang/NoSuchMethodError'{0x00000000a9ab4d90}: static Lorg/jetbrains/plugins/gradle/tooling/serialization/internal/adapter/kotlin/dsl/InternalKotlinDslScriptsModel;.<clinit>()V> (0x00000000a9ab4d90) 
thrown [s\src\hotspot\share\prims\jni.cpp, line 1144]
Event: 21673.048 Thread 0x0000023f69c4fcc0 Exception <a 'java/lang/NoSuchMethodError'{0x00000000a9abf5f0}: static Lorg/jetbrains/plugins/gradle/tooling/serialization/internal/adapter/kotlin/dsl/InternalKotlinDslScriptModel;.<clinit>()V> (0x00000000a9abf5f0) 
thrown [s\src\hotspot\share\prims\jni.cpp, line 1144]
Event: 21673.151 Thread 0x0000023f6470aa60 Exception <a 'sun/nio/fs/WindowsException'{0x00000000a978c580}> (0x00000000a978c580) 
thrown [s\src\hotspot\share\prims\jni.cpp, line 537]
Event: 21673.153 Thread 0x0000023f6470aa60 Exception <a 'sun/nio/fs/WindowsException'{0x00000000a9793b10}> (0x00000000a9793b10) 
thrown [s\src\hotspot\share\prims\jni.cpp, line 537]
Event: 21673.154 Thread 0x0000023f6470aa60 Exception <a 'sun/nio/fs/WindowsException'{0x00000000a979b4b0}> (0x00000000a979b4b0) 
thrown [s\src\hotspot\share\prims\jni.cpp, line 537]
Event: 21673.155 Thread 0x0000023f6470aa60 Exception <a 'sun/nio/fs/WindowsException'{0x00000000a97a28b0}> (0x00000000a97a28b0) 
thrown [s\src\hotspot\share\prims\jni.cpp, line 537]
Event: 21673.175 Thread 0x0000023f69c4fcc0 Exception <a 'java/lang/NoSuchMethodError'{0x00000000a9607a28}: static Lcom/intellij/gradle/toolingExtension/impl/javaModel/manifestModel/DefaultJavaGradleManifestModel;.<clinit>()V> (0x00000000a9607a28) 
thrown [s\src\hotspot\share\prims\jni.cpp, line 1144]
Event: 21673.179 Thread 0x0000023f69c4fcc0 Exception <a 'java/lang/NoSuchMethodError'{0x00000000a9610eb0}: static Lcom/intellij/gradle/toolingExtension/impl/model/repositoryModel/DefaultProjectRepositoriesModel;.<clinit>()V> (0x00000000a9610eb0) 
thrown [s\src\hotspot\share\prims\jni.cpp, line 1144]

ZGC Phase Switch (0 events):
No events

VM Operations (20 events):
Event: 21663.127 Executing non-safepoint VM operation: HandshakeAllThreads (Deoptimize) done
Event: 21664.133 Executing safepoint VM operation: Cleanup
Event: 21664.133 Executing safepoint VM operation: Cleanup done
Event: 21665.151 Executing safepoint VM operation: Cleanup
Event: 21665.152 Executing safepoint VM operation: Cleanup done
Event: 21666.158 Executing safepoint VM operation: Cleanup
Event: 21666.158 Executing safepoint VM operation: Cleanup done
Event: 21667.158 Executing safepoint VM operation: Cleanup
Event: 21667.159 Executing safepoint VM operation: Cleanup done
Event: 21668.264 Executing safepoint VM operation: Cleanup
Event: 21668.282 Executing safepoint VM operation: Cleanup done
Event: 21669.299 Executing safepoint VM operation: Cleanup
Event: 21669.351 Executing safepoint VM operation: Cleanup done
Event: 21670.362 Executing safepoint VM operation: Cleanup
Event: 21670.363 Executing safepoint VM operation: Cleanup done
Event: 21671.370 Executing safepoint VM operation: Cleanup
Event: 21671.386 Executing safepoint VM operation: Cleanup done
Event: 21672.403 Executing safepoint VM operation: Cleanup
Event: 21672.653 Executing safepoint VM operation: Cleanup done
Event: 21673.657 Executing safepoint VM operation: Cleanup

Memory protections (0 events):
No events

Nmethod flushes (20 events):
Event: 19541.592 Thread 0x0000023f53f1cc20 flushing  nmethod 0x0000023f420f4d10
Event: 19541.592 Thread 0x0000023f53f1cc20 flushing  nmethod 0x0000023f420f5210
Event: 19541.592 Thread 0x0000023f53f1cc20 flushing  nmethod 0x0000023f420fb410
Event: 19541.592 Thread 0x0000023f53f1cc20 flushing osr nmethod 0x0000023f42136e10
Event: 19541.592 Thread 0x0000023f53f1cc20 flushing  nmethod 0x0000023f42733690
Event: 19541.593 Thread 0x0000023f53f1cc20 flushing  nmethod 0x0000023f42738590
Event: 19541.593 Thread 0x0000023f53f1cc20 flushing  nmethod 0x0000023f4273b810
Event: 19541.593 Thread 0x0000023f53f1cc20 flushing  nmethod 0x0000023f4273be10
Event: 19541.593 Thread 0x0000023f53f1cc20 flushing  nmethod 0x0000023f427b8c10
Event: 19541.593 Thread 0x0000023f53f1cc20 flushing  nmethod 0x0000023f4284cf10
Event: 19541.593 Thread 0x0000023f53f1cc20 flushing  nmethod 0x0000023f4289cd10
Event: 19541.593 Thread 0x0000023f53f1cc20 flushing  nmethod 0x0000023f42922f90
Event: 19541.593 Thread 0x0000023f53f1cc20 flushing  nmethod 0x0000023f4294aa10
Event: 19541.593 Thread 0x0000023f53f1cc20 flushing  nmethod 0x0000023f429cfd10
Event: 19541.593 Thread 0x0000023f53f1cc20 flushing  nmethod 0x0000023f429d1b90
Event: 19541.593 Thread 0x0000023f53f1cc20 flushing  nmethod 0x0000023f429d1f90
Event: 19541.593 Thread 0x0000023f53f1cc20 flushing  nmethod 0x0000023f42b47c90
Event: 19541.593 Thread 0x0000023f53f1cc20 flushing  nmethod 0x0000023f42b4ca90
Event: 19541.593 Thread 0x0000023f53f1cc20 flushing  nmethod 0x0000023f42b86190
Event: 19541.593 Thread 0x0000023f53f1cc20 flushing  nmethod 0x0000023f42b8a810

Events (20 events):
Event: 21671.028 Thread 0x0000023f6470aa60 Thread added: 0x0000023f6a9333e0
Event: 21671.145 Thread 0x0000023f6a9333e0 Thread exited: 0x0000023f6a9333e0
Event: 21671.171 Thread 0x0000023f6470aa60 Thread added: 0x0000023f6a9326c0
Event: 21671.174 Thread 0x0000023f6a9326c0 Thread added: 0x0000023f770a37b0
Event: 21671.174 Thread 0x0000023f6a9326c0 Thread added: 0x0000023f770a3120
Event: 21671.175 Thread 0x0000023f6a9326c0 Thread added: 0x0000023f770a1d70
Event: 21671.175 Thread 0x0000023f6a9326c0 Thread added: 0x0000023f770a16e0
Event: 21671.175 Thread 0x0000023f6a9326c0 Thread added: 0x0000023f770a2400
Event: 21671.175 Thread 0x0000023f6a9326c0 Thread added: 0x0000023f68a54a80
Event: 21671.175 Thread 0x0000023f6a9326c0 Thread added: 0x0000023f68a55110
Event: 21671.182 Thread 0x0000023f770a37b0 Thread added: 0x0000023f69c4efa0
Event: 21671.233 Thread 0x0000023f6470aa60 Thread added: 0x0000023f69c4fcc0
Event: 21671.558 Thread 0x0000023f6470aa60 Thread added: 0x0000023f69c51d90
Event: 21673.021 Thread 0x0000023f6470aa60 Thread added: 0x0000023f69c4f630
Event: 21673.021 Thread 0x0000023f6470aa60 Thread added: 0x0000023f69c50350
Event: 21673.022 Thread 0x0000023f6470aa60 Thread added: 0x0000023f69c52420
Event: 21673.022 Thread 0x0000023f6470aa60 Thread added: 0x0000023f69c509e0
Event: 21673.022 Thread 0x0000023f6470aa60 Thread added: 0x0000023f69c51070
Event: 21673.023 Thread 0x0000023f6470aa60 Thread added: 0x0000023f67f22b70
Event: 21673.023 Thread 0x0000023f6470aa60 Thread added: 0x0000023f67f23f20


Dynamic libraries:
0x00007ff64e9e0000 - 0x00007ff64e9ea000 	C:\Program Files\Android\Android Studio1\jbr\bin\java.exe
0x00007ffb8dd00000 - 0x00007ffb8df66000 	C:\WINDOWS\SYSTEM32\ntdll.dll
0x00007ffb8c960000 - 0x00007ffb8ca29000 	C:\WINDOWS\System32\KERNEL32.DLL
0x00007ffb8b540000 - 0x00007ffb8b940000 	C:\WINDOWS\System32\KERNELBASE.dll
0x00007ffb8b2b0000 - 0x00007ffb8b3fc000 	C:\WINDOWS\System32\ucrtbase.dll
0x00007ffb6f510000 - 0x00007ffb6f528000 	C:\Program Files\Android\Android Studio1\jbr\bin\jli.dll
0x00007ffb8bb70000 - 0x00007ffb8bd37000 	C:\WINDOWS\System32\USER32.dll
0x00007ffb82840000 - 0x00007ffb8285b000 	C:\Program Files\Android\Android Studio1\jbr\bin\VCRUNTIME140.dll
0x00007ffb8ba00000 - 0x00007ffb8ba27000 	C:\WINDOWS\System32\win32u.dll
0x00007ffb8c930000 - 0x00007ffb8c95b000 	C:\WINDOWS\System32\GDI32.dll
0x00007ffb72bd0000 - 0x00007ffb72e62000 	C:\WINDOWS\WinSxS\amd64_microsoft.windows.common-controls_6595b64144ccf1df_6.0.26100.8737_none_3e092eaee333b772\COMCTL32.dll
0x00007ffb8b410000 - 0x00007ffb8b539000 	C:\WINDOWS\System32\gdi32full.dll
0x00007ffb8bac0000 - 0x00007ffb8bb69000 	C:\WINDOWS\System32\msvcrt.dll
0x00007ffb8b950000 - 0x00007ffb8b9f3000 	C:\WINDOWS\System32\msvcp_win.dll
0x00007ffb8da10000 - 0x00007ffb8da42000 	C:\WINDOWS\System32\IMM32.DLL
0x00007ffb84770000 - 0x00007ffb8477c000 	C:\Program Files\Android\Android Studio1\jbr\bin\vcruntime140_1.dll
0x00007ffb55980000 - 0x00007ffb55a0d000 	C:\Program Files\Android\Android Studio1\jbr\bin\msvcp140.dll
0x00007ffb16130000 - 0x00007ffb16dc6000 	C:\Program Files\Android\Android Studio1\jbr\bin\server\jvm.dll
0x00007ffb8d1b0000 - 0x00007ffb8d267000 	C:\WINDOWS\System32\ADVAPI32.dll
0x00007ffb8ca30000 - 0x00007ffb8cada000 	C:\WINDOWS\System32\sechost.dll
0x00007ffb8c2b0000 - 0x00007ffb8c3c8000 	C:\WINDOWS\System32\RPCRT4.dll
0x00007ffb8da50000 - 0x00007ffb8dad0000 	C:\WINDOWS\System32\WS2_32.dll
0x00007ffb8ad80000 - 0x00007ffb8adde000 	C:\WINDOWS\SYSTEM32\POWRPROF.dll
0x00007ffb68540000 - 0x00007ffb68576000 	C:\WINDOWS\SYSTEM32\WINMM.dll
0x00007ffb79620000 - 0x00007ffb7962b000 	C:\WINDOWS\SYSTEM32\VERSION.dll
0x00007ffb8ad60000 - 0x00007ffb8ad74000 	C:\WINDOWS\SYSTEM32\UMPDC.dll
0x00007ffb89c00000 - 0x00007ffb89c1b000 	C:\WINDOWS\SYSTEM32\kernel.appcore.dll
0x00007ffb7a550000 - 0x00007ffb7a55a000 	C:\Program Files\Android\Android Studio1\jbr\bin\jimage.dll
0x00007ffb85650000 - 0x00007ffb85892000 	C:\WINDOWS\SYSTEM32\DBGHELP.DLL
0x00007ffb8c400000 - 0x00007ffb8c783000 	C:\WINDOWS\System32\combase.dll
0x00007ffb8bd40000 - 0x00007ffb8be19000 	C:\WINDOWS\System32\OLEAUT32.dll
0x00007ffb722a0000 - 0x00007ffb722db000 	C:\WINDOWS\SYSTEM32\dbgcore.DLL
0x00007ffb8af20000 - 0x00007ffb8afcc000 	C:\WINDOWS\System32\bcryptPrimitives.dll
0x00007ffb78ab0000 - 0x00007ffb78abe000 	C:\Program Files\Android\Android Studio1\jbr\bin\instrument.dll
0x00007ffb7a530000 - 0x00007ffb7a550000 	C:\Program Files\Android\Android Studio1\jbr\bin\java.dll
0x00007ffb7a190000 - 0x00007ffb7a1a8000 	C:\Program Files\Android\Android Studio1\jbr\bin\zip.dll
0x00007ffb8d270000 - 0x00007ffb8da02000 	C:\WINDOWS\System32\SHELL32.dll
0x00007ffb889e0000 - 0x00007ffb89272000 	C:\WINDOWS\SYSTEM32\windows.storage.dll
0x00007ffb8cfc0000 - 0x00007ffb8d0b7000 	C:\WINDOWS\System32\SHCORE.dll
0x00007ffb8ba40000 - 0x00007ffb8baa7000 	C:\WINDOWS\System32\shlwapi.dll
0x00007ffb8ae40000 - 0x00007ffb8ae69000 	C:\WINDOWS\SYSTEM32\profapi.dll
0x00007ffb789e0000 - 0x00007ffb789f0000 	C:\Program Files\Android\Android Studio1\jbr\bin\net.dll
0x00007ffb7ea20000 - 0x00007ffb7eb49000 	C:\WINDOWS\SYSTEM32\WINHTTP.dll
0x00007ffb8a1b0000 - 0x00007ffb8a21c000 	C:\WINDOWS\system32\mswsock.dll
0x00007ffb77a60000 - 0x00007ffb77a76000 	C:\Program Files\Android\Android Studio1\jbr\bin\nio.dll
0x00007ffb769a0000 - 0x00007ffb769b0000 	C:\Program Files\Android\Android Studio1\jbr\bin\verify.dll
0x00007ffb6e190000 - 0x00007ffb6e1b7000 	C:\Users\nickine chrise.j\.gradle\native\1def1411415f61bf3af743bc5b6707747c0891f09f0c88961ee8f79bc544acac\windows-amd64\native-platform.dll
0x00007ffb63860000 - 0x00007ffb638d8000 	C:\Users\nickine chrise.j\.gradle\native\0.2.7\x86_64-windows-gnu\gradle-fileevents.dll
0x00007ffb76a30000 - 0x00007ffb76a39000 	C:\Program Files\Android\Android Studio1\jbr\bin\management.dll
0x00007ffb76a20000 - 0x00007ffb76a2b000 	C:\Program Files\Android\Android Studio1\jbr\bin\management_ext.dll
0x00007ffb8ba30000 - 0x00007ffb8ba38000 	C:\WINDOWS\System32\PSAPI.DLL
0x00007ffb895d0000 - 0x00007ffb89603000 	C:\WINDOWS\SYSTEM32\IPHLPAPI.DLL
0x00007ffb8bab0000 - 0x00007ffb8baba000 	C:\WINDOWS\System32\NSI.dll
0x00007ffb78990000 - 0x00007ffb78999000 	C:\Program Files\Android\Android Studio1\jbr\bin\extnet.dll
0x00007ffb8a4d0000 - 0x00007ffb8a4eb000 	C:\WINDOWS\SYSTEM32\CRYPTSP.dll
0x00007ffb89b60000 - 0x00007ffb89b99000 	C:\WINDOWS\system32\rsaenh.dll
0x00007ffb8a270000 - 0x00007ffb8a2a2000 	C:\WINDOWS\SYSTEM32\USERENV.dll
0x00007ffb8ae10000 - 0x00007ffb8ae3a000 	C:\WINDOWS\SYSTEM32\bcrypt.dll
0x00007ffb8a4b0000 - 0x00007ffb8a4bc000 	C:\WINDOWS\SYSTEM32\CRYPTBASE.dll
0x00007ffb6c760000 - 0x00007ffb6c768000 	C:\WINDOWS\system32\wshunix.dll
0x00007ffb66c30000 - 0x00007ffb66c48000 	C:\WINDOWS\system32\napinsp.dll
0x00007ffb89610000 - 0x00007ffb89765000 	C:\WINDOWS\SYSTEM32\DNSAPI.dll
0x00007ffb89fb0000 - 0x00007ffb89fbd000 	C:\WINDOWS\SYSTEM32\DSPARSE.dll
0x00007ffb66c10000 - 0x00007ffb66c23000 	C:\WINDOWS\System32\winrnr.dll
0x00007ffb66be0000 - 0x00007ffb66c02000 	C:\WINDOWS\system32\nlansp_c.dll
0x00007ffb7af30000 - 0x00007ffb7af46000 	C:\WINDOWS\system32\wshbth.dll
0x00007ffb7bc10000 - 0x00007ffb7bc1b000 	C:\Windows\System32\rasadhlp.dll
0x00007ffb80b20000 - 0x00007ffb80ba6000 	C:\WINDOWS\System32\fwpuclnt.dll
0x00007ffb78910000 - 0x00007ffb78917000 	C:\Program Files\Android\Android Studio1\jbr\bin\rmi.dll
0x00007ffb89d30000 - 0x00007ffb89d66000 	C:\WINDOWS\SYSTEM32\ntmarta.dll
0x00007ffb78a70000 - 0x00007ffb78a8e000 	C:\Users\nickine chrise.j\AppData\Local\Temp\native-platform11256522373018727494dir\native-platform.dll

JVMTI agents:
C:\Users\nickine chrise.j\.gradle\wrapper\dists\gradle-8.13-bin\5xuhj0ry160q40clulazy9h7d\gradle-8.13\lib\agents\gradle-instrumentation-agent-8.13.jar path:C:\Program Files\Android\Android Studio1\jbr\bin\instrument.dll, loaded, initialized, instrumentlib options:none

dbghelp: loaded successfully - version: 4.0.5 - missing functions: none
symbol engine: initialized successfully - sym options: 0x614 - pdb path: .;C:\Program Files\Android\Android Studio1\jbr\bin;C:\WINDOWS\SYSTEM32;C:\WINDOWS\WinSxS\amd64_microsoft.windows.common-controls_6595b64144ccf1df_6.0.26100.8737_none_3e092eaee333b772;C:\Program Files\Android\Android Studio1\jbr\bin\server;C:\Users\nickine chrise.j\.gradle\native\1def1411415f61bf3af743bc5b6707747c0891f09f0c88961ee8f79bc544acac\windows-amd64;C:\Users\nickine chrise.j\.gradle\native\0.2.7\x86_64-windows-gnu;C:\Users\nickine chrise.j\AppData\Local\Temp\native-platform11256522373018727494dir

VM Arguments:
jvm_args: --add-opens=java.base/java.lang=ALL-UNNAMED --add-opens=java.base/java.lang.invoke=ALL-UNNAMED --add-opens=java.base/java.util=ALL-UNNAMED --add-opens=java.prefs/java.util.prefs=ALL-UNNAMED --add-exports=jdk.compiler/com.sun.tools.javac.api=ALL-UNNAMED --add-exports=jdk.compiler/com.sun.tools.javac.util=ALL-UNNAMED --add-opens=java.base/java.util=ALL-UNNAMED --add-opens=java.prefs/java.util.prefs=ALL-UNNAMED --add-opens=java.base/java.nio.charset=ALL-UNNAMED --add-opens=java.base/java.net=ALL-UNNAMED --add-opens=java.base/java.util.concurrent.atomic=ALL-UNNAMED --add-opens=java.xml/javax.xml.namespace=ALL-UNNAMED -Xmx2048m -Dfile.encoding=UTF-8 -Duser.country=IN -Duser.language=en -Duser.variant -javaagent:C:\Users\nickine chrise.j\.gradle\wrapper\dists\gradle-8.13-bin\5xuhj0ry160q40clulazy9h7d\gradle-8.13\lib\agents\gradle-instrumentation-agent-8.13.jar 
java_command: org.gradle.launcher.daemon.bootstrap.GradleDaemon 8.13
java_class_path (initial): C:\Users\nickine chrise.j\.gradle\wrapper\dists\gradle-8.13-bin\5xuhj0ry160q40clulazy9h7d\gradle-8.13\lib\gradle-daemon-main-8.13.jar
Launcher Type: SUN_STANDARD

[Global flags]
     intx CICompilerCount                          = 4                                         {product} {ergonomic}
     uint ConcGCThreads                            = 2                                         {product} {ergonomic}
     uint G1ConcRefinementThreads                  = 8                                         {product} {ergonomic}
   size_t G1HeapRegionSize                         = 1048576                                   {product} {ergonomic}
    uintx GCDrainStackTargetSize                   = 64                                        {product} {ergonomic}
   size_t InitialHeapSize                          = 132120576                                 {product} {ergonomic}
   size_t MarkStackSize                            = 4194304                                   {product} {ergonomic}
   size_t MaxHeapSize                              = 2147483648                                {product} {command line}
   size_t MaxNewSize                               = 1287651328                                {product} {ergonomic}
   size_t MinHeapDeltaBytes                        = 1048576                                   {product} {ergonomic}
   size_t MinHeapSize                              = 8388608                                   {product} {ergonomic}
    uintx NonNMethodCodeHeapSize                   = 5839372                                {pd product} {ergonomic}
    uintx NonProfiledCodeHeapSize                  = 122909434                              {pd product} {ergonomic}
    uintx ProfiledCodeHeapSize                     = 122909434                              {pd product} {ergonomic}
    uintx ReservedCodeCacheSize                    = 251658240                              {pd product} {ergonomic}
     bool SegmentedCodeCache                       = true                                      {product} {ergonomic}
   size_t SoftMaxHeapSize                          = 2147483648                             {manageable} {ergonomic}
     bool UseCompressedOops                        = true                           {product lp64_product} {ergonomic}
     bool UseG1GC                                  = true                                      {product} {ergonomic}
     bool UseLargePagesIndividualAllocation        = false                                  {pd product} {ergonomic}

Logging:
Log output configuration:
 #0: stdout all=warning uptime,level,tags foldmultilines=false
 #1: stderr all=off uptime,level,tags foldmultilines=false

Release file:
JAVA_VERSION="21.0.10" 
MODULES="java.base java.compiler java.datatransfer java.xml java.prefs java.desktop java.instrument java.logging java.management java.security.sasl java.naming java.rmi java.management.rmi java.net.http java.scripting java.security.jgss java.transaction.xa java.sql java.sql.rowset java.xml.crypto java.se java.smartcardio jdk.accessibility jdk.internal.jvmstat jdk.attach jdk.charsets jdk.internal.opt jdk.zipfs jdk.compiler jdk.crypto.ec jdk.crypto.cryptoki jdk.dynalink jdk.hotspot.agent jdk.httpserver jdk.internal.ed jdk.internal.le jdk.internal.vm.ci jdk.jartool jdk.javadoc jdk.jcmd jdk.jdeps jdk.jdwp.agent jdk.jdi jdk.jfr jdk.jlink jdk.jsobject jdk.localedata jdk.management jdk.management.agent jdk.management.jfr jdk.naming.dns jdk.naming.rmi jdk.net jdk.sctp jdk.security.auth jdk.security.jgss jdk.unsupported jdk.unsupported.desktop jdk.xml.dom" 
IMPLEMENTOR="JetBrains s.r.o." 
JAVA_RUNTIME_VERSION="21.0.10+-14961533-b1163.108" 
LIBC="default" 
OS_ARCH="x86_64" 
OS_NAME="Windows" 
SOURCE=".:git:1351622c2ff2" 

Environment Variables:
PATH=C:\Program Files\Common Files\Oracle\Java\javapath;C:\WINDOWS\system32;C:\WINDOWS;C:\WINDOWS\System32\Wbem;C:\WINDOWS\System32\WindowsPowerShell\v1.0\;C:\WINDOWS\System32\OpenSSH\;C:\MinGW\bin;C:\Program Files\nodejs\;C:\Users\nickine chrise.j\AppData\Local\Programs\Python\Python311\Scripts\;C:\Users\nickine chrise.j\AppData\Local\Programs\Python\Python311\;C:\Users\nickine chrise.j\AppData\Local\Programs\Python\Python313\Scripts\;C:\Users\nickine chrise.j\AppData\Local\Programs\Python\Python313\;C:\Users\nickine chrise.j\AppData\Local\Programs\Python\Python312\Scripts\;C:\Users\nickine chrise.j\AppData\Local\Programs\Python\Python312\;C:\Users\nickine chrise.j\AppData\Local\Programs\Python\Launcher\;C:\Users\nickine chrise.j\AppData\Local\Microsoft\WindowsApps;C:\Users\nickine chrise.j\AppData\Local\Programs\Microsoft VS Code\bin;C:\Users\nickine chrise.j\Downloads\flutter_windows_3.32.7-stable\flutter\bin;C:\Program Files\IntelliJ IDEA Community Edition 2025.2.5\bin;C:\Users\nickine chrise.j\AppData\Roaming\npm
USERNAME=nickine chrise.j
OS=Windows_NT
PROCESSOR_IDENTIFIER=Intel64 Family 6 Model 142 Stepping 12, GenuineIntel
TMP=C:\Users\NICKIN~1.J\AppData\Local\Temp
TEMP=C:\Users\NICKIN~1.J\AppData\Local\Temp




Periodic native trim disabled

JNI global refs:
JNI global refs: 28, weak refs: 2

JNI global refs memory usage: 835, weak refs: 833

Process memory usage:
Resident Set Size: 703652K (8% of 8215284K total physical memory with 390056K free physical memory)

OOME stack traces (most recent first):
Classloader memory used:
Loader org.gradle.internal.classloader.VisitableURLClassLoader                         : 121M
Loader org.gradle.internal.classloader.VisitableURLClassLoader$InstrumentingVisitableURLClassLoader: 75865K
Loader org.gradle.internal.classloader.VisitableURLClassLoader                         : 45659K
Loader bootstrap                                                                       : 37347K
Loader org.gradle.initialization.MixInLegacyTypesClassLoader                           : 18924K
Loader jdk.internal.loader.ClassLoaders$AppClassLoader                                 : 8251K
Loader jdk.internal.reflect.DelegatingClassLoader                                      : 2239K
Loader jdk.internal.loader.ClassLoaders$PlatformClassLoader                            : 1068K
Loader org.gradle.groovy.scripts.internal.DefaultScriptCompilationHandler$ScriptClassLoader: 361K
Loader jdk.internal.jrtfs.JrtFileSystemProvider$JrtFsLoader                            : 351K
Loader groovy.lang.GroovyClassLoader$InnerLoader                                       : 61216B
Loader org.codehaus.groovy.runtime.callsite.CallSiteClassLoader                        : 61040B
Loader sun.reflect.misc.MethodUtil                                                     : 2984B

Classes loaded by more than one classloader:
Class gnu.trove.Equality                                                              : loaded 10 times (x 70B)
Class com.google.common.collect.Iterators$MergingIterator                             : loaded 10 times (x 81B)
Class com.google.common.base.Preconditions                                            : loaded 10 times (x 71B)
Class gnu.trove.TObjectHashingStrategy                                                : loaded 10 times (x 70B)
Class com.google.common.collect.Iterators                                             : loaded 10 times (x 71B)
Class com.google.common.collect.UnmodifiableListIterator                              : loaded 10 times (x 95B)
Class com.google.common.collect.Lists$StringAsImmutableList                           : loaded 10 times (x 207B)
Class com.google.common.collect.AbstractIndexedListIterator                           : loaded 10 times (x 96B)
Class com.google.common.collect.PeekingIterator                                       : loaded 10 times (x 70B)
Class com.google.common.collect.Iterators$9                                           : loaded 10 times (x 81B)
Class com.google.common.collect.Iterators$ArrayItr                                    : loaded 10 times (x 97B)
Class com.google.common.collect.UnmodifiableIterator                                  : loaded 10 times (x 80B)
Class com.google.common.collect.Lists                                                 : loaded 10 times (x 71B)
Class com.google.common.collect.ImmutableCollection                                   : loaded 10 times (x 125B)
Class com.google.common.collect.Iterators$4                                           : loaded 10 times (x 82B)
Class com.google.common.collect.ImmutableList                                         : loaded 10 times (x 206B)
Class com.google.common.collect.Iterators$5                                           : loaded 10 times (x 82B)
Class com.google.common.collect.AbstractIterator                                      : loaded 10 times (x 82B)
Class com.google.common.collect.Iterators$1                                           : loaded 10 times (x 81B)
Class [Lio.opentelemetry.context.ThreadLocalContextStorage$NoopScope;                 : loaded 9 times (x 69B)
Class io.opentelemetry.context.DefaultContextKey                                      : loaded 9 times (x 72B)
Class io.opentelemetry.api.trace.Tracer                                               : loaded 9 times (x 70B)
Class io.opentelemetry.context.ThreadLocalContextStorage$NoopScope                    : loaded 9 times (x 85B)
Class io.opentelemetry.context.ThreadLocalContextStorage                              : loaded 9 times (x 85B)
Class org.jetbrains.plugins.gradle.tooling.serialization.ExternalTestsSerializationService$WriteContext: loaded 9 times (x 72B)
Class com.intellij.platform.diagnostic.telemetry.rt.context.TelemetryContext          : loaded 9 times (x 134B)
Class org.jetbrains.plugins.gradle.model.VersionCatalogsModel                         : loaded 9 times (x 70B)
Class com.intellij.gradle.toolingExtension.impl.model.sourceSetModel.GradleSourceSetSerialisationService$Companion: loaded 9 times (x 71B)
Class org.jetbrains.plugins.gradle.tooling.serialization.AnnotationProcessingModelSerializationService: loaded 9 times (x 77B)
Class com.intellij.gradle.toolingExtension.impl.model.sourceSetDependencyModel.GradleSourceSetDependencySerialisationService$SourceSetDependencyModelReadContext: loaded 9 times (x 72B)
Class org.jetbrains.plugins.gradle.model.ExternalLibraryDependency                    : loaded 9 times (x 70B)
Class com.intellij.gradle.toolingExtension.impl.model.dependencyModel.DependencyReadContext: loaded 9 times (x 72B)
Class io.opentelemetry.context.ImplicitContextKeyed                                   : loaded 9 times (x 70B)
Class [Lio.opentelemetry.context.ContextStorage;                                      : loaded 9 times (x 69B)
Class org.jetbrains.plugins.gradle.model.ExternalTask                                 : loaded 9 times (x 70B)
Class org.jetbrains.plugins.gradle.model.ProjectImportModelProvider                   : loaded 9 times (x 70B)
Class io.opentelemetry.api.trace.Span                                                 : loaded 9 times (x 70B)
Class com.intellij.gradle.toolingExtension.impl.model.buildScriptClasspathModel.GradleBuildScriptClasspathSerializationService$WriteContext: loaded 9 times (x 72B)
Class gnu.trove.THash                                                                 : loaded 9 times (x 81B)
Class org.jetbrains.plugins.gradle.model.ExternalSourceSet                            : loaded 9 times (x 70B)
Class [Lio.opentelemetry.context.ThreadLocalContextStorage;                           : loaded 9 times (x 69B)
Class [Lio.opentelemetry.api.trace.TraceFlags;                                        : loaded 9 times (x 69B)
Class org.jetbrains.plugins.gradle.ExternalDependencyId                               : loaded 9 times (x 70B)
Class com.intellij.gradle.toolingExtension.impl.model.warmUp.GradleTaskWarmUpRequest  : loaded 9 times (x 70B)
Class org.jetbrains.kotlin.idea.gradleTooling.KotlinGradleModel                       : loaded 9 times (x 70B)
Class org.jetbrains.plugins.gradle.tooling.serialization.RepositoriesModelSerializationService$WriteContext: loaded 9 times (x 72B)
Class org.jetbrains.plugins.gradle.tooling.serialization.KotlinDslScriptsModelSerializationService: loaded 9 times (x 81B)
Class com.intellij.openapi.externalSystem.model.project.dependencies.ResolutionState  : loaded 9 times (x 79B)
Class org.jetbrains.plugins.gradle.model.ExternalProjectDependency                    : loaded 9 times (x 70B)
Class com.intellij.gradle.toolingExtension.impl.model.sourceSetArtifactIndex.GradleSourceSetArtifactBuildRequest: loaded 9 times (x 70B)
Class [Lio.opentelemetry.api.trace.ImmutableTraceFlags;                               : loaded 9 times (x 69B)
Class org.jetbrains.plugins.gradle.tooling.util.IntObjectMap$ObjectFactory            : loaded 9 times (x 70B)
Class org.jetbrains.plugins.gradle.model.GradleBuildScriptClasspathModel              : loaded 9 times (x 70B)
Class gnu.trove.TObjectIntHashMap                                                     : loaded 9 times (x 109B)
Class org.jetbrains.kotlin.idea.gradleTooling.KotlinSourceSetContainer                : loaded 9 times (x 70B)
Class org.jetbrains.plugins.gradle.tooling.serialization.internal.IdeaProjectSerializationService$WriteContext$1: loaded 9 times (x 83B)
Class org.jetbrains.plugins.gradle.model.ExternalProject                              : loaded 9 times (x 70B)
Class [Lcom.intellij.openapi.externalSystem.model.project.dependencies.ResolutionState;: loaded 9 times (x 69B)
Class io.opentelemetry.api.trace.ArrayBasedTraceStateBuilder                          : loaded 9 times (x 77B)
Class org.jetbrains.plugins.gradle.tooling.serialization.internal.IdeaProjectSerializationService$WriteContext: loaded 9 times (x 72B)
Class com.intellij.gradle.toolingExtension.impl.model.sourceSetDependencyModel.GradleSourceSetDependencySerialisationService: loaded 9 times (x 77B)
Class io.opentelemetry.context.ContextStorageWrappers                                 : loaded 9 times (x 71B)
Class org.jetbrains.kotlin.idea.gradleTooling.KotlinMPPGradleModel                    : loaded 9 times (x 70B)
Class io.opentelemetry.context.propagation.ContextPropagators                         : loaded 9 times (x 70B)
Class io.opentelemetry.context.propagation.DefaultContextPropagators                  : loaded 9 times (x 75B)
Class io.opentelemetry.api.trace.SpanId                                               : loaded 9 times (x 71B)
Class org.jetbrains.plugins.gradle.model.IntelliJSettings                             : loaded 9 times (x 70B)
Class org.jetbrains.plugins.gradle.tooling.serialization.ExternalTestsSerializationService$ReadContext: loaded 9 times (x 72B)
Class org.jetbrains.plugins.gradle.tooling.serialization.GradleExtensionsSerializationService: loaded 9 times (x 77B)
Class com.intellij.platform.diagnostic.telemetry.rt.context.TelemetryContextGetter    : loaded 9 times (x 75B)
Class gnu.trove.TObjectCanonicalHashingStrategy                                       : loaded 9 times (x 78B)
Class io.opentelemetry.api.trace.SpanContextKey                                       : loaded 9 times (x 71B)
Class org.jetbrains.plugins.gradle.model.GradleProperty                               : loaded 9 times (x 70B)
Class com.intellij.gradle.toolingExtension.model.repositoryModel.ProjectRepositoriesModel: loaded 9 times (x 70B)
Class org.jetbrains.plugins.gradle.model.GradleSourceSetModel                         : loaded 9 times (x 70B)
Class org.jetbrains.plugins.gradle.model.UnresolvedExternalDependency                 : loaded 9 times (x 70B)
Class io.opentelemetry.api.trace.ImmutableTraceFlags                                  : loaded 9 times (x 77B)
Class io.opentelemetry.context.propagation.NoopTextMapPropagator                      : loaded 9 times (x 76B)
Class org.jetbrains.plugins.gradle.tooling.serialization.internal.IdeaProjectSerializationService$WriteContext$2: loaded 9 times (x 83B)
Class io.opentelemetry.context.ContextStorageProvider                                 : loaded 9 times (x 70B)
Class org.jetbrains.plugins.gradle.model.AnnotationProcessingModel                    : loaded 9 times (x 70B)
Class org.jetbrains.plugins.gradle.model.GradleExtensions                             : loaded 9 times (x 70B)
Class com.intellij.gradle.toolingExtension.impl.model.dependencyDownloadPolicyModel.GradleDependencyDownloadPolicy: loaded 9 times (x 70B)
Class org.jetbrains.plugins.gradle.tooling.util.IntObjectMap$1                        : loaded 9 times (x 77B)
Class com.intellij.util.containers.IntObjectHashMap                                   : loaded 9 times (x 72B)
Class io.opentelemetry.api.OpenTelemetry                                              : loaded 9 times (x 70B)
Class io.opentelemetry.context.Context                                                : loaded 9 times (x 70B)
Class io.opentelemetry.api.internal.IncubatingUtil                                    : loaded 9 times (x 71B)
Class io.opentelemetry.api.GlobalOpenTelemetry$ObfuscatedOpenTelemetry                : loaded 9 times (x 92B)
Class io.opentelemetry.api.trace.ArrayBasedTraceState                                 : loaded 9 times (x 86B)
Class io.opentelemetry.context.ContextKey                                             : loaded 9 times (x 70B)
Class io.opentelemetry.api.trace.DefaultTracerProvider                                : loaded 9 times (x 79B)
Class org.jetbrains.kotlin.idea.gradleTooling.KotlinDslScriptAdditionalTask           : loaded 9 times (x 70B)
Class com.intellij.gradle.toolingExtension.impl.model.taskModel.GradleTaskSerialisationService: loaded 9 times (x 76B)
Class io.opentelemetry.context.ArrayBasedContext                                      : loaded 9 times (x 100B)
Class org.jetbrains.plugins.gradle.model.tests.ExternalTestsModel                     : loaded 9 times (x 70B)
Class [Lio.opentelemetry.context.Scope;                                               : loaded 9 times (x 69B)
Class io.opentelemetry.api.internal.OtelEncodingUtils                                 : loaded 9 times (x 71B)
Class org.jetbrains.plugins.gradle.tooling.serialization.AnnotationProcessingModelSerializationService$ReadContext: loaded 9 times (x 72B)
Class io.opentelemetry.context.propagation.TextMapSetter                              : loaded 9 times (x 70B)
Class org.jetbrains.plugins.gradle.javaModel.JavaGradleManifestModel                  : loaded 9 times (x 70B)
Class org.jetbrains.plugins.gradle.tooling.serialization.GradleExtensionsSerializationService$WriteContext: loaded 9 times (x 72B)
Class com.intellij.gradle.toolingExtension.impl.model.taskModel.GradleTaskSerialisationService$Companion: loaded 9 times (x 71B)
Class org.jetbrains.plugins.gradle.tooling.serialization.internal.IdeaProjectSerializationService$WriteContext$3: loaded 9 times (x 83B)
Class io.opentelemetry.api.trace.TracerProvider                                       : loaded 9 times (x 70B)
Class gnu.trove.TObjectHash$NULL                                                      : loaded 9 times (x 71B)
Class com.intellij.gradle.toolingExtension.impl.model.projectModel.GradleExternalProjectSerializationService$WriteContext: loaded 9 times (x 73B)
Class org.jetbrains.kotlin.idea.gradleTooling.AndroidAwareGradleModelProvider         : loaded 9 times (x 79B)
Class com.intellij.gradle.toolingExtension.impl.telemetry.GradleOpenTelemetry         : loaded 9 times (x 72B)
Class org.jetbrains.plugins.gradle.tooling.serialization.internal.IdeaProjectSerializationService$WriteContext$4: loaded 9 times (x 83B)
Class com.intellij.gradle.toolingExtension.impl.model.sourceSetDependencyModel.GradleSourceSetDependencySerialisationService$Companion: loaded 9 times (x 71B)
Class org.jetbrains.plugins.gradle.model.DependencyAccessorsModel                     : loaded 9 times (x 70B)
Class org.jetbrains.plugins.gradle.model.GradleTaskModel                              : loaded 9 times (x 70B)
Class org.jetbrains.plugins.gradle.tooling.serialization.ProjectDependenciesSerializationService: loaded 9 times (x 77B)
Class org.jetbrains.plugins.gradle.tooling.serialization.ProjectDependenciesSerializationService$WriteContext: loaded 9 times (x 72B)
Class com.intellij.compose.ide.plugin.gradleTooling.rt.ComposeResourcesModel          : loaded 9 times (x 70B)
Class org.jetbrains.plugins.gradle.model.GradleSourceSetDependencyModel               : loaded 9 times (x 70B)
Class org.jetbrains.plugins.gradle.tooling.serialization.GradleExtensionsSerializationService$ReadContext: loaded 9 times (x 72B)
Class io.opentelemetry.api.trace.DefaultTracer                                        : loaded 9 times (x 74B)
Class io.opentelemetry.context.propagation.TextMapPropagator                          : loaded 9 times (x 70B)
Class org.jetbrains.plugins.gradle.tooling.serialization.RepositoriesModelSerializationService$ReadContext: loaded 9 times (x 72B)
Class io.opentelemetry.api.internal.AutoValue_ImmutableSpanContext                    : loaded 9 times (x 92B)
Class com.intellij.gradle.toolingExtension.util.GradleVersionSpecificsUtil            : loaded 9 times (x 71B)
Class io.opentelemetry.context.ContextStorage                                         : loaded 9 times (x 70B)
Class org.jetbrains.kotlin.idea.gradleTooling.AndroidAwareGradleModelProvider$Companion: loaded 9 times (x 71B)
Class com.intellij.gradle.toolingExtension.impl.model.utilDummyModel.DummyModel       : loaded 9 times (x 70B)
Class org.jetbrains.plugins.gradle.tooling.serialization.internal.IdeaProjectSerializationService$WriteContext$5: loaded 9 times (x 83B)
Class com.intellij.gradle.toolingExtension.impl.model.sourceSetDependencyModel.GradleSourceSetDependencySerialisationService$SourceSetDependencyModelWriteContext: loaded 9 times (x 72B)
Class io.opentelemetry.api.DefaultOpenTelemetry                                       : loaded 9 times (x 89B)
Class com.intellij.gradle.toolingExtension.util.GradleVersionUtil                     : loaded 9 times (x 71B)
Class io.opentelemetry.api.GlobalOpenTelemetry                                        : loaded 9 times (x 71B)
Class com.intellij.util.containers.IntObjectHashMap$ArrayProducer                     : loaded 9 times (x 70B)
Class io.opentelemetry.api.trace.SpanBuilder                                          : loaded 9 times (x 70B)
Class org.jetbrains.plugins.gradle.model.FileCollectionDependency                     : loaded 9 times (x 70B)
Class org.jetbrains.plugins.gradle.tooling.serialization.internal.IdeaProjectSerializationService$WriteContext$6: loaded 9 times (x 83B)
Class org.jetbrains.plugins.gradle.tooling.util.IntObjectMap                          : loaded 9 times (x 73B)
Class com.intellij.gradle.toolingExtension.impl.model.buildScriptClasspathModel.GradleBuildScriptClasspathSerializationService: loaded 9 times (x 77B)
Class com.google.common.collect.Iterators$SingletonIterator                           : loaded 9 times (x 81B)
Class io.opentelemetry.api.trace.PropagatedSpan                                       : loaded 9 times (x 112B)
Class com.intellij.gradle.toolingExtension.impl.model.projectModel.GradleExternalProjectSerializationService: loaded 9 times (x 77B)
Class org.jetbrains.plugins.gradle.model.ExternalDependency                           : loaded 9 times (x 70B)
Class io.opentelemetry.api.trace.AutoValue_ArrayBasedTraceState                       : loaded 9 times (x 87B)
Class gnu.trove.TObjectHash                                                           : loaded 9 times (x 94B)
Class org.jetbrains.plugins.gradle.tooling.util.ObjectCollector$Processor             : loaded 9 times (x 70B)
Class org.jetbrains.plugins.gradle.model.IntelliJProjectSettings                      : loaded 9 times (x 70B)
Class org.jetbrains.plugins.gradle.tooling.serialization.RepositoriesModelSerializationService: loaded 9 times (x 82B)
Class com.intellij.gradle.toolingExtension.impl.util.collectionUtil.GradleCollections : loaded 9 times (x 71B)
Class org.jetbrains.plugins.gradle.tooling.util.ObjectCollector                       : loaded 9 times (x 72B)
Class org.jetbrains.plugins.gradle.model.RepositoryModels                             : loaded 9 times (x 70B)
Class io.opentelemetry.context.Scope                                                  : loaded 9 times (x 70B)
Class org.jetbrains.plugins.gradle.tooling.serialization.internal.IdeaProjectSerializationService$WriteContext$7: loaded 9 times (x 83B)
Class org.jetbrains.plugins.gradle.tooling.serialization.internal.IdeaProjectSerializationService$WriteContext$8: loaded 9 times (x 83B)
Class com.intellij.openapi.externalSystem.model.project.IExternalSystemSourceType     : loaded 9 times (x 70B)
Class io.opentelemetry.api.trace.TraceStateBuilder                                    : loaded 9 times (x 70B)
Class gnu.trove.TObjectIntProcedure                                                   : loaded 9 times (x 70B)
Class io.opentelemetry.context.ThreadLocalContextStorage$ScopeImpl                    : loaded 9 times (x 79B)
Class org.jetbrains.plugins.gradle.tooling.ModelBuilderService$Parameter              : loaded 9 times (x 70B)
Class io.opentelemetry.context.LazyStorage                                            : loaded 9 times (x 71B)
Class com.intellij.gradle.toolingExtension.impl.model.buildScriptClasspathModel.GradleBuildScriptClasspathSerializationService$ReadContext: loaded 9 times (x 72B)
Class org.jetbrains.plugins.gradle.tooling.serialization.AnnotationProcessingModelSerializationService$WriteContext: loaded 9 times (x 72B)
Class io.opentelemetry.api.trace.DefaultTracer$NoopSpanBuilder                        : loaded 9 times (x 91B)
Class org.jetbrains.plugins.gradle.tooling.serialization.internal.IdeaProjectSerializationService$ReadContext: loaded 9 times (x 72B)
Class com.intellij.gradle.toolingExtension.impl.model.sourceSetModel.GradleSourceSetSerialisationService$SourceSetModelWriteContext: loaded 9 times (x 72B)
Class io.opentelemetry.api.trace.SpanContext                                          : loaded 9 times (x 70B)
Class io.opentelemetry.api.internal.ImmutableSpanContext                              : loaded 9 times (x 91B)
Class com.intellij.openapi.externalSystem.model.project.dependencies.ProjectDependencies: loaded 9 times (x 70B)
Class io.opentelemetry.api.trace.TraceId                                              : loaded 9 times (x 71B)
Class org.jetbrains.plugins.gradle.tooling.serialization.internal.IdeaProjectSerializationService: loaded 9 times (x 77B)
Class com.intellij.gradle.toolingExtension.impl.model.utilTurnOffDefaultTasksModel.TurnOffDefaultTasks: loaded 9 times (x 70B)
Class org.jetbrains.plugins.gradle.tooling.serialization.ProjectDependenciesSerializationService$ReadContext: loaded 9 times (x 72B)
Class io.opentelemetry.context.propagation.TextMapGetter                              : loaded 9 times (x 70B)
Class org.jetbrains.plugins.gradle.model.ClasspathEntryModel                          : loaded 9 times (x 70B)
Class com.intellij.gradle.toolingExtension.impl.model.sourceSetModel.GradleSourceSetSerialisationService$SourceSetModelReadContext: loaded 9 times (x 72B)
Class org.jetbrains.plugins.gradle.tooling.serialization.SerializationService         : loaded 9 times (x 70B)
Class org.jetbrains.plugins.gradle.tooling.serialization.internal.adapter.Supplier    : loaded 9 times (x 70B)
Class org.jetbrains.kotlin.idea.gradleTooling.PrepareKotlinIdeImportTaskModel         : loaded 9 times (x 70B)
Class org.jetbrains.plugins.gradle.tooling.serialization.ExternalTestsSerializationService: loaded 9 times (x 77B)
Class com.intellij.gradle.toolingExtension.impl.model.sourceSetModel.GradleSourceSetSerialisationService: loaded 9 times (x 77B)
Class com.intellij.gradle.toolingExtension.impl.model.projectModel.GradleExternalProjectSerializationService$ReadContext: loaded 9 times (x 73B)
Class io.opentelemetry.api.trace.TraceState                                           : loaded 9 times (x 70B)
Class org.jetbrains.plugins.gradle.model.AnnotationProcessingConfig                   : loaded 9 times (x 70B)
Class io.opentelemetry.api.trace.TraceFlags                                           : loaded 9 times (x 70B)
Class com.intellij.gradle.toolingExtension.impl.model.dependencyModel.DependencyWriteContext: loaded 9 times (x 72B)
Class com.amazon.ion.IonReader                                                        : loaded 8 times (x 70B)
Class com.amazon.ion.IonSequence                                                      : loaded 8 times (x 70B)
Class com.amazon.ion.IonInt                                                           : loaded 8 times (x 70B)
Class com.amazon.ion.impl.lite.IonSystemLite                                          : loaded 8 times (x 275B)
Class com.amazon.ion.util.InputStreamInterceptor                                      : loaded 8 times (x 70B)
Class com.amazon.ion.impl.bin.IonRawBinaryWriter$PreallocationMode                    : loaded 8 times (x 82B)
Class com.amazon.ion.impl.bin._Private_IonRawWriter                                   : loaded 8 times (x 70B)
Class com.amazon.ion.system.IonReaderBuilder                                          : loaded 8 times (x 95B)
Class com.amazon.ion.impl.bin.IonManagedBinaryWriter$ImportedSymbolContext            : loaded 8 times (x 72B)
Class com.amazon.ion.IonSystem                                                        : loaded 8 times (x 70B)
Class com.amazon.ion.impl.bin.IonRawBinaryWriter$PreallocationMode$2                  : loaded 8 times (x 82B)
Class com.amazon.ion.impl.lite.IonIntLite                                             : loaded 8 times (x 190B)
Class com.amazon.ion.IonLob                                                           : loaded 8 times (x 70B)
Class com.amazon.ion.IonBlob                                                          : loaded 8 times (x 70B)
Class com.amazon.ion.impl._Private_IonReaderBuilder$TwoElementInputStream             : loaded 8 times (x 92B)
Class com.amazon.ion.IonList                                                          : loaded 8 times (x 70B)
Class com.amazon.ion.facet.Faceted                                                    : loaded 8 times (x 70B)
Class org.jetbrains.plugins.gradle.tooling.serialization.ToolingStreamApiUtils        : loaded 8 times (x 71B)
Class com.amazon.ion.impl.bin.IonRawBinaryWriter$PatchPoint                           : loaded 8 times (x 72B)
Class com.amazon.ion.system.IonWriterBuilder                                          : loaded 8 times (x 74B)
Class com.amazon.ion.util._Private_FastAppendable                                     : loaded 8 times (x 70B)
Class [Lcom.amazon.ion.impl.bin.IonRawBinaryWriter$PreallocationMode;                 : loaded 8 times (x 69B)
Class com.amazon.ion.impl.bin.utf8.Poolable                                           : loaded 8 times (x 79B)
Class com.amazon.ion.IonSymbol                                                        : loaded 8 times (x 70B)
Class com.amazon.ion.IonCatalog                                                       : loaded 8 times (x 70B)
Class com.amazon.ion.impl.LocalSymbolTable                                            : loaded 8 times (x 127B)
Class com.amazon.ion.system.IonSystemBuilder                                          : loaded 8 times (x 75B)
Class com.amazon.ion.impl._Private_IonWriterBase                                      : loaded 8 times (x 162B)
Class com.amazon.ion.impl.lite.IonBlobLite                                            : loaded 8 times (x 220B)
Class com.amazon.ion.impl._Private_IonContainer                                       : loaded 8 times (x 70B)
Class com.amazon.ion.impl.lite.IonSexpLite                                            : loaded 8 times (x 491B)
Class com.amazon.ion.IonClob                                                          : loaded 8 times (x 70B)
Class com.amazon.ion.impl.lite.IonListLite                                            : loaded 8 times (x 491B)
Class com.amazon.ion.IonFloat                                                         : loaded 8 times (x 70B)
Class com.amazon.ion.IonBufferConfiguration$OversizedSymbolTableHandler               : loaded 8 times (x 70B)
Class com.amazon.ion.impl.lite.IonContainerLite                                       : loaded 8 times (x 249B)
Class com.amazon.ion.IonBufferConfiguration                                           : loaded 8 times (x 72B)
Class org.gradle.api.GradleException                                                  : loaded 8 times (x 82B)
Class com.amazon.ion.impl._Private_IonReaderBuilder$Mutable                           : loaded 8 times (x 97B)
Class com.amazon.ion.impl.bin.IonManagedBinaryWriter                                  : loaded 8 times (x 165B)
Class com.amazon.ion.impl.bin.WriteBuffer                                             : loaded 8 times (x 78B)
Class com.amazon.ion.impl.bin.Symbols                                                 : loaded 8 times (x 71B)
Class [Lcom.amazon.ion.util.GzipStreamInterceptor;                                    : loaded 8 times (x 69B)
Class com.amazon.ion.impl.bin.IonManagedBinaryWriter$ImportedSymbolResolverMode$2     : loaded 8 times (x 80B)
Class [Lcom.amazon.ion.impl.bin.IonManagedBinaryWriter$SymbolState;                   : loaded 8 times (x 69B)
Class com.amazon.ion.impl.lite.ValueFactoryLite                                       : loaded 8 times (x 218B)
Class com.amazon.ion.impl.lite.IonLobLite                                             : loaded 8 times (x 185B)
Class com.amazon.ion.impl.lite.IonStructLite                                          : loaded 8 times (x 299B)
Class com.amazon.ion.impl._Private_ReaderWriter                                       : loaded 8 times (x 70B)
Class com.amazon.ion.impl.lite.IonTextLite                                            : loaded 8 times (x 182B)
Class com.amazon.ion.IonNumber                                                        : loaded 8 times (x 70B)
Class com.amazon.ion.impl.SharedSymbolTable                                           : loaded 8 times (x 93B)
Class com.amazon.ion.impl.bin.IonRawBinaryWriter                                      : loaded 8 times (x 168B)
Class com.amazon.ion.impl.bin.AbstractSymbolTable                                     : loaded 8 times (x 107B)
Class com.amazon.ion.SymbolToken                                                      : loaded 8 times (x 70B)
Class com.amazon.ion.impl.bin.AbstractIonWriter                                       : loaded 8 times (x 160B)
Class com.amazon.ion.impl.LocalSymbolTable$Factory                                    : loaded 8 times (x 77B)
Class com.amazon.ion.impl._Private_IonBinaryWriterBuilder$Mutable                     : loaded 8 times (x 115B)
Class [Lcom.amazon.ion.impl.bin.AbstractIonWriter$WriteValueOptimization;             : loaded 8 times (x 69B)
Class com.amazon.ion.impl.bin.IonManagedBinaryWriter$ImportedSymbolResolverMode       : loaded 8 times (x 80B)
Class com.amazon.ion.impl.LocalSymbolTableAsStruct                                    : loaded 8 times (x 132B)
Class com.amazon.ion.impl.lite.IonTimestampLite                                       : loaded 8 times (x 193B)
Class com.amazon.ion.IonType                                                          : loaded 8 times (x 79B)
Class com.amazon.ion.impl.lite._Private_LiteDomTrampoline                             : loaded 8 times (x 71B)
Class com.amazon.ion.impl.bin.IntList                                                 : loaded 8 times (x 77B)
Class com.amazon.ion.impl.bin.IonManagedBinaryWriter$ImportedSymbolResolverMode$1     : loaded 8 times (x 80B)
Class com.amazon.ion.impl.bin._Private_IonManagedWriter                               : loaded 8 times (x 70B)
Class com.amazon.ion.impl.lite.IonSymbolLite                                          : loaded 8 times (x 247B)
Class [Lcom.amazon.ion.impl.bin.IonRawBinaryWriter$StreamCloseMode;                   : loaded 8 times (x 69B)
Class com.amazon.ion.Decimal                                                          : loaded 8 times (x 133B)
Class com.amazon.ion.impl.bin._Private_IonManagedBinaryWriterBuilder$AllocatorMode$1  : loaded 8 times (x 80B)
Class com.amazon.ion.BufferConfiguration$Builder                                      : loaded 8 times (x 78B)
Class [Lcom.amazon.ion.impl.bin.IonManagedBinaryWriter$UserState;                     : loaded 8 times (x 69B)
Class com.amazon.ion.impl.bin.utf8.Utf8StringEncoder                                  : loaded 8 times (x 80B)
Class com.amazon.ion.IonBool                                                          : loaded 8 times (x 70B)
Class com.amazon.ion.impl.bin.Symbols$2                                               : loaded 8 times (x 107B)
Class org.gradle.internal.IoActions                                                   : loaded 8 times (x 71B)
Class com.amazon.ion.impl.IonWriterSystem                                             : loaded 8 times (x 171B)
Class com.amazon.ion.IonString                                                        : loaded 8 times (x 70B)
Class com.amazon.ion.impl.lite.ContainerlessContext                                   : loaded 8 times (x 80B)
Class com.amazon.ion.impl.bin.IonRawBinaryWriter$StreamCloseMode                      : loaded 8 times (x 79B)
Class com.amazon.ion.impl.lite.IonBoolLite                                            : loaded 8 times (x 179B)
Class com.amazon.ion.impl.bin.IonManagedBinaryWriter$UserState                        : loaded 8 times (x 85B)
Class com.amazon.ion.impl.bin._Private_IonManagedBinaryWriterBuilder$AllocatorMode    : loaded 8 times (x 80B)
Class org.jetbrains.kotlin.idea.gradleTooling.KotlinGradlePluginVersion               : loaded 8 times (x 70B)
Class com.amazon.ion.impl._Private_SymbolToken                                        : loaded 8 times (x 70B)
Class com.amazon.ion.impl.bin.IonManagedBinaryWriter$SymbolResolver                   : loaded 8 times (x 70B)
Class com.amazon.ion.impl._Private_IonWriter                                          : loaded 8 times (x 70B)
Class com.amazon.ion.impl.bin._Private_IonManagedBinaryWriterBuilder                  : loaded 8 times (x 72B)
Class com.intellij.openapi.externalSystem.model.ExternalSystemException               : loaded 8 times (x 86B)
Class com.android.ide.gradle.model.dependencies.Coordinates                           : loaded 8 times (x 70B)
Class com.amazon.ion.impl.SymbolTableAsStruct                                         : loaded 8 times (x 70B)
Class com.amazon.ion.impl.lite.IonFloatLite                                           : loaded 8 times (x 187B)
Class com.amazon.ion.impl._Private_Utils$1                                            : loaded 8 times (x 98B)
Class com.amazon.ion.impl._Private_IonTextWriterBuilder                               : loaded 8 times (x 102B)
Class com.amazon.ion.SymbolTable                                                      : loaded 8 times (x 70B)
Class com.amazon.ion.impl.bin.IonManagedBinaryWriter$ImportDescriptor                 : loaded 8 times (x 76B)
Class com.amazon.ion.BufferConfiguration                                              : loaded 8 times (x 72B)
Class com.intellij.util.ThrowableConsumer                                             : loaded 8 times (x 70B)
Class com.amazon.ion.system.SimpleCatalog                                             : loaded 8 times (x 91B)
Class com.amazon.ion.impl.bin.PooledBlockAllocatorProvider                            : loaded 8 times (x 73B)
Class com.amazon.ion.IonContainer                                                     : loaded 8 times (x 70B)
Class com.amazon.ion.impl.lite.IonValueLite                                           : loaded 8 times (x 148B)
Class org.jetbrains.kotlin.idea.gradleTooling.model.kapt.KaptGradleModel              : loaded 8 times (x 70B)
Class com.amazon.ion.impl._Private_IonSymbol                                          : loaded 8 times (x 70B)
Class com.amazon.ion.impl.bin._Private_IonManagedBinaryWriterBuilder$AllocatorMode$2  : loaded 8 times (x 80B)
Class com.amazon.ion.impl.lite.IonSequenceLite                                        : loaded 8 times (x 433B)
Class com.amazon.ion.ValueFactory                                                     : loaded 8 times (x 70B)
Class [Lcom.amazon.ion.impl.bin.IonManagedBinaryWriter$ImportedSymbolResolverMode;    : loaded 8 times (x 69B)
Class com.amazon.ion.system.IonBinaryWriterBuilder                                    : loaded 8 times (x 99B)
Class [Lcom.amazon.ion.SymbolToken;                                                   : loaded 8 times (x 69B)
Class com.amazon.ion.impl.bin.utf8.Pool                                               : loaded 8 times (x 74B)
Class com.amazon.ion.IonLoader                                                        : loaded 8 times (x 70B)
Class com.amazon.ion.impl.IonWriterSystemText                                         : loaded 8 times (x 190B)
Class com.amazon.ion.impl.bin.IonManagedBinaryWriter$UserState$4                      : loaded 8 times (x 85B)
Class [Lcom.amazon.ion.impl.bin.IonRawBinaryWriter$StreamFlushMode;                   : loaded 8 times (x 69B)
Class gnu.trove.PrimeFinder                                                           : loaded 8 times (x 71B)
Class com.amazon.ion.UnexpectedEofException                                           : loaded 8 times (x 84B)
Class com.amazon.ion.SubstituteSymbolTableException                                   : loaded 8 times (x 84B)
Class com.amazon.ion.impl.SymbolTokenImpl                                             : loaded 8 times (x 81B)
Class com.amazon.ion.IonTimestamp                                                     : loaded 8 times (x 70B)
Class com.amazon.ion.impl.bin.PooledBlockAllocatorProvider$PooledBlockAllocator       : loaded 8 times (x 81B)
Class com.amazon.ion.IonSexp                                                          : loaded 8 times (x 70B)
Class com.amazon.ion.ReadOnlyValueException                                           : loaded 8 times (x 84B)
Class com.amazon.ion.impl._Private_LocalSymbolTable                                   : loaded 8 times (x 70B)
Class com.amazon.ion.BufferConfiguration$DataHandler                                  : loaded 8 times (x 70B)
Class com.amazon.ion.IonText                                                          : loaded 8 times (x 70B)
Class com.amazon.ion.UnsupportedIonVersionException                                   : loaded 8 times (x 85B)
Class com.amazon.ion.impl.lite.IonContext                                             : loaded 8 times (x 70B)
Class [Lcom.amazon.ion.impl.bin._Private_IonManagedBinaryWriterBuilder$AllocatorMode; : loaded 8 times (x 69B)
Class com.amazon.ion.impl.bin.BlockAllocatorProvider                                  : loaded 8 times (x 72B)
Class com.amazon.ion.impl.bin.IonManagedBinaryWriter$SymbolState                      : loaded 8 times (x 80B)
Class com.amazon.ion.IonStruct                                                        : loaded 8 times (x 70B)
Class com.amazon.ion.impl.bin.utf8.Pool$Allocator                                     : loaded 8 times (x 70B)
Class com.amazon.ion.impl.bin.utf8.Utf8StringEncoder$Result                           : loaded 8 times (x 74B)
Class [Lcom.amazon.ion.util.InputStreamInterceptor;                                   : loaded 8 times (x 69B)
Class com.amazon.ion.impl.bin.IonManagedBinaryWriter$SymbolState$4                    : loaded 8 times (x 80B)
Class com.amazon.ion.impl.bin.IonRawBinaryWriter$PreallocationMode$1                  : loaded 8 times (x 82B)
Class com.amazon.ion.IonDecimal                                                       : loaded 8 times (x 70B)
Class com.amazon.ion.impl._Private_ValueFactory                                       : loaded 8 times (x 70B)
Class com.amazon.ion.IonException                                                     : loaded 8 times (x 84B)
Class com.amazon.ion.IonBinaryWriter                                                  : loaded 8 times (x 70B)
Class com.amazon.ion.util.GzipStreamInterceptor                                       : loaded 8 times (x 85B)
Class com.amazon.ion.IonDatagram                                                      : loaded 8 times (x 70B)
Class com.amazon.ion.impl.bin.IonManagedBinaryWriter$ImportedSymbolResolverMode$1$1   : loaded 8 times (x 78B)
Class com.amazon.ion.impl._Private_ByteTransferSink                                   : loaded 8 times (x 70B)
Class com.amazon.ion.impl.bin.IonRawBinaryWriter$StreamFlushMode                      : loaded 8 times (x 79B)
Class com.amazon.ion.impl.bin.IonManagedBinaryWriter$UserState$3                      : loaded 8 times (x 85B)
Class com.amazon.ion.impl.bin.IonRawBinaryWriter$PreallocationMode$3                  : loaded 8 times (x 82B)
Class com.amazon.ion.impl._Private_IonBinaryWriterBuilder                             : loaded 8 times (x 115B)
Class com.amazon.ion.BufferConfiguration$OversizedValueHandler                        : loaded 8 times (x 70B)
Class com.amazon.ion.impl.bin.IonManagedBinaryWriter$SymbolState$3                    : loaded 8 times (x 80B)
Class com.amazon.ion.impl.bin.IonRawBinaryWriter$ContainerInfo                        : loaded 8 times (x 74B)
Class com.amazon.ion.impl._Private_IonSystem                                          : loaded 8 times (x 70B)
Class com.amazon.ion.system.IonSystemBuilder$Mutable                                  : loaded 8 times (x 75B)
Class com.amazon.ion.impl.bin.IonManagedBinaryWriter$SymbolResolverBuilder            : loaded 8 times (x 70B)
Class com.amazon.ion.impl.lite.IonClobLite                                            : loaded 8 times (x 221B)
Class com.android.ide.gradle.model.GradlePluginModel                                  : loaded 8 times (x 70B)
Class com.amazon.ion.impl.lite.IonLoaderLite                                          : loaded 8 times (x 82B)
Class com.amazon.ion.IonNull                                                          : loaded 8 times (x 70B)
Class com.amazon.ion.impl._Private_IonReaderBuilder                                   : loaded 8 times (x 97B)
Class com.amazon.ion.impl.bin.IonManagedBinaryWriter$SymbolState$2                    : loaded 8 times (x 80B)
Class com.amazon.ion.IonMutableCatalog                                                : loaded 8 times (x 70B)
Class com.amazon.ion.impl.bin.utf8.Utf8StringEncoderPool$1                            : loaded 8 times (x 76B)
Class [Lcom.amazon.ion.impl.bin.IonRawBinaryWriter$ContainerType;                     : loaded 8 times (x 69B)
Class com.amazon.ion.impl.bin.AbstractIonWriter$WriteValueOptimization                : loaded 8 times (x 79B)
Class com.amazon.ion.impl._Private_Utils                                              : loaded 8 times (x 71B)
Class com.amazon.ion.impl.IonWriterSystemTextMarkup                                   : loaded 8 times (x 192B)
Class com.amazon.ion.impl._Private_IonTextWriterBuilder$Mutable                       : loaded 8 times (x 102B)
Class com.amazon.ion.impl.bin.IonRawBinaryWriter$ContainerType                        : loaded 8 times (x 79B)
Class com.amazon.ion.impl.bin.BlockAllocator                                          : loaded 8 times (x 80B)
Class com.amazon.ion.system.IonTextWriterBuilder                                      : loaded 8 times (x 98B)
Class com.amazon.ion.impl.bin.IonManagedBinaryWriter$ImportedSymbolResolverMode$1$1$1 : loaded 8 times (x 76B)
Class com.amazon.ion.impl._Private_LocalSymbolTableFactory                            : loaded 8 times (x 70B)
Class org.gradle.api.Action                                                           : loaded 8 times (x 70B)
Class [Lcom.amazon.ion.IonType;                                                       : loaded 8 times (x 69B)
Class com.amazon.ion.impl.LocalSymbolTableAsStruct$Factory                            : loaded 8 times (x 79B)
Class com.amazon.ion.impl.bin.IonManagedBinaryWriter$SymbolState$1                    : loaded 8 times (x 80B)
Class com.amazon.ion.impl._Private_IonValue                                           : loaded 8 times (x 70B)
Class com.amazon.ion.impl.bin.IonManagedBinaryWriter$UserState$2                      : loaded 8 times (x 85B)
Class com.amazon.ion.impl.bin.utf8.Utf8StringEncoderPool                              : loaded 8 times (x 74B)
Class com.amazon.ion.impl.bin.IonManagedBinaryWriter$LocalSymbolTableView             : loaded 8 times (x 119B)
Class com.amazon.ion.impl.bin.IonRawBinaryWriter$ThrowingRunnable                     : loaded 8 times (x 70B)
Class com.amazon.ion.system.IonWriterBuilderBase                                      : loaded 8 times (x 83B)
Class com.amazon.ion.impl.bin.Block                                                   : loaded 8 times (x 79B)
Class com.amazon.ion.impl.lite.IonStringLite                                          : loaded 8 times (x 213B)
Class org.gradle.internal.Cast                                                        : loaded 8 times (x 71B)
Class com.amazon.ion.IonBufferConfiguration$Builder                                   : loaded 8 times (x 78B)
Class com.amazon.ion.impl.lite.IonDecimalLite                                         : loaded 8 times (x 189B)
Class com.amazon.ion.IonValue                                                         : loaded 8 times (x 70B)
Class com.amazon.ion.impl.BlockedBuffer$BufferedOutputStream                          : loaded 8 times (x 90B)
Class com.amazon.ion.impl.bin.IonBinaryWriterAdapter$Factory                          : loaded 8 times (x 70B)
Class com.amazon.ion.UnknownSymbolException                                           : loaded 8 times (x 86B)
Class [Lcom.amazon.ion.SymbolTable;                                                   : loaded 8 times (x 69B)
Class com.amazon.ion.impl.lite.IonNullLite                                            : loaded 8 times (x 176B)
Class com.android.ide.gradle.model.dependencies.DeclaredDependencies                  : loaded 8 times (x 70B)
Class com.amazon.ion.IonWriter                                                        : loaded 8 times (x 70B)
Class com.amazon.ion.impl.bin.IonManagedBinaryWriter$UserState$1                      : loaded 8 times (x 85B)
Class com.amazon.ion.impl.bin.PooledBlockAllocatorProvider$PooledBlockAllocator$1     : loaded 8 times (x 79B)
Class kotlin.collections.CollectionsKt__IterablesKt                                   : loaded 7 times (x 71B)
Class org.gradle.tooling.model.ProjectModel                                           : loaded 7 times (x 70B)
Class org.gradle.tooling.internal.adapter.ProtocolToModelAdapter$MethodInvocationCache: loaded 7 times (x 73B)
Class com.google.common.collect.ImmutableCollection$Builder                           : loaded 7 times (x 76B)
Class com.google.common.collect.ImmutableRangeSet$AsSet                               : loaded 7 times (x 300B)
Class kotlin.enums.EnumEntriesList                                                    : loaded 7 times (x 223B)
Class kotlin.jvm.internal.FunctionBase                                                : loaded 7 times (x 70B)
Class com.android.ide.gradle.model.composites.BuildMap                                : loaded 7 times (x 70B)
Class com.google.common.collect.SingletonImmutableSet                                 : loaded 7 times (x 146B)
Class kotlin.UninitializedPropertyAccessException                                     : loaded 7 times (x 82B)
Class kotlin.Metadata                                                                 : loaded 7 times (x 70B)
Class [Lkotlin.coroutines.intrinsics.CoroutineSingletons;                             : loaded 7 times (x 69B)
Class org.gradle.tooling.model.Model                                                  : loaded 7 times (x 70B)
Class org.gradle.internal.time.Timer                                                  : loaded 7 times (x 70B)
Class kotlin.jvm.internal.markers.KMappedMarker                                       : loaded 7 times (x 70B)
Class com.google.common.collect.SortedIterable                                        : loaded 7 times (x 70B)
Class kotlin.jvm.internal.Intrinsics                                                  : loaded 7 times (x 71B)
Class org.gradle.internal.time.CountdownTimer                                         : loaded 7 times (x 70B)
Class org.jetbrains.plugins.gradle.model.GradleExtension                              : loaded 7 times (x 70B)
Class org.gradle.internal.exceptions.MultiCauseException                              : loaded 7 times (x 70B)
Class org.gradle.tooling.internal.adapter.ObjectGraphAdapter                          : loaded 7 times (x 70B)
Class kotlin.coroutines.intrinsics.IntrinsicsKt                                       : loaded 7 times (x 71B)
Class kotlin.jvm.internal.markers.KMutableCollection                                  : loaded 7 times (x 70B)
Class org.gradle.tooling.internal.adapter.ProtocolToModelAdapter$ViewGraphDetails     : loaded 7 times (x 72B)
Class kotlin.coroutines.intrinsics.IntrinsicsKt__IntrinsicsKt                         : loaded 7 times (x 71B)
Class kotlin.collections.CollectionsKt__IteratorsJVMKt                                : loaded 7 times (x 71B)
Class com.google.common.base.CharMatcher$ForPredicate                                 : loaded 7 times (x 113B)
Class com.android.ide.gradle.model.LegacyAndroidGradlePluginPropertiesModelParameters : loaded 7 times (x 70B)
Class com.google.common.collect.ImmutableRangeSet$ComplementRanges                    : loaded 7 times (x 207B)
Class com.google.common.collect.ImmutableSet$RegularSetBuilderImpl                    : loaded 7 times (x 77B)
Class kotlin.collections.CollectionsKt__CollectionsKt                                 : loaded 7 times (x 71B)
Class kotlin.sequences.SequenceBuilderIterator                                        : loaded 7 times (x 85B)
Class com.google.common.base.Joiner                                                   : loaded 7 times (x 80B)
Class kotlin.KotlinNullPointerException                                               : loaded 7 times (x 83B)
Class com.google.common.collect.ImmutableList$ReverseImmutableList                    : loaded 7 times (x 207B)
Class kotlin.collections.ArrayDeque                                                   : loaded 7 times (x 207B)
Class org.gradle.tooling.model.build.JavaEnvironment                                  : loaded 7 times (x 70B)
Class kotlin.collections.ArraysKt___ArraysJvmKt                                       : loaded 7 times (x 71B)
Class org.gradle.tooling.model.idea.IdeaProject                                       : loaded 7 times (x 70B)
Class org.gradle.tooling.model.DomainObjectSet                                        : loaded 7 times (x 70B)
Class org.jetbrains.plugins.gradle.model.GradleConfiguration                          : loaded 7 times (x 70B)
Class kotlin.collections.CollectionsKt__CollectionsJVMKt                              : loaded 7 times (x 71B)
Class Program                                                                         : loaded 7 times (x 72B)
Class com.google.common.base.CharMatcher$AnyOf                                        : loaded 7 times (x 113B)
Class org.gradle.tooling.model.Dependency                                             : loaded 7 times (x 70B)
Class kotlin.sequences.SequencesKt                                                    : loaded 7 times (x 71B)
Class kotlin.collections.CollectionsKt__IteratorsKt                                   : loaded 7 times (x 71B)
Class com.google.common.collect.ImmutableSet$CachingAsList                            : loaded 7 times (x 148B)
Class kotlin.Result                                                                   : loaded 7 times (x 72B)
Class com.google.common.collect.SingletonImmutableList                                : loaded 7 times (x 207B)
Class kotlin.collections.SetsKt                                                       : loaded 7 times (x 71B)
Class kotlin.coroutines.jvm.internal.SuspendFunction                                  : loaded 7 times (x 70B)
Class org.gradle.util.GradleVersion                                                   : loaded 7 times (x 81B)
Class com.google.common.collect.ImmutableAsList                                       : loaded 7 times (x 209B)
Class com.google.common.collect.ImmutableSet$SetBuilderImpl                           : loaded 7 times (x 76B)
Class org.gradle.tooling.internal.adapter.ProtocolToModelAdapter$SafeMethodInvoker    : loaded 7 times (x 76B)
Class org.gradle.tooling.internal.adapter.WeakIdentityHashMap$WeakKey                 : loaded 7 times (x 79B)
Class org.gradle.internal.exceptions.DefaultMultiCauseException                       : loaded 7 times (x 95B)
Class com.google.common.collect.NullnessCasts                                         : loaded 7 times (x 71B)
Class kotlin.coroutines.jvm.internal.RestrictedContinuationImpl                       : loaded 7 times (x 87B)
Class org.jetbrains.kotlin.tooling.core.HasMutableExtras                              : loaded 7 times (x 70B)
Class kotlin.enums.EnumEntriesKt                                                      : loaded 7 times (x 71B)
Class kotlin.jvm.internal.markers.KMutableList                                        : loaded 7 times (x 70B)
Class com.google.common.base.CharMatcher$Negated                                      : loaded 7 times (x 114B)
Class com.google.common.base.CharMatcher$Is                                           : loaded 7 times (x 112B)
Class kotlin.coroutines.intrinsics.IntrinsicsKt__IntrinsicsJvmKt                      : loaded 7 times (x 71B)
Class kotlin.coroutines.jvm.internal.CoroutineStackFrame                              : loaded 7 times (x 70B)
Class org.gradle.tooling.internal.adapter.ProtocolToModelAdapter$MethodInvocationCache$MethodInvocationKey: loaded 7 times (x 73B)
Class org.gradle.internal.time.MonotonicClock                                         : loaded 7 times (x 77B)
Class kotlin.collections.CollectionsKt__MutableCollectionsJVMKt                       : loaded 7 times (x 71B)
Class com.google.common.collect.Lists$ReverseList                                     : loaded 7 times (x 200B)
Class com.google.common.collect.ImmutableSortedSet                                    : loaded 7 times (x 300B)
Class org.gradle.tooling.ToolingModelContract                                         : loaded 7 times (x 70B)
Class org.gradle.tooling.internal.adapter.ProtocolToModelAdapter$SupportedPropertyInvoker: loaded 7 times (x 76B)
Class org.gradle.tooling.model.UnsupportedMethodException                             : loaded 7 times (x 82B)
Class kotlin.sequences.Sequence                                                       : loaded 7 times (x 70B)
Class kotlin.sequences.SequenceScope                                                  : loaded 7 times (x 73B)
Class com.android.ide.gradle.model.GradlePropertiesModel                              : loaded 7 times (x 70B)
Class com.google.common.base.CharMatcher$IsNot                                        : loaded 7 times (x 112B)
Class org.gradle.tooling.internal.adapter.ProtocolToModelAdapter$ReflectionMethodInvoker: loaded 7 times (x 76B)
Class com.google.common.collect.ForwardingObject                                      : loaded 7 times (x 72B)
Class kotlin.collections.ArrayDeque$Companion                                         : loaded 7 times (x 71B)
Class kotlin.collections.ArraysKt                                                     : loaded 7 times (x 71B)
Class com.google.common.base.CharMatcher$InRange                                      : loaded 7 times (x 112B)
Class org.gradle.tooling.model.HierarchicalElement                                    : loaded 7 times (x 70B)
Class com.android.ide.gradle.model.artifacts.AdditionalClassifierArtifactsModel       : loaded 7 times (x 70B)
Class org.gradle.tooling.internal.gradle.GradleProjectIdentity                        : loaded 7 times (x 70B)
Class com.google.common.collect.ImmutableList$SubList                                 : loaded 7 times (x 207B)
Class com.google.common.collect.RegularImmutableSortedSet                             : loaded 7 times (x 300B)
Class org.gradle.internal.time.TimeSource                                             : loaded 7 times (x 70B)
Class org.gradle.tooling.model.kotlin.dsl.KotlinDslScriptsModel                       : loaded 7 times (x 70B)
Class kotlin.collections.ArraysKt___ArraysKt                                          : loaded 7 times (x 71B)
Class com.google.common.collect.ImmutableRangeSet                                     : loaded 7 times (x 115B)
Class org.gradle.tooling.internal.gradle.GradleBuildIdentity                          : loaded 7 times (x 70B)
Class kotlin.enums.EnumEntries                                                        : loaded 7 times (x 70B)
Class com.google.common.base.Function                                                 : loaded 7 times (x 70B)
Class kotlin.collections.CollectionsKt__MutableCollectionsKt                          : loaded 7 times (x 71B)
Class org.gradle.tooling.internal.adapter.ProtocolToModelAdapter$MixInMappingAction   : loaded 7 times (x 80B)
Class com.google.common.collect.ImmutableList$Builder                                 : loaded 7 times (x 77B)
Class org.gradle.internal.exceptions.ResolutionProvider                               : loaded 7 times (x 70B)
Class org.gradle.tooling.internal.gradle.DefaultProjectIdentifier                     : loaded 7 times (x 86B)
Class com.google.common.collect.RegularImmutableList                                  : loaded 7 times (x 207B)
Class kotlin.collections.CollectionsKt                                                : loaded 7 times (x 71B)
Class org.gradle.tooling.model.ProjectIdentifier                                      : loaded 7 times (x 70B)
Class kotlin.annotation.Retention                                                     : loaded 7 times (x 70B)
Class org.jetbrains.kotlin.tooling.core.HasExtras                                     : loaded 7 times (x 70B)
Class org.jetbrains.kotlin.idea.projectModel.KotlinTaskProperties                     : loaded 7 times (x 70B)
Class kotlin.collections.SetsKt__SetsKt                                               : loaded 7 times (x 71B)
Class org.gradle.internal.time.TimeSource$1                                           : loaded 7 times (x 77B)
Class kotlin.jvm.internal.DefaultConstructorMarker                                    : loaded 7 times (x 71B)
Class org.gradle.tooling.internal.adapter.ViewBuilder                                 : loaded 7 times (x 70B)
Class org.gradle.tooling.model.idea.IdeaModuleDependency                              : loaded 7 times (x 70B)
Class org.gradle.internal.exceptions.NonGradleCauseExceptionsHolder                   : loaded 7 times (x 70B)
Class kotlin.coroutines.CoroutineContext                                              : loaded 7 times (x 70B)
Class kotlin.coroutines.jvm.internal.DebugProbesKt                                    : loaded 7 times (x 71B)
Class kotlin.collections.AbstractList$Companion                                       : loaded 7 times (x 71B)
Class kotlin.coroutines.EmptyCoroutineContext                                         : loaded 7 times (x 77B)
Class org.gradle.internal.time.Time                                                   : loaded 7 times (x 71B)
Class kotlin.collections.CollectionsKt___CollectionsKt                                : loaded 7 times (x 71B)
Class kotlin.sequences.SequencesKt___SequencesKt                                      : loaded 7 times (x 71B)
Class kotlin.annotation.Target                                                        : loaded 7 times (x 70B)
Class com.google.common.base.CharMatcher                                              : loaded 7 times (x 112B)
Class com.google.common.collect.RegularImmutableAsList                                : loaded 7 times (x 217B)
Class com.google.common.collect.ImmutableRangeSet$1                                   : loaded 7 times (x 210B)
Class org.gradle.tooling.internal.gradle.DefaultBuildIdentifier                       : loaded 7 times (x 79B)
Class org.gradle.tooling.internal.adapter.ProtocolToModelAdapter$AdaptingMethodInvoker: loaded 7 times (x 76B)
Class kotlin.Function                                                                 : loaded 7 times (x 70B)
Class kotlin.collections.SetsKt__SetsJVMKt                                            : loaded 7 times (x 71B)
Class org.gradle.tooling.internal.adapter.WeakIdentityHashMap                         : loaded 7 times (x 76B)
Class org.gradle.tooling.GradleConnectionException                                    : loaded 7 times (x 83B)
Class org.gradle.tooling.internal.adapter.ProtocolToModelAdapter$1                    : loaded 7 times (x 75B)
Class org.gradle.tooling.internal.adapter.ProtocolToModelAdapter$ViewDecoration       : loaded 7 times (x 70B)
Class com.google.common.collect.RegularImmutableSet                                   : loaded 7 times (x 149B)
Class org.gradle.internal.time.Clock                                                  : loaded 7 times (x 70B)
Class com.google.common.collect.AbstractRangeSet                                      : loaded 7 times (x 114B)
Class org.gradle.tooling.internal.adapter.MethodInvoker                               : loaded 7 times (x 70B)
Class kotlin.sequences.SequencesKt__SequencesJVMKt                                    : loaded 7 times (x 71B)
Class kotlin.coroutines.jvm.internal.RestrictedSuspendLambda                          : loaded 7 times (x 91B)
Class org.gradle.tooling.internal.adapter.TypeInspector                               : loaded 7 times (x 73B)
Class org.gradle.tooling.internal.adapter.ProtocolToModelAdapter$NoOpDecoration       : loaded 7 times (x 79B)
Class org.gradle.tooling.model.Element                                                : loaded 7 times (x 70B)
Class org.gradle.tooling.model.kotlin.dsl.KotlinDslScriptModel                        : loaded 7 times (x 70B)
Class org.gradle.tooling.internal.adapter.CollectionMapper                            : loaded 7 times (x 73B)
Class kotlin.collections.AbstractList                                                 : loaded 7 times (x 197B)
Class kotlin.collections.AbstractCollection                                           : loaded 7 times (x 117B)
Class com.google.common.collect.Range                                                 : loaded 7 times (x 86B)
Class com.google.common.base.CharMatcher$NegatedFastMatcher                           : loaded 7 times (x 114B)
Class com.google.common.base.Joiner$1                                                 : loaded 7 times (x 81B)
Class org.gradle.tooling.internal.adapter.WeakIdentityHashMap$AbsentValueProvider     : loaded 7 times (x 70B)
Class kotlin.NoWhenBranchMatchedException                                             : loaded 7 times (x 82B)
Class org.gradle.internal.operations.MultipleBuildOperationFailures                   : loaded 7 times (x 95B)
Class org.gradle.tooling.internal.adapter.MethodInvocation                            : loaded 7 times (x 85B)
Class kotlin.sequences.SequencesKt__SequenceBuilderKt$sequence$$inlined$Sequence$1    : loaded 7 times (x 75B)
Class kotlin.Triple                                                                   : loaded 7 times (x 72B)
Class org.jetbrains.kotlin.tooling.core.Extras                                        : loaded 7 times (x 70B)
Class org.gradle.internal.time.DefaultCountdownTimer                                  : loaded 7 times (x 88B)
Class kotlin.Result$Failure                                                           : loaded 7 times (x 72B)
Class kotlin.collections.ArraysKt__ArraysKt                                           : loaded 7 times (x 71B)
Class com.google.common.collect.Lists$ReverseList$1                                   : loaded 7 times (x 99B)
Class com.google.common.collect.ImmutableRangeSet$Builder                             : loaded 7 times (x 77B)
Class com.android.ide.gradle.model.LegacyV1AgpVersionModel                            : loaded 7 times (x 70B)
Class org.gradle.tooling.model.BuildIdentifier                                        : loaded 7 times (x 70B)
Class com.google.common.base.Predicate                                                : loaded 7 times (x 70B)
Class org.gradle.tooling.internal.adapter.TargetTypeProvider                          : loaded 7 times (x 70B)
Class org.gradle.tooling.model.internal.ImmutableDomainObjectSet                      : loaded 7 times (x 155B)
Class kotlin.jvm.functions.Function2                                                  : loaded 7 times (x 70B)
Class kotlin.collections.SetsKt___SetsKt                                              : loaded 7 times (x 71B)
Class com.google.common.collect.ImmutableList$1                                       : loaded 7 times (x 97B)
Class kotlin.sequences.SequencesKt__SequencesKt                                       : loaded 7 times (x 71B)
Class kotlin.coroutines.Continuation                                                  : loaded 7 times (x 70B)
Class org.gradle.tooling.internal.adapter.ProtocolToModelAdapter$InvocationHandlerImpl: loaded 7 times (x 77B)
Class org.gradle.tooling.model.build.GradleEnvironment                                : loaded 7 times (x 70B)
Class kotlin.coroutines.jvm.internal.BaseContinuationImpl                             : loaded 7 times (x 87B)
Class kotlin.Result$Companion                                                         : loaded 7 times (x 71B)
Class org.gradle.util.internal.DefaultGradleVersion                                   : loaded 7 times (x 82B)
Class com.google.common.base.CharMatcher$FastMatcher                                  : loaded 7 times (x 112B)
Class com.google.common.base.CharMatcher$BitSetMatcher                                : loaded 7 times (x 113B)
Class com.google.common.collect.ImmutableSet                                          : loaded 7 times (x 145B)
Class kotlin.jvm.functions.Function1                                                  : loaded 7 times (x 70B)
Class kotlin.collections.AbstractMutableList                                          : loaded 7 times (x 206B)
Class org.gradle.tooling.internal.adapter.ProtocolToModelAdapter                      : loaded 7 times (x 80B)
Class com.google.common.base.CharMatcher$IsEither                                     : loaded 7 times (x 112B)
Class kotlin.collections.CollectionsKt__ReversedViewsKt                               : loaded 7 times (x 71B)
Class kotlin.sequences.SequencesKt__SequenceBuilderKt                                 : loaded 7 times (x 71B)
Class kotlin.collections.CollectionsKt___CollectionsJvmKt                             : loaded 7 times (x 71B)
Class org.gradle.tooling.model.idea.IdeaDependency                                    : loaded 7 times (x 70B)
Class kotlin.collections.ArraysKt__ArraysJVMKt                                        : loaded 7 times (x 71B)
Class com.google.common.collect.RangeSet                                              : loaded 7 times (x 70B)
Class org.gradle.tooling.internal.adapter.ProtocolToModelAdapter$PropertyCachingMethodInvoker: loaded 7 times (x 76B)
Class kotlin.ResultKt                                                                 : loaded 7 times (x 71B)
Class com.google.common.collect.Lists$RandomAccessReverseList                         : loaded 7 times (x 200B)
Class com.android.ide.gradle.model.LegacyAndroidGradlePluginProperties                : loaded 7 times (x 70B)
Class kotlin.jvm.internal.markers.KMutableIterable                                    : loaded 7 times (x 70B)
Class kotlin.Unit                                                                     : loaded 7 times (x 71B)
Class kotlin.sequences.SequencesKt___SequencesJvmKt                                   : loaded 7 times (x 71B)
Class kotlin.collections.EmptyList                                                    : loaded 7 times (x 174B)
Class com.google.common.base.CharMatcher$NamedFastMatcher                             : loaded 7 times (x 113B)
Class org.gradle.internal.time.DefaultTimer                                           : loaded 7 times (x 80B)
Class com.google.common.base.CharMatcher$And                                          : loaded 7 times (x 113B)
Class com.google.common.base.CharMatcher$1                                            : loaded 7 times (x 114B)
Class com.google.common.base.Joiner$2                                                 : loaded 7 times (x 80B)
Class org.gradle.tooling.internal.adapter.ProtocolToModelAdapter$ViewKey              : loaded 7 times (x 72B)
Class org.gradle.tooling.internal.adapter.ProtocolToModelAdapter$DefaultViewBuilder   : loaded 7 times (x 80B)
Class com.google.common.base.CharMatcher$Or                                           : loaded 7 times (x 113B)
Class kotlin.collections.ArraysUtilJVM                                                : loaded 7 times (x 71B)
Class kotlin.jvm.functions.Function0                                                  : loaded 7 times (x 70B)
Class org.gradle.tooling.internal.adapter.ProtocolToModelAdapter$ViewGraphDetails$1   : loaded 7 times (x 77B)
Class kotlin.NotImplementedError                                                      : loaded 7 times (x 82B)
Class kotlin.coroutines.intrinsics.CoroutineSingletons                                : loaded 7 times (x 79B)
Class com.android.builder.model.v2.models.ProjectGraph                                : loaded 6 times (x 70B)
Class com.android.ide.common.repository.AgpVersion$PreviewKind                        : loaded 6 times (x 79B)
Class [Lcom.android.builder.model.v2.ide.AaptOptions$Namespacing;                     : loaded 6 times (x 69B)
Class com.android.ide.common.gradle.Version$Companion$ParseState                      : loaded 6 times (x 70B)
Class com.android.tools.idea.gradle.project.sync.AndroidExtraModelProviderImpl        : loaded 6 times (x 72B)
Class org.jetbrains.plugins.gradle.model.ProjectImportModelProvider$GradleModelConsumer: loaded 6 times (x 70B)
Class com.intellij.gradle.toolingExtension.impl.modelAction.GradleDaemonModelHolder$1 : loaded 6 times (x 78B)
Class kotlin.text.StringsKt__StringsKt                                                : loaded 6 times (x 71B)
Class kotlin.collections.MapsKt__MapsJVMKt                                            : loaded 6 times (x 71B)
Class com.android.builder.model.v2.ide.ViewBindingOptions                             : loaded 6 times (x 70B)
Class kotlin.text.MatchGroupCollection                                                : loaded 6 times (x 70B)
Class kotlin.text.MatcherMatchResult                                                  : loaded 6 times (x 80B)
Class com.intellij.gradle.toolingExtension.impl.modelSerialization.ToolingSerializer  : loaded 6 times (x 72B)
Class kotlin.sequences.FlatteningSequence                                             : loaded 6 times (x 75B)
Class kotlin.TuplesKt                                                                 : loaded 6 times (x 71B)
Class [Lcom.android.builder.model.v2.ide.ProjectType;                                 : loaded 6 times (x 69B)
Class com.android.builder.model.v2.ide.AndroidGradlePluginProjectFlags$BooleanFlag    : loaded 6 times (x 79B)
Class com.intellij.gradle.toolingExtension.modelProvider.GradleClassBuildModelProvider: loaded 6 times (x 80B)
Class org.jetbrains.plugins.gradle.model.DefaultBuildController                       : loaded 6 times (x 106B)
Class com.android.tools.idea.gradle.project.sync.SyncCounters                         : loaded 6 times (x 72B)
Class org.gradle.tooling.model.gradle.GradleScript                                    : loaded 6 times (x 70B)
Class com.android.ide.common.gradle.Version$Companion$ParseState$NUMERIC              : loaded 6 times (x 74B)
Class com.android.ide.common.gradle.Separator                                         : loaded 6 times (x 79B)
Class com.android.tools.idea.gradle.project.sync.MeasurementCheckpoint                : loaded 6 times (x 79B)
Class org.gradle.tooling.internal.protocol.InternalFetchAwareBuildController          : loaded 6 times (x 70B)
Class com.intellij.gradle.toolingExtension.impl.util.GradleModelProviderUtil          : loaded 6 times (x 71B)
Class kotlin.jvm.KotlinReflectionNotSupportedError                                    : loaded 6 times (x 82B)
Class kotlin.ranges.IntProgression                                                    : loaded 6 times (x 81B)
Class com.android.ide.common.gradle.Part                                              : loaded 6 times (x 77B)
Class org.gradle.tooling.internal.consumer.versioning.VersionDetails$R28VersionDetails: loaded 6 times (x 80B)
Class org.gradle.tooling.model.eclipse.EclipseProject                                 : loaded 6 times (x 70B)
Class kotlin.text.StringsKt__StringBuilderKt                                          : loaded 6 times (x 71B)
Class com.android.tools.idea.gradle.model.impl.FileImplKt                             : loaded 6 times (x 71B)
Class com.android.ide.common.repository.AgpVersion$Companion                          : loaded 6 times (x 71B)
Class com.intellij.gradle.toolingExtension.impl.util.GradleTreeTraverserUtil          : loaded 6 times (x 71B)
Class kotlin.jvm.internal.FunctionReferenceImpl                                       : loaded 6 times (x 126B)
Class org.gradle.tooling.internal.consumer.connection.InternalPhasedActionAdapter     : loaded 6 times (x 78B)
Class org.jetbrains.kotlin.idea.gradleTooling.IdeaKpmProjectProvider                  : loaded 6 times (x 78B)
Class com.android.builder.model.v2.CustomSourceDirectory                              : loaded 6 times (x 70B)
Class com.google.common.collect.NullsFirstOrdering                                    : loaded 6 times (x 115B)
Class com.android.ide.common.repository.AgpVersion                                    : loaded 6 times (x 75B)
Class org.gradle.tooling.model.gradle.BasicGradleProject                              : loaded 6 times (x 70B)
Class kotlin.sequences.FlatteningSequence$iterator$1                                  : loaded 6 times (x 79B)
Class kotlin.sequences.FilteringSequence$iterator$1                                   : loaded 6 times (x 79B)
Class kotlin.jvm.internal.CollectionToArray                                           : loaded 6 times (x 71B)
Class kotlin.jvm.internal.CallableReference$NoReceiver                                : loaded 6 times (x 71B)
Class kotlin.io.FilesKt__FileTreeWalkKt                                               : loaded 6 times (x 71B)
Class org.gradle.tooling.BuildAction                                                  : loaded 6 times (x 70B)
Class org.gradle.tooling.model.cpp.CppBinary                                          : loaded 6 times (x 70B)
Class com.intellij.gradle.toolingExtension.impl.modelAction.GradleModelFetchAction    : loaded 6 times (x 86B)
Class com.intellij.gradle.toolingExtension.impl.model.buildScriptClasspathModel.GradleBuildScriptClasspathModelProvider: loaded 6 times (x 79B)
Class org.jetbrains.plugins.gradle.model.DefaultGradleLightBuild                      : loaded 6 times (x 82B)
Class com.android.builder.model.v2.ide.SourceProvider                                 : loaded 6 times (x 70B)
Class com.android.builder.model.v2.ide.BundleInfo                                     : loaded 6 times (x 70B)
Class kotlin.comparisons.ComparisonsKt___ComparisonsKt                                : loaded 6 times (x 71B)
Class kotlin.comparisons.ComparisonsKt                                                : loaded 6 times (x 71B)
Class org.jetbrains.plugins.gradle.tooling.util.ClassMap                              : loaded 6 times (x 72B)
Class com.google.common.collect.ExplicitOrdering                                      : loaded 6 times (x 115B)
Class kotlin.text.CharsKt__CharJVMKt                                                  : loaded 6 times (x 71B)
Class kotlin.sequences.FilteringSequence                                              : loaded 6 times (x 75B)
Class com.android.builder.model.v2.ide.LibraryType                                    : loaded 6 times (x 79B)
Class [Lcom.android.builder.model.v2.ide.LibraryType;                                 : loaded 6 times (x 69B)
Class org.gradle.tooling.internal.consumer.converters.FixedBuildIdentifierProvider    : loaded 6 times (x 75B)
Class io.opentelemetry.context.ForwardingExecutorService                              : loaded 6 times (x 104B)
Class org.jetbrains.kotlin.idea.projectModel.KotlinTarget                             : loaded 6 times (x 70B)
Class org.gradle.tooling.internal.consumer.versioning.VersionDetails$R26VersionDetails: loaded 6 times (x 80B)
Class org.gradle.tooling.UnsupportedVersionException                                  : loaded 6 times (x 83B)
Class com.android.builder.model.v2.models.ProjectSyncIssues                           : loaded 6 times (x 70B)
Class org.gradle.tooling.model.internal.Exceptions                                    : loaded 6 times (x 71B)
Class com.intellij.gradle.toolingExtension.modelProvider.GradleClassProjectModelProvider: loaded 6 times (x 80B)
Class com.google.common.collect.ByFunctionOrdering                                    : loaded 6 times (x 115B)
Class com.intellij.gradle.toolingExtension.modelAction.GradleModelFetchPhase$ProjectLoaded: loaded 6 times (x 70B)
Class com.android.ide.common.gradle.Version$Companion                                 : loaded 6 times (x 71B)
Class [Lcom.android.builder.model.v2.ide.BytecodeTransformation;                      : loaded 6 times (x 69B)
Class com.android.builder.model.v2.dsl.DependenciesInfo                               : loaded 6 times (x 70B)
Class com.android.builder.model.v2.ide.AaptOptions                                    : loaded 6 times (x 70B)
Class kotlin.ranges.RangesKt__RangesKt                                                : loaded 6 times (x 71B)
Class com.android.builder.model.v2.ide.BasicVariant                                   : loaded 6 times (x 70B)
Class kotlin.text.CharsKt                                                             : loaded 6 times (x 71B)
Class com.android.tools.idea.gradle.model.impl.IdeBuildImpl                           : loaded 6 times (x 76B)
Class com.android.builder.model.v2.ide.AndroidGradlePluginProjectFlags                : loaded 6 times (x 70B)
Class [Lcom.android.builder.model.v2.ide.AndroidGradlePluginProjectFlags$BooleanFlag; : loaded 6 times (x 69B)
Class kotlin.comparisons.ComparisonsKt__ComparisonsKt                                 : loaded 6 times (x 71B)
Class com.intellij.gradle.toolingExtension.impl.model.taskModel.GradleTaskModelProvider: loaded 6 times (x 78B)
Class com.android.builder.model.v2.models.VariantDependenciesAdjacencyList            : loaded 6 times (x 70B)
Class com.android.tools.idea.gradle.project.sync.SyncProjectActionOptions             : loaded 6 times (x 73B)
Class kotlin.reflect.KCallable                                                        : loaded 6 times (x 70B)
Class org.gradle.tooling.BuildController                                              : loaded 6 times (x 70B)
Class com.android.builder.model.v2.models.ndk.NativeModelBuilderParameter             : loaded 6 times (x 70B)
Class kotlin.KotlinNothingValueException                                              : loaded 6 times (x 82B)
Class com.android.tools.idea.gradle.project.sync.ModelConsumerVersion                 : loaded 6 times (x 75B)
Class org.gradle.tooling.model.ExternalDependency                                     : loaded 6 times (x 70B)
Class com.android.builder.model.v2.ide.CodeShrinker                                   : loaded 6 times (x 79B)
Class org.gradle.tooling.model.idea.IdeaSingleEntryLibraryDependency                  : loaded 6 times (x 70B)
Class kotlin.io.FilesKt__FilePathComponentsKt                                         : loaded 6 times (x 71B)
Class kotlin.io.TerminateException                                                    : loaded 6 times (x 82B)
Class org.gradle.internal.impldep.com.google.common.base.Preconditions                : loaded 6 times (x 71B)
Class com.intellij.openapi.util.io.FileUtilRt                                         : loaded 6 times (x 71B)
Class org.gradle.tooling.internal.consumer.connection.ToolingParameterProxy           : loaded 6 times (x 76B)
Class com.android.tools.idea.gradle.project.sync.BuildModelsAndMap                    : loaded 6 times (x 72B)
Class org.gradle.tooling.internal.consumer.versioning.VersionDetails$R48VersionDetails: loaded 6 times (x 80B)
Class com.android.tools.idea.gradle.project.sync.AndroidExtraModelProvider            : loaded 6 times (x 79B)
Class kotlin.ranges.IntProgression$Companion                                          : loaded 6 times (x 71B)
Class kotlin.text.Regex                                                               : loaded 6 times (x 72B)
Class kotlin.text.StringsKt__StringBuilderJVMKt                                       : loaded 6 times (x 71B)
Class kotlin.io.FileAlreadyExistsException                                            : loaded 6 times (x 82B)
Class kotlin.internal.ProgressionUtilKt                                               : loaded 6 times (x 71B)
Class com.android.builder.model.v2.ide.AndroidArtifact                                : loaded 6 times (x 70B)
Class com.google.common.collect.LexicographicalOrdering                               : loaded 6 times (x 115B)
Class com.google.common.collect.ForwardingCollection                                  : loaded 6 times (x 130B)
Class org.gradle.tooling.internal.consumer.converters.IdeaModuleDependencyTargetNameMixin: loaded 6 times (x 73B)
Class com.android.builder.model.v2.ide.AaptOptions$Namespacing                        : loaded 6 times (x 79B)
Class com.android.utils.FileUtils                                                     : loaded 6 times (x 71B)
Class com.google.common.collect.CompoundOrdering                                      : loaded 6 times (x 115B)
Class org.jetbrains.plugins.gradle.model.DefaultGradleLightProject                    : loaded 6 times (x 84B)
Class org.jetbrains.plugins.gradle.model.GradleLightBuild                             : loaded 6 times (x 70B)
Class com.android.builder.model.v2.dsl.ProductFlavor                                  : loaded 6 times (x 70B)
Class kotlin.io.FilePathComponents                                                    : loaded 6 times (x 72B)
Class [Lcom.android.builder.model.v2.ide.TestInfo$Execution;                          : loaded 6 times (x 69B)
Class com.intellij.gradle.toolingExtension.modelAction.GradleProjectLoadedModelFetchPhase: loaded 6 times (x 81B)
Class kotlin.sequences.TransformingSequence                                           : loaded 6 times (x 75B)
Class org.gradle.tooling.internal.adapter.ProtocolToModelAdapter$2                    : loaded 6 times (x 78B)
Class kotlin.collections.MapsKt___MapsJvmKt                                           : loaded 6 times (x 71B)
Class kotlin.collections.EmptyIterator                                                : loaded 6 times (x 89B)
Class kotlin.text.StringsKt__RegexExtensionsKt                                        : loaded 6 times (x 71B)
Class org.gradle.tooling.model.kotlin.dsl.EditorReportSeverity                        : loaded 6 times (x 79B)
Class com.android.builder.model.v2.ide.BytecodeTransformation                         : loaded 6 times (x 79B)
Class org.gradle.tooling.model.BuildModel                                             : loaded 6 times (x 70B)
Class com.intellij.gradle.toolingExtension.impl.modelAction.GradleModelId             : loaded 6 times (x 72B)
Class org.gradle.tooling.internal.adapter.ProtocolToModelAdapter$BeanMixInMethodInvoker: loaded 6 times (x 76B)
Class org.gradle.tooling.FetchModelResult                                             : loaded 6 times (x 70B)
Class com.intellij.gradle.toolingExtension.impl.modelSerialization.DefaultSerializationService: loaded 6 times (x 76B)
Class org.gradle.tooling.model.kotlin.dsl.EditorReport                                : loaded 6 times (x 70B)
Class com.intellij.gradle.toolingExtension.impl.modelAction.GradleDaemonModelHolder   : loaded 6 times (x 76B)
Class com.intellij.gradle.toolingExtension.impl.modelAction.GradleModelHolderState    : loaded 6 times (x 77B)
Class kotlin.text.CharsKt__CharKt                                                     : loaded 6 times (x 71B)
Class com.android.builder.model.v2.dsl.BuildType                                      : loaded 6 times (x 70B)
Class com.intellij.gradle.toolingExtension.impl.modelAction.GradleDaemonModelHolder$ConvertedModel: loaded 6 times (x 72B)
Class org.gradle.tooling.internal.consumer.converters.EclipseExternalDependencyUnresolvedMixin: loaded 6 times (x 73B)
Class org.gradle.tooling.model.BuildableElement                                       : loaded 6 times (x 70B)
Class org.gradle.tooling.model.HasGradleProject                                       : loaded 6 times (x 70B)
Class kotlin.ranges.IntProgressionIterator                                            : loaded 6 times (x 82B)
Class org.gradle.tooling.internal.consumer.versioning.VersionDetails$R44VersionDetails: loaded 6 times (x 80B)
Class org.gradle.tooling.model.kotlin.dsl.EditorPosition                              : loaded 6 times (x 70B)
Class com.google.common.collect.ReverseNaturalOrdering                                : loaded 6 times (x 114B)
Class kotlin.text.MatcherMatchResult$groupValues$1                                    : loaded 6 times (x 198B)
Class org.gradle.tooling.internal.consumer.converters.IncludedBuildsMixin             : loaded 6 times (x 74B)
Class com.android.builder.model.v2.ide.ProjectInfo                                    : loaded 6 times (x 70B)
Class com.android.builder.model.v2.dsl.BaseConfig                                     : loaded 6 times (x 70B)
Class com.android.tools.idea.gradle.project.sync.SyncActionOptions                    : loaded 6 times (x 72B)
Class org.jetbrains.kotlin.idea.projectModel.KotlinPlatform                           : loaded 6 times (x 79B)
Class com.intellij.gradle.toolingExtension.model.repositoryModel.RepositoryModel      : loaded 6 times (x 70B)
Class org.jetbrains.kotlin.gradle.idea.tcs.IdeaKotlinDependencyCoordinates            : loaded 6 times (x 70B)
Class [Lorg.gradle.tooling.internal.adapter.MethodInvoker;                            : loaded 6 times (x 69B)
Class kotlin.Pair                                                                     : loaded 6 times (x 72B)
Class kotlin.sequences.TransformingSequence$iterator$1                                : loaded 6 times (x 79B)
Class com.intellij.gradle.toolingExtension.impl.model.sourceSetDependencyModel.GradleSourceSetDependencyModelProvider: loaded 6 times (x 79B)
Class com.google.common.collect.Ordering                                              : loaded 6 times (x 114B)
Class com.intellij.gradle.toolingExtension.impl.util.GradleExecutorServiceUtil        : loaded 6 times (x 71B)
Class kotlin.jvm.functions.Function4                                                  : loaded 6 times (x 70B)
Class kotlin.collections.EmptySet                                                     : loaded 6 times (x 122B)
Class com.google.common.collect.ComparisonChain                                       : loaded 6 times (x 80B)
Class com.android.tools.idea.projectsystem.gradle.sync.Counter                        : loaded 6 times (x 72B)
Class com.intellij.gradle.toolingExtension.impl.modelSerialization.SerializationServiceNotFoundException: loaded 6 times (x 82B)
Class org.gradle.tooling.internal.consumer.connection.UnparameterizedBuildController  : loaded 6 times (x 112B)
Class com.android.builder.model.v2.ide.ProjectType                                    : loaded 6 times (x 79B)
Class kotlin.io.FileSystemException                                                   : loaded 6 times (x 82B)
Class com.android.builder.model.v2.ide.ComponentInfo                                  : loaded 6 times (x 70B)
Class org.jetbrains.kotlin.idea.gradleTooling.KotlinMPPGradleModel$Companion          : loaded 6 times (x 71B)
Class kotlin.ranges.ClosedRange                                                       : loaded 6 times (x 70B)
Class com.android.builder.model.v2.ide.JavaArtifact                                   : loaded 6 times (x 70B)
Class [Lcom.android.ide.common.repository.AgpVersion$PreviewKind;                     : loaded 6 times (x 69B)
Class com.intellij.util.ReflectionUtilRt                                              : loaded 6 times (x 71B)
Class org.gradle.tooling.internal.consumer.converters.GradleProjectIdentifierMixin    : loaded 6 times (x 73B)
Class kotlin.sequences.SequencesKt___SequencesKt$flatMap$2                            : loaded 6 times (x 129B)
Class org.gradle.tooling.model.idea.IdeaLanguageLevel                                 : loaded 6 times (x 70B)
Class kotlin.ranges.RangesKt___RangesKt                                               : loaded 6 times (x 71B)
Class com.android.ide.common.repository.AgpVersion$Companion$WhenMappings             : loaded 6 times (x 71B)
Class kotlin.io.NoSuchFileException                                                   : loaded 6 times (x 82B)
Class org.gradle.tooling.model.eclipse.EclipseExternalDependency                      : loaded 6 times (x 70B)
Class com.android.builder.model.v2.ide.VectorDrawablesOptions                         : loaded 6 times (x 70B)
Class org.gradle.tooling.model.idea.IdeaCompilerOutput                                : loaded 6 times (x 70B)
Class kotlin.text.MatchResult$DefaultImpls                                            : loaded 6 times (x 71B)
Class org.jetbrains.kotlin.gradle.idea.tcs.IdeaKotlinDependency                       : loaded 6 times (x 70B)
Class com.android.utils.StringHelper                                                  : loaded 6 times (x 71B)
Class org.jetbrains.plugins.gradle.model.MavenRepositoryModel                         : loaded 6 times (x 70B)
Class org.jetbrains.kotlin.idea.gradleTooling.AndroidAwareGradleModelProvider$populateModels$1: loaded 6 times (x 74B)
Class org.gradle.tooling.internal.adapter.ProtocolToModelAdapter$TypeSpecificMappingAction: loaded 6 times (x 81B)
Class org.gradle.tooling.model.eclipse.HierarchicalEclipseProject                     : loaded 6 times (x 70B)
Class org.gradle.tooling.internal.consumer.versioning.VersionDetails$R35VersionDetails: loaded 6 times (x 80B)
Class com.android.ide.common.gradle.Version                                           : loaded 6 times (x 75B)
Class org.gradle.tooling.model.cpp.CppComponent                                       : loaded 6 times (x 70B)
Class com.android.builder.model.v2.ide.AndroidLibraryData                             : loaded 6 times (x 70B)
Class kotlin.text.StringsKt__StringsJVMKt                                             : loaded 6 times (x 71B)
Class kotlin.collections.IntIterator                                                  : loaded 6 times (x 82B)
Class org.gradle.tooling.internal.adapter.ProtocolToModelAdapter$ClassMixInMethodInvoker: loaded 6 times (x 76B)
Class com.android.builder.model.v2.ide.JavaCompileOptions                             : loaded 6 times (x 70B)
Class com.android.tools.idea.gradle.project.sync.SingleVariantSyncActionOptions       : loaded 6 times (x 73B)
Class com.android.builder.model.v2.ide.TestInfo$Execution                             : loaded 6 times (x 79B)
Class org.jetbrains.kotlin.idea.projectModel.KotlinTarget$Companion                   : loaded 6 times (x 71B)
Class com.intellij.gradle.toolingExtension.modelAction.GradleModelFetchPhase$BuildFinished: loaded 6 times (x 70B)
Class org.jetbrains.plugins.gradle.model.ExternalFilter                               : loaded 6 times (x 70B)
Class kotlin.text.StringsKt___StringsJvmKt                                            : loaded 6 times (x 71B)
Class com.android.builder.model.v2.ide.ApiVersion                                     : loaded 6 times (x 70B)
Class kotlin.reflect.KDeclarationContainer                                            : loaded 6 times (x 70B)
Class com.android.builder.model.v2.ide.TestInfo                                       : loaded 6 times (x 70B)
Class kotlin.text.StringsKt__AppendableKt                                             : loaded 6 times (x 71B)
Class com.intellij.openapi.util.io.FileUtilRt$RepeatableIOOperation                   : loaded 6 times (x 70B)
Class org.gradle.tooling.internal.consumer.versioning.ModelMapping$DefaultModelIdentifier: loaded 6 times (x 76B)
Class com.android.builder.model.v2.models.AndroidDsl                                  : loaded 6 times (x 70B)
Class org.gradle.tooling.internal.consumer.converters.ConsumerTargetTypeProvider      : loaded 6 times (x 76B)
Class org.jetbrains.kotlin.idea.projectModel.KotlinSwiftExportModel                   : loaded 6 times (x 70B)
Class kotlin.text.StringsKt__IndentKt                                                 : loaded 6 times (x 71B)
Class com.android.builder.model.v2.dsl.SigningConfig                                  : loaded 6 times (x 70B)
Class com.android.ide.common.gradle.Numeric                                           : loaded 6 times (x 77B)
Class org.gradle.tooling.internal.consumer.connection.ParameterAwareBuildControllerAdapter: loaded 6 times (x 112B)
Class com.android.builder.model.v2.models.AndroidProject                              : loaded 6 times (x 70B)
Class com.android.builder.model.v2.AndroidModel                                       : loaded 6 times (x 70B)
Class org.gradle.tooling.model.idea.IdeaDependencyScope                               : loaded 6 times (x 70B)
Class kotlin.ranges.IntRange                                                          : loaded 6 times (x 93B)
Class [Lorg.gradle.api.JavaVersion;                                                   : loaded 6 times (x 69B)
Class com.google.common.collect.ComparatorOrdering                                    : loaded 6 times (x 115B)
Class kotlin.io.FilesKt                                                               : loaded 6 times (x 71B)
Class com.android.builder.model.v2.models.Versions$Version                            : loaded 6 times (x 70B)
Class kotlin.collections.MapsKt___MapsKt                                              : loaded 6 times (x 71B)
Class kotlin.ranges.OpenEndRange                                                      : loaded 6 times (x 70B)
Class kotlin.jvm.internal.CallableReference                                           : loaded 6 times (x 110B)
Class kotlin.collections.AbstractList$SubList                                         : loaded 6 times (x 198B)
Class com.android.ide.common.gradle.Version$Companion$ParseState$EMPTY                : loaded 6 times (x 74B)
Class org.gradle.tooling.model.idea.IdeaModule                                        : loaded 6 times (x 70B)
Class kotlin.jvm.internal.StringCompanionObject                                       : loaded 6 times (x 71B)
Class org.jetbrains.kotlin.idea.gradleTooling.KotlinDslScriptModelProvider            : loaded 6 times (x 78B)
Class com.android.builder.model.v2.ide.LibraryInfo                                    : loaded 6 times (x 70B)
Class org.gradle.tooling.UnknownModelException                                        : loaded 6 times (x 83B)
Class org.gradle.tooling.internal.consumer.converters.EclipseProjectHasAutoBuildMixin : loaded 6 times (x 72B)
Class kotlin.text.StringsKt__StringNumberConversionsJVMKt                             : loaded 6 times (x 71B)
Class kotlin.collections.MapsKt__MapWithDefaultKt                                     : loaded 6 times (x 71B)
Class com.google.common.collect.NaturalOrdering                                       : loaded 6 times (x 115B)
Class kotlin.sequences.SequencesKt___SequencesKt$sortedWith$1                         : loaded 6 times (x 75B)
Class com.intellij.gradle.toolingExtension.impl.model.projectModel.GradleExternalProjectModelProvider: loaded 6 times (x 79B)
Class com.android.tools.idea.projectsystem.gradle.sync.PerformanceMeasurementUtilKt   : loaded 6 times (x 71B)
Class org.gradle.tooling.internal.consumer.connection.StreamingAwareBuildControllerAdapter: loaded 6 times (x 112B)
Class com.android.tools.idea.gradle.project.sync.SwitchVariantRequest                 : loaded 6 times (x 72B)
Class kotlin.text.MatchResult                                                         : loaded 6 times (x 70B)
Class com.android.builder.model.v2.models.BasicAndroidProject                         : loaded 6 times (x 70B)
Class kotlin.jvm.internal.Ref$BooleanRef                                              : loaded 6 times (x 71B)
Class kotlin.reflect.KFunction                                                        : loaded 6 times (x 70B)
Class org.jetbrains.kotlin.idea.projectModel.KotlinTargetJar                          : loaded 6 times (x 70B)
Class kotlin.text.MatchNamedGroupCollection                                           : loaded 6 times (x 70B)
Class com.google.common.collect.UsingToStringOrdering                                 : loaded 6 times (x 114B)
Class kotlin.io.FilesKt__FileReadWriteKt                                              : loaded 6 times (x 71B)
Class kotlin.text.StringsKt__StringNumberConversionsKt                                : loaded 6 times (x 71B)
Class kotlin.comparisons.ComparisonsKt___ComparisonsJvmKt                             : loaded 6 times (x 71B)
Class [Lkotlin.Pair;                                                                  : loaded 6 times (x 69B)
Class org.gradle.tooling.model.gradle.ProjectPublications                             : loaded 6 times (x 70B)
Class org.gradle.tooling.internal.consumer.converters.IdeaProjectJavaLanguageSettingsMixin: loaded 6 times (x 73B)
Class org.gradle.tooling.internal.adapter.ProtocolToModelAdapter$MixInTypeMappingAction: loaded 6 times (x 81B)
Class org.jetbrains.plugins.gradle.model.ExternalSourceDirectorySet                   : loaded 6 times (x 70B)
Class com.android.tools.idea.gradle.project.sync.SyncTestMode                         : loaded 6 times (x 79B)
Class org.gradle.tooling.model.build.BuildEnvironment                                 : loaded 6 times (x 70B)
Class org.jetbrains.plugins.gradle.tooling.serialization.internal.adapter.kotlin.dsl.InternalKotlinDslScriptModel: loaded 6 times (x 84B)
Class com.android.builder.model.v2.ide.UnresolvedDependency                           : loaded 6 times (x 70B)
Class com.android.tools.idea.gradle.project.sync.ModelProviderCachedData              : loaded 6 times (x 72B)
Class org.jetbrains.kotlin.idea.projectModel.ExtraFeatures                            : loaded 6 times (x 70B)
Class kotlin.collections.MapsKt__MapsKt                                               : loaded 6 times (x 71B)
Class com.intellij.gradle.toolingExtension.impl.model.sourceSetModel.GradleSourceSetModelProvider: loaded 6 times (x 79B)
Class [Lcom.android.ide.common.gradle.Separator;                                      : loaded 6 times (x 69B)
Class org.gradle.util.internal.DefaultGradleVersion$Stage                             : loaded 6 times (x 75B)
Class org.gradle.tooling.model.GradleProject                                          : loaded 6 times (x 70B)
Class kotlin.collections.CollectionsKt___CollectionsKt$asSequence$$inlined$Sequence$1 : loaded 6 times (x 75B)
Class com.google.common.collect.ComparisonChain$InactiveComparisonChain               : loaded 6 times (x 80B)
Class com.android.builder.model.v2.ide.BasicArtifact                                  : loaded 6 times (x 70B)
Class kotlin.text.StringsKt___StringsKt                                               : loaded 6 times (x 71B)
Class com.android.builder.model.v2.ide.Edge                                           : loaded 6 times (x 70B)
Class com.google.common.collect.NullsLastOrdering                                     : loaded 6 times (x 115B)
Class kotlin.text.StringsKt                                                           : loaded 6 times (x 71B)
Class org.gradle.internal.impldep.com.google.common.base.Optional                     : loaded 6 times (x 80B)
Class org.gradle.tooling.model.eclipse.EclipseClasspathEntry                          : loaded 6 times (x 70B)
Class [Lcom.android.builder.model.v2.ide.CodeShrinker;                                : loaded 6 times (x 69B)
Class org.gradle.tooling.internal.consumer.converters.BackwardsCompatibleIdeaModuleDependency: loaded 6 times (x 70B)
Class com.android.tools.idea.gradle.project.sync.AdditionalClassifierArtifactsActionOptions: loaded 6 times (x 72B)
Class org.jetbrains.plugins.gradle.model.GradleLightProject                           : loaded 6 times (x 70B)
Class com.android.builder.model.v2.ide.Variant                                        : loaded 6 times (x 70B)
Class org.jetbrains.plugins.gradle.model.FilePatternSet                               : loaded 6 times (x 70B)
Class kotlin.collections.MapsKt                                                       : loaded 6 times (x 71B)
Class com.android.tools.idea.gradle.project.sync.GradleSyncStudioFlags                : loaded 6 times (x 72B)
Class com.android.tools.idea.gradle.project.sync.AndroidExtraModelProviderKt$flattenDag$2: loaded 6 times (x 95B)
Class org.jetbrains.plugins.gradle.model.ProjectImportModelProvider$GradleModelConsumer$1: loaded 6 times (x 77B)
Class org.jetbrains.kotlin.idea.gradleTooling.IdeaKotlinDependenciesContainer         : loaded 6 times (x 70B)
Class org.gradle.api.JavaVersion                                                      : loaded 6 times (x 79B)
Class com.intellij.gradle.toolingExtension.modelAction.GradleBuildFinishedModelFetchPhase: loaded 6 times (x 81B)
Class com.google.common.collect.Lists$TransformingRandomAccessList                    : loaded 6 times (x 199B)
Class kotlin.io.FilesKt__UtilsKt                                                      : loaded 6 times (x 71B)
Class com.google.common.collect.ReverseOrdering                                       : loaded 6 times (x 115B)
Class com.android.builder.model.v2.models.VariantDependenciesFlatList                 : loaded 6 times (x 70B)
Class com.intellij.gradle.toolingExtension.modelAction.GradleModelFetchPhase          : loaded 6 times (x 70B)
Class com.android.builder.model.v2.models.ModelBuilderParameter                       : loaded 6 times (x 70B)
Class org.gradle.tooling.internal.consumer.versioning.ModelMapping                    : loaded 6 times (x 73B)
Class org.gradle.tooling.model.idea.BasicIdeaProject                                  : loaded 6 times (x 70B)
Class org.gradle.tooling.internal.consumer.converters.BasicGradleProjectIdentifierMixin: loaded 6 times (x 73B)
Class kotlin.text.MatchResult$Destructured                                            : loaded 6 times (x 72B)
Class com.android.builder.model.v2.ide.LintOptions                                    : loaded 6 times (x 70B)
Class com.intellij.openapi.util.Pair                                                  : loaded 6 times (x 72B)
Class com.android.builder.model.v2.models.VariantDependencies                         : loaded 6 times (x 70B)
Class org.gradle.tooling.internal.consumer.versioning.VersionDetails                  : loaded 6 times (x 80B)
Class org.gradle.tooling.model.gradle.GradleBuild                                     : loaded 6 times (x 70B)
Class org.gradle.tooling.internal.consumer.versioning.VersionDetails$R51VersionDetails: loaded 6 times (x 80B)
Class org.gradle.tooling.internal.consumer.connection.NestedActionAwareBuildControllerAdapter: loaded 6 times (x 112B)
Class kotlin.text.RegexKt                                                             : loaded 6 times (x 71B)
Class com.google.common.collect.ImmutableSortedAsList                                 : loaded 6 times (x 221B)
Class com.android.builder.model.v2.ide.Installation                                   : loaded 6 times (x 70B)
Class kotlin.jvm.internal.FunctionReference                                           : loaded 6 times (x 126B)
Class kotlin.text.StringsKt__RegexExtensionsJVMKt                                     : loaded 6 times (x 71B)
Class com.android.builder.model.v2.ide.AbstractArtifact                               : loaded 6 times (x 70B)
Class com.google.common.collect.ComparisonChain$1                                     : loaded 6 times (x 81B)
Class [Lcom.android.tools.idea.gradle.project.sync.MeasurementCheckpoint;             : loaded 6 times (x 69B)
Class io.opentelemetry.context.ContextExecutorService                                 : loaded 6 times (x 104B)
Class com.google.common.collect.AllEqualOrdering                                      : loaded 6 times (x 114B)
Class [Lcom.android.tools.idea.gradle.project.sync.SyncTestMode;                      : loaded 6 times (x 69B)
Class com.intellij.gradle.toolingExtension.impl.modelSerialization.ToolingSerializerConverter: loaded 6 times (x 73B)
Class com.android.builder.model.v2.ide.Library                                        : loaded 6 times (x 70B)
Class com.android.builder.model.v2.ide.ArtifactDependenciesAdjacencyList              : loaded 6 times (x 70B)
Class org.gradle.tooling.internal.adapter.ProtocolToModelAdapter$ChainedMethodInvoker : loaded 6 times (x 76B)
Class org.jetbrains.plugins.gradle.tooling.serialization.internal.adapter.kotlin.dsl.InternalKotlinDslScriptsModel: loaded 6 times (x 76B)
Class com.android.ide.common.repository.AgpVersion$PreviewKind$Companion              : loaded 6 times (x 71B)
Class com.android.builder.model.v2.models.Versions                                    : loaded 6 times (x 70B)
Class com.android.builder.model.v2.ide.SourceSetContainer                             : loaded 6 times (x 70B)
Class org.gradle.tooling.internal.adapter.ProtocolToModelAdapter$MixInBeanMappingAction: loaded 6 times (x 81B)
Class com.android.tools.idea.gradle.project.sync.AndroidExtraModelProviderKt          : loaded 6 times (x 71B)
Class kotlin.coroutines.jvm.internal.CoroutineDumpState                               : loaded 6 times (x 71B)
Class kotlin.text.Regex$Companion                                                     : loaded 6 times (x 71B)
Class com.android.tools.idea.gradle.project.sync.SelectedVariants                     : loaded 6 times (x 72B)
Class com.intellij.gradle.toolingExtension.impl.modelSerialization.ToolingSerializer$1: loaded 6 times (x 76B)
Class com.android.tools.idea.gradle.model.IdeBuild                                    : loaded 6 times (x 70B)
Class org.gradle.tooling.internal.consumer.connection.InternalBuildActionAdapter      : loaded 6 times (x 80B)
Class kotlin.ranges.IntRange$Companion                                                : loaded 6 times (x 71B)
Class com.android.builder.model.v2.ide.TestedTargetVariant                            : loaded 6 times (x 70B)
Class org.gradle.internal.impldep.com.google.common.base.Present                      : loaded 6 times (x 81B)
Class org.gradle.tooling.internal.consumer.connection.HasCompatibilityMapping         : loaded 6 times (x 73B)
Class kotlin.text.MatcherMatchResult$groups$1                                         : loaded 6 times (x 151B)
Class kotlin.collections.EmptyMap                                                     : loaded 6 times (x 108B)
Class kotlin.reflect.KAnnotatedElement                                                : loaded 6 times (x 70B)
Class com.android.builder.model.v2.models.ndk.NativeModule                            : loaded 6 times (x 70B)
Class kotlin.ranges.RangesKt                                                          : loaded 6 times (x 71B)
Class com.android.tools.idea.gradle.project.sync.AndroidProjectResult$Companion$RuntimeClasspathBehaviour: loaded 5 times (x 71B)
Class com.google.common.collect.SortedLists$KeyAbsentBehavior$3                       : loaded 5 times (x 80B)
Class com.android.tools.idea.gradle.model.IdeUnresolvedJavaLibrary                    : loaded 5 times (x 70B)
Class com.android.builder.model.v2.ide.TestSuiteArtifact                              : loaded 5 times (x 70B)
Class com.google.common.base.Objects                                                  : loaded 5 times (x 71B)
Class com.intellij.openapi.util.io.FileUtil                                           : loaded 5 times (x 71B)
Class com.android.tools.idea.gradle.project.sync.DeliverableJavaModule                : loaded 5 times (x 76B)
Class org.jetbrains.plugins.gradle.tooling.serialization.internal.IdeaProjectSerializationService$7: loaded 5 times (x 76B)
Class com.android.tools.idea.gradle.project.sync.NativeVariantAbiResult               : loaded 5 times (x 71B)
Class com.android.tools.idea.gradle.model.impl.IdeSyncIssueImpl                       : loaded 5 times (x 79B)
Class com.android.tools.idea.gradle.project.sync.StandaloneDeliverableModel           : loaded 5 times (x 75B)
Class org.jetbrains.plugins.gradle.tooling.serialization.internal.IdeaProjectSerializationService$10: loaded 5 times (x 76B)
Class com.android.tools.idea.gradle.project.sync.ArtifactDependenciesCompat           : loaded 5 times (x 72B)
Class com.android.tools.idea.gradle.project.sync.AndroidArtifactRef                   : loaded 5 times (x 72B)
Class com.android.tools.idea.gradle.model.impl.IdeAndroidArtifactCoreImpl             : loaded 5 times (x 103B)
Class org.jetbrains.plugins.gradle.tooling.serialization.internal.IdeaProjectSerializationService$TargetBytecodeVersionGetter: loaded 5 times (x 75B)
Class org.gradle.tooling.model.idea.IdeaContentRoot                                   : loaded 5 times (x 70B)
Class com.android.tools.idea.gradle.model.IdeArtifactName$Companion$WhenMappings      : loaded 5 times (x 71B)
Class com.android.tools.idea.gradle.model.IdeArtifactName                             : loaded 5 times (x 79B)
Class org.jetbrains.plugins.gradle.tooling.serialization.internal.IdeaProjectSerializationService$JdkGetter: loaded 5 times (x 75B)
Class org.jetbrains.plugins.gradle.tooling.serialization.internal.IdeaProjectSerializationService$ResourceDirectoriesGetter: loaded 5 times (x 75B)
Class com.android.tools.idea.gradle.model.impl.IdeBuildTypeImpl                       : loaded 5 times (x 93B)
Class [Lcom.android.tools.idea.gradle.model.IdeTestOptions$Execution;                 : loaded 5 times (x 69B)
Class com.android.builder.model.v2.models.AssetsTestSuiteSource                       : loaded 5 times (x 70B)
Class com.android.tools.idea.gradle.project.sync.VariantDiscovery$prepareRequestedOrDefaultModuleConfigurations$$inlined$sortedBy$1: loaded 5 times (x 89B)
Class com.android.tools.idea.gradle.project.sync.AndroidProjectPathResolver           : loaded 5 times (x 70B)
Class com.android.tools.idea.gradle.model.impl.IdeDependenciesCoreImpl                : loaded 5 times (x 70B)
Class com.android.tools.idea.gradle.project.sync.AdditionalClassifierArtifactsModelCollectorKt: loaded 5 times (x 71B)
Class com.android.tools.idea.gradle.model.IdeProductFlavor                            : loaded 5 times (x 70B)
Class [Lcom.google.common.collect.SortedLists$KeyAbsentBehavior;                      : loaded 5 times (x 69B)
Class org.jetbrains.plugins.gradle.tooling.serialization.internal.IdeaProjectSerializationService$WriteContext$FilePathComparator: loaded 5 times (x 91B)
Class com.android.tools.idea.gradle.project.sync.ModelFeature                         : loaded 5 times (x 79B)
Class com.google.common.collect.SortedLists$KeyPresentBehavior$3                      : loaded 5 times (x 80B)
Class com.android.tools.idea.gradle.project.sync.GradleModulesKt                      : loaded 5 times (x 71B)
Class com.android.tools.idea.gradle.project.sync.InternedModels$nameLibraries$IdeModelAndReferenceAndIdentity: loaded 5 times (x 75B)
Class com.android.tools.idea.gradle.project.sync.VariantSelectionChange               : loaded 5 times (x 72B)
Class com.android.tools.idea.gradle.project.sync.ArtifactRef                          : loaded 5 times (x 71B)
Class com.android.tools.idea.gradle.model.IdeBuildType                                : loaded 5 times (x 70B)
Class com.google.common.collect.Cut$AboveAll                                          : loaded 5 times (x 88B)
Class com.google.common.collect.SortedLists$KeyAbsentBehavior$2                       : loaded 5 times (x 80B)
Class com.android.tools.idea.gradle.project.sync.DefaultVariantsKt                    : loaded 5 times (x 71B)
Class com.android.tools.idea.gradle.model.IdeJavaArtifactCore                         : loaded 5 times (x 70B)
Class com.android.tools.idea.gradle.project.sync.ModelCache                           : loaded 5 times (x 70B)
Class [Lcom.android.tools.idea.gradle.model.IdeArtifactName;                          : loaded 5 times (x 69B)
Class com.android.tools.idea.gradle.project.sync.ModuleId                             : loaded 5 times (x 72B)
Class [Lcom.android.builder.model.v2.models.ndk.NativeBuildSystem;                    : loaded 5 times (x 69B)
Class com.android.tools.idea.gradle.project.sync.FetchedVariantResult                 : loaded 5 times (x 71B)
Class com.android.tools.idea.gradle.model.IdeAndroidProjectType                       : loaded 5 times (x 79B)
Class [Lcom.android.tools.idea.gradle.model.ClasspathType;                            : loaded 5 times (x 69B)
Class com.android.tools.idea.gradle.project.sync.LibraryIdentity$LibraryIdentityProvider$Companion: loaded 5 times (x 71B)
Class org.jetbrains.plugins.gradle.tooling.serialization.internal.IdeaProjectSerializationService$6: loaded 5 times (x 76B)
Class com.android.tools.idea.gradle.model.impl.IdeVariantBuildInformationImpl         : loaded 5 times (x 76B)
Class com.android.tools.idea.gradle.project.sync.VariantNameResolutionKt$buildVariantNameResolver$1: loaded 5 times (x 75B)
Class com.android.tools.idea.gradle.project.sync.SyncVariantResult                    : loaded 5 times (x 72B)
Class com.android.tools.idea.gradle.project.sync.SyncActionRunner                     : loaded 5 times (x 76B)
Class com.android.tools.idea.gradle.project.sync.SyncActionRunner$Companion           : loaded 5 times (x 71B)
Class org.jetbrains.plugins.gradle.tooling.serialization.internal.IdeaProjectSerializationService$8: loaded 5 times (x 76B)
Class com.android.tools.idea.gradle.project.sync.ModelCacheV2ImplKt$modelCacheV2Impl$variantCoreFrom$15: loaded 5 times (x 129B)
Class com.android.tools.idea.gradle.project.sync.ModelResult$Context                  : loaded 5 times (x 70B)
Class com.android.tools.idea.gradle.project.sync.IdeModelFactoryV2                    : loaded 5 times (x 72B)
Class com.android.tools.idea.gradle.project.sync.DeliverableGradleModule$ModelConsumer: loaded 5 times (x 72B)
Class com.intellij.openapi.util.io.FileUtil$1                                         : loaded 5 times (x 77B)
Class com.android.tools.idea.gradle.model.impl.IdeVectorDrawablesOptionsImpl          : loaded 5 times (x 75B)
Class com.android.tools.idea.gradle.project.sync.AllKotlinModels                      : loaded 5 times (x 72B)
Class com.android.tools.idea.gradle.project.sync.AndroidExtraModelProviderWorker      : loaded 5 times (x 72B)
Class com.google.common.collect.SortedLists                                           : loaded 5 times (x 71B)
Class [Lcom.google.common.collect.SortedLists$KeyPresentBehavior;                     : loaded 5 times (x 69B)
Class org.jetbrains.kotlin.idea.gradleTooling.model.kapt.KaptSourceSetModel           : loaded 5 times (x 70B)
Class com.android.ide.common.repository.AgpVersion$PreviewKind$WhenMappings           : loaded 5 times (x 71B)
Class com.android.tools.idea.gradle.model.impl.IdeTestOptionsImpl                     : loaded 5 times (x 77B)
Class com.google.common.collect.SortedLists$KeyPresentBehavior$4                      : loaded 5 times (x 80B)
Class com.android.builder.model.v2.ide.SyncIssue                                      : loaded 5 times (x 70B)
Class com.android.tools.idea.gradle.model.impl.ThrowingIdeDependencies                : loaded 5 times (x 78B)
Class com.android.tools.idea.gradle.model.impl.IdeBuildTypeContainerImpl              : loaded 5 times (x 79B)
Class com.google.common.collect.SortedLists$KeyPresentBehavior$2                      : loaded 5 times (x 80B)
Class com.intellij.openapi.diagnostic.Logger$DefaultFactory                           : loaded 5 times (x 74B)
Class com.google.common.collect.SortedLists$KeyPresentBehavior                        : loaded 5 times (x 80B)
Class com.google.common.collect.SortedLists$KeyAbsentBehavior$1                       : loaded 5 times (x 80B)
Class com.android.tools.idea.gradle.project.sync.BuildTypeDef                         : loaded 5 times (x 72B)
Class com.android.tools.idea.gradle.model.IdeMultiVariantData                         : loaded 5 times (x 70B)
Class com.android.tools.idea.gradle.model.impl.IdeBuildTasksAndOutputInformationImpl  : loaded 5 times (x 80B)
Class com.android.tools.idea.gradle.project.sync.LibraryIdentity$Companion            : loaded 5 times (x 71B)
Class org.gradle.tooling.model.idea.IdeaJavaLanguageSettings                          : loaded 5 times (x 70B)
Class com.android.builder.model.v2.ide.TestSuite                                      : loaded 5 times (x 70B)
Class com.android.tools.idea.gradle.model.IdeAaptOptions                              : loaded 5 times (x 70B)
Class com.android.tools.idea.gradle.model.impl.IdeModuleWellKnownSourceSet            : loaded 5 times (x 84B)
Class com.android.tools.idea.gradle.model.IdeVariantBuildInformation                  : loaded 5 times (x 70B)
Class com.android.tools.idea.gradle.project.sync.InternedModels                       : loaded 5 times (x 72B)
Class com.android.tools.idea.gradle.project.sync.BasicV2AndroidModuleGradleProject    : loaded 5 times (x 73B)
Class com.android.tools.idea.gradle.model.LibraryReference                            : loaded 5 times (x 72B)
Class org.jetbrains.plugins.gradle.tooling.util.GradleVersionComparator               : loaded 5 times (x 75B)
Class com.android.tools.idea.gradle.project.sync.NativeVariantAbiResult$V2            : loaded 5 times (x 72B)
Class com.android.tools.idea.gradle.model.IdeExtraSourceProvider                      : loaded 5 times (x 70B)
Class com.android.tools.idea.gradle.project.sync.AndroidProjectResult                 : loaded 5 times (x 76B)
Class com.android.tools.idea.gradle.model.IdeSyncIssue                                : loaded 5 times (x 70B)
Class com.android.tools.idea.gradle.project.sync.BuildId                              : loaded 5 times (x 72B)
Class com.android.tools.idea.gradle.model.IdeCustomSourceDirectory                    : loaded 5 times (x 70B)
Class kotlin.jvm.internal.KotlinGenericDeclaration                                    : loaded 5 times (x 70B)
Class org.jetbrains.plugins.gradle.tooling.serialization.internal.IdeaProjectSerializationService$11: loaded 5 times (x 76B)
Class com.android.tools.idea.gradle.project.sync.HasLintJar                           : loaded 5 times (x 70B)
Class com.android.tools.idea.gradle.model.IdeCompositeBuildMap                        : loaded 5 times (x 70B)
Class com.android.tools.idea.gradle.project.sync.Modules                              : loaded 5 times (x 71B)
Class com.android.builder.model.v2.models.ndk.NativeBuildSystem                       : loaded 5 times (x 79B)
Class com.android.tools.idea.gradle.model.impl.IdeVariantCoreSerializable             : loaded 5 times (x 70B)
Class com.android.tools.idea.gradle.project.sync.ActionToRun                          : loaded 5 times (x 72B)
Class com.android.tools.idea.gradle.model.IdeSourceProviderKt                         : loaded 5 times (x 71B)
Class com.android.builder.model.v2.ide.BasicTestSuiteArtifact                         : loaded 5 times (x 70B)
Class com.android.builder.model.v2.ide.TestSuiteTestInfo                              : loaded 5 times (x 70B)
Class com.android.tools.idea.gradle.model.impl.IdeAndroidGradlePluginProjectFlagsImpl : loaded 5 times (x 87B)
Class com.android.tools.idea.gradle.project.sync.VariantNameResolutionKt              : loaded 5 times (x 71B)
Class org.jetbrains.kotlin.gradle.idea.kpm.IdeaKpmProjectContainer                    : loaded 5 times (x 70B)
Class com.android.tools.idea.gradle.project.sync.IndexedModels                        : loaded 5 times (x 72B)
Class com.android.tools.idea.gradle.model.IdeVariantHeader                            : loaded 5 times (x 70B)
Class [Lcom.intellij.openapi.diagnostic.LogLevel;                                     : loaded 5 times (x 69B)
Class com.android.tools.idea.gradle.project.sync.GradleProject                        : loaded 5 times (x 75B)
Class com.intellij.openapi.util.io.FileTooBigException                                : loaded 5 times (x 82B)
Class com.android.tools.idea.gradle.model.IdeUnresolvedAndroidLibrary                 : loaded 5 times (x 70B)
Class com.android.tools.idea.gradle.project.sync.ModelResult                          : loaded 5 times (x 72B)
Class com.android.tools.idea.gradle.model.IdeSourceProviderContainer                  : loaded 5 times (x 70B)
Class com.android.tools.idea.gradle.model.impl.IdeLintOptionsImpl                     : loaded 5 times (x 103B)
Class com.google.common.collect.SortedLists$KeyAbsentBehavior                         : loaded 5 times (x 80B)
Class com.android.tools.idea.gradle.model.impl.IdeUnresolvedLibraryTableImpl          : loaded 5 times (x 75B)
Class com.android.tools.idea.gradle.project.sync.ModelFetchersKt                      : loaded 5 times (x 71B)
Class com.intellij.openapi.util.io.FileUtil$2                                         : loaded 5 times (x 82B)
Class com.android.tools.idea.gradle.model.IdeUnresolvedUnknownLibrary                 : loaded 5 times (x 70B)
Class com.android.tools.idea.gradle.project.sync.HasBasicGradleProject                : loaded 5 times (x 70B)
Class com.android.tools.idea.gradle.model.impl.IdeAaptOptionsImpl                     : loaded 5 times (x 75B)
Class com.android.tools.idea.gradle.model.impl.IdeAndroidProjectImpl$Companion        : loaded 5 times (x 71B)
Class [Lcom.android.tools.idea.gradle.project.sync.AndroidModule$NativeModelVersion;  : loaded 5 times (x 69B)
Class org.gradle.tooling.model.Task                                                   : loaded 5 times (x 70B)
Class com.android.tools.idea.gradle.model.IdeAndroidLibrary                           : loaded 5 times (x 70B)
Class com.android.tools.idea.gradle.model.IdeArtifactLibrary                          : loaded 5 times (x 70B)
Class org.jetbrains.plugins.gradle.tooling.serialization.internal.IdeaProjectSerializationService$3: loaded 5 times (x 77B)
Class com.android.tools.idea.gradle.model.IdeAndroidLibraryImplKt                     : loaded 5 times (x 71B)
Class com.google.common.collect.SortedLists$KeyPresentBehavior$5                      : loaded 5 times (x 80B)
Class com.android.ide.common.gradle.Component$Companion                               : loaded 5 times (x 71B)
Class com.android.tools.idea.gradle.model.ResolverType                                : loaded 5 times (x 79B)
Class org.gradle.tooling.model.GradleTask                                             : loaded 5 times (x 70B)
Class com.android.tools.idea.gradle.project.sync.ActionToRun$toSafeController$1       : loaded 5 times (x 90B)
Class com.android.tools.idea.gradle.project.sync.BasicIncompleteAndroidModule         : loaded 5 times (x 73B)
Class com.android.tools.idea.gradle.project.upgrade.AndroidGradlePluginCompatibilityKt: loaded 5 times (x 71B)
Class com.android.tools.idea.gradle.model.IdeAndroidProject                           : loaded 5 times (x 70B)
Class com.android.ide.common.gradle.Module                                            : loaded 5 times (x 72B)
Class com.android.tools.idea.gradle.model.IdeLintOptions                              : loaded 5 times (x 70B)
Class com.android.tools.idea.gradle.project.sync.AndroidSyncException                 : loaded 5 times (x 82B)
Class com.android.tools.idea.gradle.model.IdeVariantCore                              : loaded 5 times (x 70B)
Class com.android.tools.idea.gradle.project.sync.GradleProject$ModelConsumer          : loaded 5 times (x 72B)
Class com.intellij.openapi.diagnostic.Attachment                                      : loaded 5 times (x 72B)
Class com.android.tools.idea.gradle.model.impl.IdeModuleSourceSet                     : loaded 5 times (x 70B)
Class com.intellij.openapi.diagnostic.DefaultLogger                                   : loaded 5 times (x 101B)
Class com.android.builder.model.v2.ide.TestSuiteVariantTarget                         : loaded 5 times (x 70B)
Class com.android.tools.idea.gradle.project.sync.ModelCacheV2ImplKt$modelCacheV2Impl$variantCoreFrom$12: loaded 5 times (x 129B)
Class com.android.tools.idea.gradle.project.sync.ModelResult$Companion                : loaded 5 times (x 71B)
Class com.android.tools.idea.gradle.project.sync.AndroidProjectResultKt               : loaded 5 times (x 71B)
Class com.android.tools.idea.gradle.project.sync.ModuleConfiguration                  : loaded 5 times (x 72B)
Class com.android.tools.idea.gradle.model.IdeTestOptions$Execution                    : loaded 5 times (x 79B)
Class com.android.tools.idea.gradle.model.IdeTestOptions                              : loaded 5 times (x 70B)
Class com.android.tools.idea.gradle.project.sync.VariantAssetSourceProviderContext    : loaded 5 times (x 72B)
Class com.android.tools.idea.gradle.project.sync.DefaultVariantsKt$getDefaultVariant$$inlined$compareBy$1: loaded 5 times (x 90B)
Class com.android.tools.idea.gradle.model.IdeLibrary                                  : loaded 5 times (x 70B)
Class com.android.tools.idea.gradle.project.sync.VariantDetailsKt                     : loaded 5 times (x 71B)
Class com.android.tools.idea.gradle.model.IdeSigningConfig                            : loaded 5 times (x 70B)
Class com.android.tools.idea.gradle.project.sync.ModelCacheV2ImplKt                   : loaded 5 times (x 71B)
Class com.android.tools.idea.gradle.model.impl.IdeProductFlavorImpl                   : loaded 5 times (x 101B)
Class com.android.tools.idea.gradle.project.sync.ModelCacheV2ImplKt$modelCacheV2Impl$1: loaded 5 times (x 80B)
Class [Lcom.android.tools.idea.gradle.project.upgrade.AndroidGradlePluginCompatibility;: loaded 5 times (x 69B)
Class com.android.tools.idea.gradle.project.sync.AllVariantsSyncActionOptions         : loaded 5 times (x 73B)
Class com.android.builder.model.v2.models.TestApkTestSuiteSource                      : loaded 5 times (x 70B)
Class com.android.tools.idea.gradle.model.impl.IdeCompositeBuildMapImpl               : loaded 5 times (x 76B)
Class com.android.tools.idea.gradle.project.sync.BuildInfo                            : loaded 5 times (x 72B)
Class com.android.tools.idea.gradle.model.IdeUnknownLibrary                           : loaded 5 times (x 70B)
Class org.jetbrains.plugins.gradle.tooling.serialization.internal.IdeaProjectSerializationService$2: loaded 5 times (x 77B)
Class com.android.builder.model.v2.dsl.ClassField                                     : loaded 5 times (x 70B)
Class com.android.tools.idea.gradle.model.IdeSourceProvider                           : loaded 5 times (x 72B)
Class com.android.tools.idea.gradle.model.IdeVectorDrawablesOptions                   : loaded 5 times (x 70B)
Class com.android.tools.idea.gradle.model.impl.FileImpl                               : loaded 5 times (x 121B)
Class com.android.tools.idea.gradle.project.sync.LibraryIdentity$LibraryIdentityProvider$special$$inlined$compareBy$1: loaded 5 times (x 90B)
Class com.intellij.openapi.diagnostic.Logger$Factory                                  : loaded 5 times (x 70B)
Class org.gradle.tooling.model.java.InstalledJdk                                      : loaded 5 times (x 70B)
Class com.intellij.util.containers.UtilKt                                             : loaded 5 times (x 71B)
Class org.gradle.tooling.model.SourceDirectory                                        : loaded 5 times (x 70B)
Class com.android.tools.idea.gradle.project.sync.AgpVersionTooNew                     : loaded 5 times (x 82B)
Class com.android.builder.model.AndroidProject                                        : loaded 5 times (x 70B)
Class com.android.tools.idea.gradle.model.impl.IdeDependenciesCoreDirect              : loaded 5 times (x 79B)
Class com.google.common.collect.TreeRangeSet                                          : loaded 5 times (x 115B)
Class com.android.tools.idea.gradle.project.sync.LibraryIdentity$LibraryIdentityProvider: loaded 5 times (x 72B)
Class org.jetbrains.plugins.gradle.model.GradleConvention                             : loaded 5 times (x 70B)
Class com.android.builder.model.v2.models.TestSuiteSourceDependenciesAdjacencyList    : loaded 5 times (x 70B)
Class org.jetbrains.plugins.gradle.tooling.serialization.internal.IdeaProjectSerializationService$1: loaded 5 times (x 76B)
Class com.android.tools.idea.gradle.model.impl.IdeProjectPathImpl                     : loaded 5 times (x 77B)
Class com.android.tools.idea.gradle.project.sync.LibraryIdentity                      : loaded 5 times (x 72B)
Class com.android.tools.idea.gradle.project.sync.GradleModule                         : loaded 5 times (x 78B)
Class com.android.tools.idea.gradle.project.sync.DefaultVariantsKt$getDefaultVariant$$inlined$thenBy$2: loaded 5 times (x 90B)
Class com.android.tools.idea.gradle.project.sync.BasicNonAndroidIncompleteGradleModule: loaded 5 times (x 73B)
Class [Lcom.android.tools.idea.gradle.model.ResolverType;                             : loaded 5 times (x 69B)
Class com.android.tools.idea.gradle.model.IdeBasicVariant                             : loaded 5 times (x 70B)
Class com.android.tools.idea.gradle.model.impl.IdeSourceProviderContainerImpl         : loaded 5 times (x 76B)
Class com.android.tools.idea.gradle.model.impl.IdeCustomSourceDirectoryImpl           : loaded 5 times (x 76B)
Class com.android.tools.idea.gradle.project.sync.BasicModulesKt                       : loaded 5 times (x 71B)
Class com.android.tools.idea.gradle.project.upgrade.AndroidGradlePluginCompatibility  : loaded 5 times (x 79B)
Class [Lcom.android.tools.idea.gradle.model.IdeAndroidProjectType;                    : loaded 5 times (x 69B)
Class com.android.tools.idea.gradle.model.IdeBuildTasksAndOutputInformation           : loaded 5 times (x 70B)
Class com.android.tools.idea.gradle.model.IdeUnresolvedArtifactLibrary                : loaded 5 times (x 70B)
Class com.android.tools.idea.gradle.project.sync.SyncProjectActionWorker$populateAndroidModels$3$1: loaded 5 times (x 129B)
Class com.google.common.collect.Cut$AboveValue                                        : loaded 5 times (x 88B)
Class com.android.tools.idea.gradle.project.sync.VariantDiscovery$toTraverseAction$1$1$moduleDependencies$1: loaded 5 times (x 129B)
Class com.android.tools.idea.gradle.model.impl.IdeAndroidProjectImpl                  : loaded 5 times (x 107B)
Class com.android.tools.idea.gradle.project.sync.VariantDiscovery                     : loaded 5 times (x 72B)
Class com.android.tools.idea.gradle.project.sync.DependencyGraphCompat                : loaded 5 times (x 71B)
Class com.android.tools.idea.gradle.project.sync.IdeAndroidSyncIssuesAndExceptions    : loaded 5 times (x 72B)
Class com.android.tools.idea.gradle.project.sync.ModelVersions                        : loaded 5 times (x 72B)
Class com.android.tools.idea.gradle.project.sync.ClasspathIdentifier                  : loaded 5 times (x 72B)
Class com.intellij.openapi.util.Comparing                                             : loaded 5 times (x 71B)
Class com.android.tools.idea.gradle.model.IdeJavaLibrary                              : loaded 5 times (x 70B)
Class com.android.tools.idea.gradle.model.ClasspathType                               : loaded 5 times (x 79B)
Class com.android.tools.idea.gradle.model.impl.IdeDependencyCoreImpl                  : loaded 5 times (x 76B)
Class com.android.tools.idea.gradle.project.sync.AndroidVariantResolver               : loaded 5 times (x 70B)
Class com.android.tools.idea.gradle.model.impl.IdeDependenciesInfoImpl                : loaded 5 times (x 75B)
Class com.android.tools.idea.gradle.project.sync.IdeAndroidModels                     : loaded 5 times (x 72B)
Class com.android.tools.idea.gradle.project.sync.DeliverableGradleModule              : loaded 5 times (x 76B)
Class com.android.tools.idea.gradle.project.sync.VariantDef                           : loaded 5 times (x 72B)
Class [Lcom.android.tools.idea.gradle.model.IdeAaptOptions$Namespacing;               : loaded 5 times (x 69B)
Class com.android.tools.idea.gradle.model.IdeArtifactName$Companion                   : loaded 5 times (x 71B)
Class com.android.builder.model.v2.models.BasicTestSuite                              : loaded 5 times (x 70B)
Class com.android.tools.idea.gradle.project.sync.ModelCacheV2ImplKt$modelCacheV2Impl$variantCoreFrom$9: loaded 5 times (x 129B)
Class com.android.tools.idea.gradle.model.IdeJavaCompileOptions                       : loaded 5 times (x 70B)
Class com.android.tools.idea.gradle.model.IdeJavaLibraryImpl                          : loaded 5 times (x 92B)
Class com.intellij.openapi.util.io.FileUtilRt$SymlinkResolver                         : loaded 5 times (x 70B)
Class com.intellij.openapi.diagnostic.LogLevel                                        : loaded 5 times (x 79B)
Class com.android.tools.idea.gradle.project.sync.GradleInjectedSyncActionRunner       : loaded 5 times (x 70B)
Class com.android.tools.idea.gradle.model.impl.IdeJavaCompileOptionsImpl              : loaded 5 times (x 78B)
Class com.android.ide.common.gradle.Component                                         : loaded 5 times (x 72B)
Class com.android.tools.idea.gradle.project.sync.AgpCompatibilityKt                   : loaded 5 times (x 71B)
Class org.jetbrains.plugins.gradle.tooling.serialization.internal.IdeaProjectSerializationService$TestResourceDirectoriesGetter: loaded 5 times (x 75B)
Class com.android.tools.idea.gradle.model.IdeUnknownLibraryImpl                       : loaded 5 times (x 83B)
Class com.android.tools.idea.gradle.project.sync.DependencyGraphCompat$AdjacencyList  : loaded 5 times (x 72B)
Class com.android.tools.idea.gradle.model.IdeProjectPath                              : loaded 5 times (x 70B)
Class kotlin.jvm.internal.Intrinsics$Kotlin                                           : loaded 5 times (x 71B)
Class com.android.ide.common.gradle.Module$Companion                                  : loaded 5 times (x 71B)
Class com.android.tools.idea.gradle.project.sync.VariantDiscoveryKt                   : loaded 5 times (x 71B)
Class com.android.tools.idea.gradle.project.sync.HasAndroidVariantResolver            : loaded 5 times (x 70B)
Class kotlin.jvm.internal.FunctionAdapter                                             : loaded 5 times (x 70B)
Class com.android.tools.idea.gradle.project.sync.ModelCache$V2                        : loaded 5 times (x 70B)
Class com.android.tools.idea.gradle.project.sync.ModelCacheV2ImplKt$modelCacheV2Impl$createFromDependencies$1$LibraryWithDependencies: loaded 5 times (x 72B)
Class com.android.tools.idea.gradle.project.sync.ModelVersion                         : loaded 5 times (x 75B)
Class com.google.common.collect.Cut                                                   : loaded 5 times (x 88B)
Class com.android.tools.idea.gradle.project.sync.AgpVersionIncompatible               : loaded 5 times (x 82B)
Class com.android.tools.idea.gradle.project.sync.DeliverableAndroidModule             : loaded 5 times (x 76B)
Class com.intellij.openapi.diagnostic.Logger                                          : loaded 5 times (x 99B)
Class com.google.common.collect.Cut$BelowValue                                        : loaded 5 times (x 88B)
Class com.intellij.openapi.util.SystemInfoRt                                          : loaded 5 times (x 71B)
Class com.google.common.collect.Iterators$PeekingImpl                                 : loaded 5 times (x 85B)
Class com.android.tools.idea.gradle.project.sync.JavaModule                           : loaded 5 times (x 78B)
Class com.android.tools.idea.gradle.model.impl.IdeDependenciesImplKt                  : loaded 5 times (x 71B)
Class com.android.tools.idea.gradle.project.sync.DefaultVariantsKt$getDefaultVariant$$inlined$thenBy$1: loaded 5 times (x 90B)
Class com.android.builder.model.v2.models.TestSuiteDependenciesAdjacencyList          : loaded 5 times (x 70B)
Class com.android.tools.idea.gradle.model.IdeDependenciesCore                         : loaded 5 times (x 70B)
Class com.android.tools.idea.gradle.project.sync.ResolvedAndroidProjectPath           : loaded 5 times (x 70B)
Class com.android.tools.idea.gradle.project.sync.BasicIncompleteGradleModule          : loaded 5 times (x 73B)
Class com.android.tools.idea.gradle.project.sync.AndroidModule$V1                     : loaded 5 times (x 88B)
Class com.android.tools.idea.gradle.project.sync.IdeModelFactoryV2Kt                  : loaded 5 times (x 71B)
Class [Lcom.android.tools.idea.gradle.project.sync.ModelFeature;                      : loaded 5 times (x 69B)
Class [Lcom.android.tools.idea.gradle.model.impl.IdeModuleSourceSet;                  : loaded 5 times (x 69B)
Class com.android.builder.model.v2.models.HostJarTestSuiteSource                      : loaded 5 times (x 70B)
Class [Lcom.android.tools.idea.gradle.model.impl.IdeModuleWellKnownSourceSet;         : loaded 5 times (x 69B)
Class com.android.tools.idea.gradle.project.sync.AgpVersionsMismatch                  : loaded 5 times (x 82B)
Class com.android.tools.idea.gradle.project.sync.ModelCacheV1ImplKt                   : loaded 5 times (x 71B)
Class com.android.tools.idea.gradle.project.sync.StandaloneDeliverableModel$Companion : loaded 5 times (x 71B)
Class com.google.common.collect.Cut$BelowAll                                          : loaded 5 times (x 88B)
Class com.android.tools.idea.gradle.model.impl.IdeViewBindingOptionsImpl              : loaded 5 times (x 74B)
Class com.android.tools.idea.gradle.project.sync.AndroidExtraModelProviderWorkerKt    : loaded 5 times (x 71B)
Class com.android.tools.idea.gradle.model.ndk.v2.IdeNativeModule                      : loaded 5 times (x 70B)
Class com.android.tools.idea.gradle.project.sync.AndroidModule$V2                     : loaded 5 times (x 88B)
Class com.android.builder.model.v2.ide.JUnitEngineInfo                                : loaded 5 times (x 70B)
Class com.android.tools.idea.gradle.project.sync.VariantSelectionChange$Companion     : loaded 5 times (x 71B)
Class com.android.tools.idea.gradle.model.IdeBaseArtifactCore                         : loaded 5 times (x 70B)
Class com.android.tools.idea.gradle.project.sync.IdeSyncExecutionReport               : loaded 5 times (x 71B)
Class com.android.tools.idea.gradle.project.sync.FetchedVariantResult$Finished        : loaded 5 times (x 72B)
Class com.android.tools.idea.gradle.model.IdePreResolvedModuleLibraryImpl             : loaded 5 times (x 81B)
Class com.android.tools.idea.gradle.model.IdeAndroidLibraryImpl                       : loaded 5 times (x 106B)
Class com.android.tools.idea.gradle.project.sync.ModelCacheV2ImplKt$WhenMappings      : loaded 5 times (x 71B)
Class com.android.tools.idea.gradle.project.sync.GradleModelCollection                : loaded 5 times (x 70B)
Class com.android.tools.idea.gradle.model.IdeViewBindingOptions                       : loaded 5 times (x 70B)
Class org.gradle.tooling.model.idea.IdeaSourceDirectory                               : loaded 5 times (x 70B)
Class com.android.tools.idea.gradle.model.impl.BuildFolderPaths                       : loaded 5 times (x 72B)
Class com.android.tools.idea.gradle.project.sync.ModelCacheV2ImplKt$modelCacheV2Impl$variantCoreFrom$6: loaded 5 times (x 129B)
Class com.android.tools.idea.gradle.model.IdeUnresolvedLibrary                        : loaded 5 times (x 70B)
Class com.android.tools.idea.gradle.model.IdeBaseConfig                               : loaded 5 times (x 70B)
Class com.android.tools.idea.gradle.project.sync.NativeVariantAbiResult$None          : loaded 5 times (x 71B)
Class com.android.tools.idea.gradle.model.IdeApiVersion                               : loaded 5 times (x 70B)
Class com.android.ide.common.gradle.Version$Companion$ParseState$NONNUMERIC           : loaded 5 times (x 74B)
Class com.android.tools.idea.gradle.model.IdeAaptOptions$Namespacing                  : loaded 5 times (x 79B)
Class com.android.builder.model.v2.ide.TestSuiteTarget                                : loaded 5 times (x 70B)
Class com.android.tools.idea.gradle.project.sync.SyncProjectActionWorker$populateAndroidModels$2$variantDiscovery$1: loaded 5 times (x 78B)
Class com.android.tools.idea.gradle.model.impl.IdeUnresolvedLibraryTable              : loaded 5 times (x 70B)
Class com.android.tools.idea.gradle.model.IdeDependenciesInfo                         : loaded 5 times (x 70B)
Class com.android.tools.idea.gradle.project.sync.ModelCacheKt                         : loaded 5 times (x 71B)
Class com.android.tools.idea.gradle.model.impl.IdeModuleWellKnownSourceSet$Companion  : loaded 5 times (x 71B)
Class com.android.tools.idea.gradle.project.sync.IdeModelWithPostProcessor            : loaded 5 times (x 72B)
Class com.android.tools.idea.gradle.project.sync.AndroidModule$NativeModelVersion     : loaded 5 times (x 79B)
Class com.google.common.collect.TreeRangeSet$AsRanges                                 : loaded 5 times (x 149B)
Class com.android.tools.idea.gradle.model.CodeShrinker                                : loaded 5 times (x 79B)
Class com.android.tools.idea.gradle.project.sync.SyncVariantResultSuccess             : loaded 5 times (x 72B)
Class com.android.tools.idea.gradle.project.sync.FetchedVariant                       : loaded 5 times (x 72B)
Class com.android.tools.idea.gradle.model.impl.IdeSigningConfigImpl                   : loaded 5 times (x 78B)
Class org.gradle.tooling.model.Launchable                                             : loaded 5 times (x 70B)
Class com.android.builder.model.v2.models.SourceType                                  : loaded 5 times (x 79B)
Class com.android.tools.idea.gradle.project.sync.SyncProjectActionWorker              : loaded 5 times (x 72B)
Class com.android.tools.idea.gradle.project.sync.SyncActionRunnerKt$toMeasuringController$1: loaded 5 times (x 90B)
Class com.android.tools.idea.gradle.model.impl.IdeBasicVariantImpl                    : loaded 5 times (x 79B)
Class com.android.builder.model.Variant                                               : loaded 5 times (x 70B)
Class com.android.ide.common.gradle.NonNumeric                                        : loaded 5 times (x 77B)
Class com.android.tools.idea.gradle.model.IdePreResolvedModuleLibrary                 : loaded 5 times (x 70B)
Class com.android.tools.idea.gradle.model.impl.IdeUnresolvedDependencyImpl            : loaded 5 times (x 76B)
Class com.android.tools.idea.gradle.project.sync.ModelConverter                       : loaded 5 times (x 71B)
Class com.android.tools.idea.gradle.project.sync.SyncActionRunnerKt                   : loaded 5 times (x 71B)
Class com.android.tools.idea.gradle.project.sync.VariantSelectionKt                   : loaded 5 times (x 71B)
Class com.android.tools.idea.gradle.project.sync.VariantDependenciesCompat            : loaded 5 times (x 72B)
Class com.android.tools.idea.gradle.project.sync.FetchedVariantResult$InProgress      : loaded 5 times (x 71B)
Class org.jetbrains.plugins.gradle.model.tests.ExternalTestSourceMapping              : loaded 5 times (x 70B)
Class com.android.tools.idea.gradle.model.IdeAndroidLibraryImpl$Companion             : loaded 5 times (x 71B)
Class com.android.tools.idea.gradle.model.impl.IdeMultiVariantDataImpl                : loaded 5 times (x 77B)
Class com.android.tools.idea.gradle.model.IdeAndroidArtifactCore                      : loaded 5 times (x 70B)
Class com.android.tools.idea.gradle.project.sync.VariantDependenciesCompat$AdjacencyList: loaded 5 times (x 72B)
Class com.android.tools.idea.gradle.model.IdeDependencyCore                           : loaded 5 times (x 70B)
Class com.android.builder.model.v2.models.BaseTestSuiteSourceIdentity                 : loaded 5 times (x 70B)
Class com.android.tools.idea.gradle.project.sync.AndroidModule                        : loaded 5 times (x 88B)
Class com.google.common.base.ExtraObjectsMethodsForWeb                                : loaded 5 times (x 71B)
Class com.google.common.collect.SortedLists$KeyPresentBehavior$1                      : loaded 5 times (x 80B)
Class com.android.tools.idea.projectsystem.gradle.sync.Counter$time$1                 : loaded 5 times (x 78B)
Class com.android.tools.idea.gradle.model.impl.IdeVariantCoreImpl$Companion           : loaded 5 times (x 71B)
Class com.android.tools.idea.gradle.project.sync.AndroidSdkBootClasspathUtilKt        : loaded 5 times (x 71B)
Class com.android.tools.idea.gradle.model.impl.IdeJavaArtifactCoreImpl                : loaded 5 times (x 91B)
Class com.android.tools.idea.gradle.model.impl.IdeVariantCoreImpl                     : loaded 5 times (x 108B)
Class com.android.tools.idea.gradle.model.impl.IdeExtraSourceProviderImpl             : loaded 5 times (x 76B)
Class com.google.common.collect.Range$RangeLexOrdering                                : loaded 5 times (x 114B)
Class com.android.tools.idea.gradle.model.IdeBuildTypeContainer                       : loaded 5 times (x 70B)
Class com.android.builder.model.v2.models.TestSuiteSource                             : loaded 5 times (x 70B)
Class com.android.tools.idea.gradle.project.sync.AgpVersionTooOld                     : loaded 5 times (x 82B)
Class com.google.common.collect.Multimap                                              : loaded 5 times (x 70B)
Class com.android.tools.idea.gradle.project.sync.AndroidProjectResult$V2Project       : loaded 5 times (x 77B)
Class com.android.tools.idea.gradle.model.impl.IdeApiVersionImpl                      : loaded 5 times (x 77B)
Class com.android.tools.idea.gradle.project.sync.VariantDetails                       : loaded 5 times (x 72B)
Class com.android.tools.idea.gradle.project.sync.LibraryIdentity$LibraryIdentityProvider$special$$inlined$thenBy$1: loaded 5 times (x 90B)
Class com.android.tools.idea.projectsystem.gradle.sync.Counter$time$2                 : loaded 5 times (x 78B)
Class com.android.tools.idea.gradle.project.sync.AndroidProjectResult$Companion       : loaded 5 times (x 71B)
Class com.android.builder.model.ProjectSyncIssues                                     : loaded 5 times (x 70B)
Class com.android.tools.idea.gradle.project.sync.ArtifactDependenciesCompat$AdjacencyList: loaded 5 times (x 72B)
Class com.android.tools.idea.gradle.project.sync.AgpCompatibilityKt$WhenMappings      : loaded 5 times (x 71B)
Class com.android.tools.idea.gradle.project.sync.ModelCacheV2ImplKt$modelCacheV2Impl$createFromDependencies$1$LibrariesByType: loaded 5 times (x 72B)
Class com.android.tools.idea.gradle.model.IdeAndroidGradlePluginProjectFlags          : loaded 5 times (x 70B)
Class com.android.tools.idea.gradle.model.IdeUnresolvedDependency                     : loaded 5 times (x 70B)
Class org.jetbrains.plugins.gradle.tooling.serialization.internal.IdeaProjectSerializationService$JavaHomePathGetter: loaded 5 times (x 75B)
Class Build_gradle                                                                    : loaded 4 times (x 130B)
Class Build_gradle$1                                                                  : loaded 4 times (x 75B)
Class com.google.gson.internal.bind.DefaultDateTypeAdapter$DateType$1                 : loaded 3 times (x 73B)
Class org.jetbrains.plugins.gradle.tooling.util.BiFunction                            : loaded 3 times (x 70B)
Class com.google.gson.internal.Excluder$1                                             : loaded 3 times (x 74B)
Class com.google.gson.FieldNamingPolicy$2                                             : loaded 3 times (x 85B)
Class com.google.gson.internal.bind.TypeAdapters$22                                   : loaded 3 times (x 75B)
Class com.intellij.gradle.toolingExtension.impl.model.sourceSetDependencyModel.GradleSourceSetDependencyModelBuilder: loaded 3 times (x 86B)
Class org.jetbrains.plugins.gradle.model.DefaultExternalProject                       : loaded 3 times (x 95B)
Class com.intellij.gradle.toolingExtension.impl.model.sourceSetDependencyModel.GradleSourceSetDependencyResolver: loaded 3 times (x 72B)
Class org.jetbrains.kotlin.tooling.core.InternerImpl$Store$Strong                     : loaded 3 times (x 76B)
Class com.intellij.gradle.toolingExtension.impl.model.buildScriptClasspathModel.DefaultGradleBuildScriptClasspathModel: loaded 3 times (x 83B)
Class org.jetbrains.kotlin.idea.gradleTooling.PrepareKotlinIdeaImportTaskModelBuilder$Messages: loaded 3 times (x 71B)
Class com.google.gson.internal.bind.ObjectTypeAdapter                                 : loaded 3 times (x 74B)
Class com.intellij.gradle.toolingExtension.impl.model.dependencyGraphModel.GradleDependencyReportGenerator: loaded 3 times (x 73B)
Class com.google.gson.ToNumberPolicy$1                                                : loaded 3 times (x 83B)
Class org.jetbrains.plugins.gradle.tooling.AbstractModelBuilderService                : loaded 3 times (x 86B)
Class com.intellij.gradle.toolingExtension.impl.model.dependencyModel.auxiliary.AuxiliaryArtifactResolver: loaded 3 times (x 70B)
Class com.intellij.openapi.externalSystem.model.project.dependencies.DependencyNode   : loaded 3 times (x 70B)
Class com.google.gson.internal.bind.TypeAdapterRuntimeTypeWrapper                     : loaded 3 times (x 74B)
Class com.google.gson.stream.JsonWriter                                               : loaded 3 times (x 98B)
Class org.jetbrains.kotlin.idea.gradleTooling.reflect.ReflectionKt                    : loaded 3 times (x 71B)
Class org.jetbrains.kotlin.idea.gradleTooling.AndroidAwareGradleModelProvider$Result  : loaded 3 times (x 72B)
Class com.google.gson.internal.Primitives                                             : loaded 3 times (x 71B)
Class org.jetbrains.kotlin.tooling.core.Interner                                      : loaded 3 times (x 70B)
Class com.google.gson.Gson$2                                                          : loaded 3 times (x 76B)
Class com.intellij.gradle.toolingExtension.impl.model.sourceSetModel.DefaultGradleSourceSetModel: loaded 3 times (x 81B)
Class org.jetbrains.kotlin.tooling.core.InternerImpl                                  : loaded 3 times (x 76B)
Class com.google.gson.ToNumberPolicy                                                  : loaded 3 times (x 83B)
Class com.google.gson.internal.bind.TypeAdapters$32                                   : loaded 3 times (x 76B)
Class [Lcom.google.gson.ToNumberPolicy;                                               : loaded 3 times (x 69B)
Class org.jetbrains.plugins.gradle.tooling.builder.EarModelBuilderImplKt              : loaded 3 times (x 71B)
Class com.google.gson.JsonParseException                                              : loaded 3 times (x 82B)
Class com.intellij.gradle.toolingExtension.impl.model.dependencyDownloadPolicyModel.GradleDependencyDownloadPolicyBuilder: loaded 3 times (x 86B)
Class org.jetbrains.plugins.gradle.tooling.builder.MavenRepositoriesModelBuilder      : loaded 3 times (x 81B)
Class org.jetbrains.plugins.gradle.tooling.builder.ExternalTestsModelBuilderImpl      : loaded 3 times (x 78B)
Class com.intellij.gradle.toolingExtension.impl.javaModel.manifestModel.JavaGradleManifestModelBuilder: loaded 3 times (x 86B)
Class org.jetbrains.kotlin.idea.gradleTooling.KotlinDslScriptTaskModelBuilder$Companion: loaded 3 times (x 71B)
Class org.jetbrains.plugins.gradle.tooling.util.StringUtils                           : loaded 3 times (x 71B)
Class com.google.gson.JsonSyntaxException                                             : loaded 3 times (x 82B)
Class com.google.gson.internal.bind.TypeAdapters$31                                   : loaded 3 times (x 76B)
Class com.google.gson.internal.bind.JsonAdapterAnnotationTypeAdapterFactory$DummyTypeAdapterFactory: loaded 3 times (x 75B)
Class org.jetbrains.kotlin.idea.gradleTooling.PrepareKotlinIdeaImportTaskModelBuilder$Companion: loaded 3 times (x 71B)
Class org.jetbrains.plugins.gradle.tooling.builder.WarModelBuilderImpl                : loaded 3 times (x 86B)
Class com.intellij.gradle.toolingExtension.impl.modelBuilder.ExtraModelBuilder        : loaded 3 times (x 85B)
Class com.google.gson.internal.Streams                                                : loaded 3 times (x 71B)
Class com.google.gson.internal.bind.TypeAdapters$23                                   : loaded 3 times (x 75B)
Class com.google.gson.FieldNamingPolicy$3                                             : loaded 3 times (x 85B)
Class com.google.gson.internal.bind.TypeAdapters$9                                    : loaded 3 times (x 75B)
Class com.intellij.gradle.toolingExtension.impl.model.buildScriptClasspathModel.GradleBuildScriptClasspathCache: loaded 3 times (x 75B)
Class org.jetbrains.kotlin.idea.gradleTooling.model.samWithReceiver.SamWithReceiverModel: loaded 3 times (x 70B)
Class org.jetbrains.plugins.gradle.tooling.ModelBuilderService                        : loaded 3 times (x 70B)
Class com.google.gson.internal.LazilyParsedNumber                                     : loaded 3 times (x 78B)
Class com.intellij.gradle.toolingExtension.impl.model.dependencyModel.auxiliary.AuxiliaryConfigurationArtifacts: loaded 3 times (x 74B)
Class org.jetbrains.kotlin.idea.gradleTooling.PrepareKotlinIdeaImportTaskModelBuilder$KotlinNativePlatformDependenciesKt: loaded 3 times (x 71B)
Class org.jetbrains.kotlin.idea.gradleTooling.KotlinMPPGradleModelBinaryBuilder       : loaded 3 times (x 86B)
Class [Lcom.intellij.openapi.externalSystem.model.project.ExternalSystemSourceType;   : loaded 3 times (x 69B)
Class com.intellij.gradle.toolingExtension.impl.model.buildScriptClasspathModel.GradleBuildScriptClasspathModelBuilder: loaded 3 times (x 86B)
Class org.jetbrains.kotlin.idea.gradleTooling.model.noarg.NoArgModel                  : loaded 3 times (x 70B)
Class org.jetbrains.plugins.gradle.tooling.builder.EarModelBuilderImpl                : loaded 3 times (x 86B)
Class org.jetbrains.plugins.gradle.tooling.ModelBuilderService$ParameterizedModelBuilderService: loaded 3 times (x 70B)
Class com.google.gson.internal.bind.ReflectiveTypeAdapterFactory$BoundField           : loaded 3 times (x 75B)
Class com.intellij.gradle.toolingExtension.impl.util.javaPluginUtil.JavaPluginUtil    : loaded 3 times (x 71B)
Class org.jetbrains.kotlin.idea.gradleTooling.reflect.GradleReflectionLogger          : loaded 3 times (x 75B)
Class com.google.gson.internal.bind.NumberTypeAdapter                                 : loaded 3 times (x 74B)
Class com.google.gson.internal.sql.SqlDateTypeAdapter                                 : loaded 3 times (x 74B)
Class com.intellij.openapi.externalSystem.model.project.dependencies.ProjectDependenciesImpl: loaded 3 times (x 77B)
Class com.google.gson.internal.bind.ReflectiveTypeAdapterFactory$RecordAdapter        : loaded 3 times (x 77B)
Class com.google.gson.FieldNamingPolicy$1                                             : loaded 3 times (x 85B)
Class com.google.gson.internal.bind.TypeAdapters$21                                   : loaded 3 times (x 75B)
Class com.intellij.gradle.toolingExtension.impl.model.dependencyDownloadPolicyModel.DefaultGradleDependencyDownloadPolicy: loaded 3 times (x 77B)
Class com.google.gson.Gson$3                                                          : loaded 3 times (x 75B)
Class org.jetbrains.kotlin.idea.gradleTooling.model.allopen.AllOpenModel              : loaded 3 times (x 70B)
Class org.jetbrains.plugins.gradle.tooling.serialization.RepositoriesModelSerializationService$1: loaded 3 times (x 76B)
Class org.jetbrains.plugins.gradle.model.DefaultFileCollectionDependency              : loaded 3 times (x 110B)
Class com.intellij.gradle.toolingExtension.impl.util.javaPluginUtil.ExtensionJavaPluginAccessor: loaded 3 times (x 82B)
Class org.jetbrains.plugins.gradle.model.ModelFactory                                 : loaded 3 times (x 71B)
Class com.google.gson.TypeAdapterFactory                                              : loaded 3 times (x 70B)
Class com.google.gson.internal.bind.JsonTreeReader                                    : loaded 3 times (x 98B)
Class com.google.gson.internal.bind.TypeAdapters$30                                   : loaded 3 times (x 76B)
Class org.jetbrains.plugins.gradle.tooling.serialization.ToolingStreamApiUtilsKt      : loaded 3 times (x 71B)
Class org.jetbrains.kotlin.idea.gradleTooling.reflect.KotlinExtensionReflection$Companion: loaded 3 times (x 71B)
Class org.jetbrains.plugins.gradle.tooling.ModelBuilderContext$DataProvider           : loaded 3 times (x 70B)
Class com.google.gson.internal.bind.TypeAdapters$8                                    : loaded 3 times (x 75B)
Class com.google.gson.internal.bind.CollectionTypeAdapterFactory$Adapter              : loaded 3 times (x 74B)
Class [Lcom.google.gson.FieldNamingStrategy;                                          : loaded 3 times (x 69B)
Class com.intellij.gradle.toolingExtension.impl.model.sourceSetModel.GradleSourceSetModelBuilder$3: loaded 3 times (x 83B)
Class com.intellij.gradle.toolingExtension.impl.modelBuilder.DefaultMessageReporter   : loaded 3 times (x 75B)
Class com.google.gson.internal.Excluder                                               : loaded 3 times (x 75B)
Class com.intellij.gradle.toolingExtension.impl.model.buildScriptClasspathModel.GradleBuildScriptClasspathSerializationService$1: loaded 3 times (x 76B)
Class com.google.gson.internal.bind.ArrayTypeAdapter$1                                : loaded 3 times (x 75B)
Class com.google.gson.internal.bind.JsonTreeWriter                                    : loaded 3 times (x 98B)
Class org.jetbrains.plugins.gradle.tooling.builder.IntelliJSettingsBuilder            : loaded 3 times (x 78B)
Class com.google.gson.internal.bind.TypeAdapters$7                                    : loaded 3 times (x 75B)
Class com.google.gson.annotations.SerializedName                                      : loaded 3 times (x 70B)
Class org.jetbrains.kotlin.idea.gradleTooling.reflect.KotlinExtensionReflection       : loaded 3 times (x 72B)
Class com.google.gson.internal.reflect.ReflectionHelper$RecordNotSupportedHelper      : loaded 3 times (x 78B)
Class com.google.gson.JsonIOException                                                 : loaded 3 times (x 82B)
Class com.intellij.gradle.toolingExtension.impl.util.javaPluginUtil.JavaPluginAccessor: loaded 3 times (x 70B)
Class com.google.gson.internal.bind.TypeAdapters$24                                   : loaded 3 times (x 75B)
Class com.google.gson.FieldNamingPolicy$4                                             : loaded 3 times (x 85B)
Class com.google.gson.internal.bind.TypeAdapters                                      : loaded 3 times (x 71B)
Class com.google.gson.FormattingStyle                                                 : loaded 3 times (x 78B)
Class org.jetbrains.plugins.gradle.model.ear.EarConfiguration                         : loaded 3 times (x 70B)
Class com.google.gson.FieldNamingPolicy                                               : loaded 3 times (x 85B)
Class com.google.gson.Gson$1                                                          : loaded 3 times (x 76B)
Class org.jetbrains.kotlin.tooling.core.InternerImpl$Store                            : loaded 3 times (x 70B)
Class com.google.gson.internal.bind.DefaultDateTypeAdapter$1                          : loaded 3 times (x 75B)
Class com.google.gson.Gson$4                                                          : loaded 3 times (x 76B)
Class com.google.gson.stream.MalformedJsonException                                   : loaded 3 times (x 82B)
Class com.intellij.gradle.toolingExtension.impl.model.dependencyModel.GradleDependencyTraverser$Itr: loaded 3 times (x 83B)
Class [Lcom.intellij.openapi.externalSystem.model.project.IExternalSystemSourceType;  : loaded 3 times (x 69B)
Class org.jetbrains.plugins.gradle.tooling.serialization.internal.adapter.InternalProjectIdentifier: loaded 3 times (x 76B)
Class com.google.gson.Gson$5                                                          : loaded 3 times (x 76B)
Class org.jetbrains.kotlin.idea.gradleTooling.KotlinMPPGradleModelBuilder             : loaded 3 times (x 86B)
Class com.google.gson.internal.bind.TypeAdapters$6                                    : loaded 3 times (x 75B)
Class com.google.gson.internal.bind.TypeAdapters$19                                   : loaded 3 times (x 75B)
Class com.google.gson.internal.bind.ReflectiveTypeAdapterFactory$FieldReflectionAdapter: loaded 3 times (x 77B)
Class com.intellij.gradle.toolingExtension.impl.model.dependencyModel.GradleDependencyTraverser: loaded 3 times (x 80B)
Class com.intellij.gradle.toolingExtension.impl.model.utilTurnOffDefaultTasksModel.TurnOffDefaultTasksModelBuilder: loaded 3 times (x 86B)
Class com.intellij.gradle.toolingExtension.impl.javaModel.manifestModel.DefaultJavaGradleManifestModel: loaded 3 times (x 76B)
Class org.jetbrains.plugins.gradle.tooling.internal.ClasspathEntryModelImpl           : loaded 3 times (x 80B)
Class com.google.gson.internal.bind.TypeAdapters$20                                   : loaded 3 times (x 75B)
Class com.intellij.gradle.toolingExtension.impl.model.sourceSetDependencyModel.DefaultGradleSourceSetDependencyModel: loaded 3 times (x 77B)
Class com.intellij.gradle.toolingExtension.impl.model.dependencyModel.auxiliary.AuxiliaryArtifactResolverImpl: loaded 3 times (x 76B)
Class com.intellij.openapi.externalSystem.model.project.ExternalSystemSourceType      : loaded 3 times (x 85B)
Class com.google.gson.internal.bind.TypeAdapters$5                                    : loaded 3 times (x 75B)
Class com.google.gson.internal.bind.TypeAdapters$18                                   : loaded 3 times (x 75B)
Class com.google.gson.internal.bind.SerializationDelegatingTypeAdapter                : loaded 3 times (x 74B)
Class org.jetbrains.plugins.gradle.model.DefaultUnresolvedExternalDependency          : loaded 3 times (x 111B)
Class com.intellij.openapi.externalSystem.model.project.dependencies.ArtifactDependencyNodeImpl: loaded 3 times (x 95B)
Class com.google.gson.annotations.JsonAdapter                                         : loaded 3 times (x 70B)
Class com.intellij.gradle.toolingExtension.impl.util.GradleObjectUtil                 : loaded 3 times (x 71B)
Class com.intellij.openapi.externalSystem.model.project.dependencies.ProjectDependencyNode: loaded 3 times (x 70B)
Class org.jetbrains.kotlin.idea.gradleTooling.AbstractKotlinGradleModelBuilder$Companion: loaded 3 times (x 71B)
Class org.jetbrains.kotlin.idea.gradleTooling.KotlinGradleModelImpl                   : loaded 3 times (x 85B)
Class com.google.gson.internal.bind.TypeAdapters$25                                   : loaded 3 times (x 75B)
Class org.jetbrains.kotlin.idea.gradleTooling.model.kapt.KaptModelBuilderService      : loaded 3 times (x 86B)
Class com.intellij.gradle.toolingExtension.impl.model.sourceSetArtifactIndex.GradleSourceSetArtifactIndexBuilder: loaded 3 times (x 86B)
Class com.google.gson.GsonBuilder                                                     : loaded 3 times (x 72B)
Class org.jetbrains.plugins.gradle.tooling.builder.ProjectExtensionsDataBuilderImpl$Companion: loaded 3 times (x 71B)
Class com.google.gson.JsonArray                                                       : loaded 3 times (x 100B)
Class com.google.gson.LongSerializationPolicy$1                                       : loaded 3 times (x 80B)
Class com.google.gson.FieldNamingPolicy$5                                             : loaded 3 times (x 85B)
Class com.google.gson.internal.ObjectConstructor                                      : loaded 3 times (x 70B)
Class org.jetbrains.kotlin.idea.gradleTooling.model.assignment.AssignmentModel        : loaded 3 times (x 70B)
Class com.google.gson.FieldNamingStrategy                                             : loaded 3 times (x 70B)
Class com.google.gson.internal.bind.MapTypeAdapterFactory$Adapter                     : loaded 3 times (x 74B)
Class com.intellij.gradle.toolingExtension.impl.model.dependencyModel.GradleDependencyResolver: loaded 3 times (x 72B)
Class com.google.gson.internal.ConstructorConstructor                                 : loaded 3 times (x 72B)
Class org.jetbrains.kotlin.idea.gradleTooling.reflect.KotlinSwiftExportReflection     : loaded 3 times (x 70B)
Class org.jetbrains.plugins.gradle.tooling.util.GradleContainerUtil                   : loaded 3 times (x 71B)
Class com.google.gson.JsonObject                                                      : loaded 3 times (x 93B)
Class com.google.gson.internal.bind.DefaultDateTypeAdapter                            : loaded 3 times (x 74B)
Class com.google.gson.internal.sql.SqlTimeTypeAdapter$1                               : loaded 3 times (x 75B)
Class com.intellij.openapi.externalSystem.model.project.dependencies.ComponentDependencies: loaded 3 times (x 70B)
Class org.jetbrains.plugins.gradle.tooling.ModelBuilderService$Ex                     : loaded 3 times (x 70B)
Class com.google.gson.internal.bind.TypeAdapters$4                                    : loaded 3 times (x 75B)
Class com.google.gson.internal.bind.TypeAdapters$17                                   : loaded 3 times (x 75B)
Class org.jetbrains.plugins.gradle.tooling.MessageReportBuilder                       : loaded 3 times (x 70B)
Class com.intellij.gradle.toolingExtension.impl.model.sourceSetModel.GradleSourceSetModelBuilder$2: loaded 3 times (x 83B)
Class org.jetbrains.plugins.gradle.tooling.builder.ProjectRepositoriesModelBuilder    : loaded 3 times (x 78B)
Class com.intellij.gradle.toolingExtension.impl.model.sourceSetModel.GradleSourceSetModelBuilder: loaded 3 times (x 86B)
Class org.jetbrains.plugins.gradle.tooling.builder.ProjectExtensionsDataBuilderImpl   : loaded 3 times (x 78B)
Class org.jetbrains.kotlin.idea.gradleTooling.model.samWithReceiver.SamWithReceiverModelBuilderService: loaded 3 times (x 85B)
Class com.intellij.gradle.toolingExtension.impl.model.sourceSetArtifactIndex.GradleSourceSetArtifactModel: loaded 3 times (x 76B)
Class org.jetbrains.kotlin.idea.gradleTooling.ModelBuilderUtilsKt                     : loaded 3 times (x 71B)
Class com.google.gson.LongSerializationPolicy$2                                       : loaded 3 times (x 80B)
Class com.google.gson.JsonNull                                                        : loaded 3 times (x 92B)
Class org.jetbrains.plugins.gradle.tooling.builder.WarModelBuilderImplKt              : loaded 3 times (x 71B)
Class com.google.gson.internal.sql.SqlTypesSupport$2                                  : loaded 3 times (x 74B)
Class com.google.gson.internal.bind.TypeAdapters$3                                    : loaded 3 times (x 75B)
Class com.google.gson.internal.sql.SqlTimeTypeAdapter                                 : loaded 3 times (x 74B)
Class com.google.gson.internal.bind.TreeTypeAdapter                                   : loaded 3 times (x 75B)
Class com.google.gson.internal.bind.TypeAdapters$16                                   : loaded 3 times (x 75B)
Class com.google.gson.internal.bind.TypeAdapters$29                                   : loaded 3 times (x 76B)
Class com.google.gson.internal.bind.MapTypeAdapterFactory                             : loaded 3 times (x 75B)
Class com.google.gson.internal.Streams$AppendableWriter                               : loaded 3 times (x 99B)
Class org.jetbrains.plugins.gradle.tooling.util.BooleanBiFunction                     : loaded 3 times (x 70B)
Class com.intellij.openapi.externalSystem.model.project.dependencies.ProjectDependencyNodeImpl: loaded 3 times (x 93B)
Class org.jetbrains.plugins.gradle.model.scala.ScalaModel                             : loaded 3 times (x 70B)
Class com.intellij.gradle.toolingExtension.impl.model.sourceSetArtifactIndex.GradleSourceSetArtifactIndex: loaded 3 times (x 78B)
Class org.jetbrains.kotlin.idea.gradleTooling.KotlinMPPGradleModelBinary              : loaded 3 times (x 70B)
Class com.intellij.gradle.toolingExtension.impl.model.utilDummyModel.DefaultDummyModel: loaded 3 times (x 73B)
Class com.intellij.openapi.externalSystem.model.project.dependencies.ArtifactDependencyNode: loaded 3 times (x 70B)
Class org.jetbrains.kotlin.idea.gradleTooling.AbstractKotlinGradleModelBuilder        : loaded 3 times (x 81B)
Class com.google.gson.Gson                                                            : loaded 3 times (x 72B)
Class com.google.gson.internal.sql.SqlTypesSupport                                    : loaded 3 times (x 71B)
Class org.jetbrains.plugins.gradle.DefaultExternalDependencyId                        : loaded 3 times (x 80B)
Class com.intellij.gradle.toolingExtension.impl.model.sourceSetModel.GradleSourceSetResolutionContext: loaded 3 times (x 73B)
Class org.jetbrains.kotlin.idea.gradleTooling.model.noarg.NoArgModelBuilderService    : loaded 3 times (x 85B)
Class org.jetbrains.kotlin.idea.gradleTooling.MultiplatformModelImportingChecker      : loaded 3 times (x 70B)
Class com.google.gson.internal.sql.SqlTypesSupport$1                                  : loaded 3 times (x 74B)
Class com.google.gson.internal.bind.TypeAdapters$15                                   : loaded 3 times (x 75B)
Class com.google.gson.internal.bind.TypeAdapters$2                                    : loaded 3 times (x 75B)
Class com.google.gson.Strictness                                                      : loaded 3 times (x 79B)
Class org.jetbrains.kotlin.tooling.core.KotlinToolingVersion                          : loaded 3 times (x 75B)
Class com.google.gson.internal.bind.DefaultDateTypeAdapter$DateType                   : loaded 3 times (x 73B)
Class org.jetbrains.kotlin.idea.gradleTooling.model.lombok.LombokModelBuilderService  : loaded 3 times (x 87B)
Class com.google.gson.internal.bind.JsonAdapterAnnotationTypeAdapterFactory           : loaded 3 times (x 75B)
Class com.google.gson.internal.bind.ArrayTypeAdapter                                  : loaded 3 times (x 74B)
Class com.google.gson.internal.bind.TypeAdapters$26                                   : loaded 3 times (x 75B)
Class com.intellij.openapi.externalSystem.model.project.dependencies.UnknownDependencyNode: loaded 3 times (x 87B)
Class com.intellij.gradle.toolingExtension.impl.model.taskModel.GradleTaskModelBuilder: loaded 3 times (x 86B)
Class org.jetbrains.kotlin.idea.gradleTooling.model.annotation.AnnotationBasedPluginModelBuilderService: loaded 3 times (x 85B)
Class org.jetbrains.kotlin.idea.gradleTooling.UtilsKt                                 : loaded 3 times (x 71B)
Class com.google.gson.stream.JsonReader                                               : loaded 3 times (x 97B)
Class org.jetbrains.kotlin.idea.gradleTooling.KotlinDslScriptTaskModelBuilder         : loaded 3 times (x 86B)
Class com.intellij.gradle.toolingExtension.impl.model.repositoryModel.DefaultProjectRepositoriesModel: loaded 3 times (x 76B)
Class com.google.gson.FieldNamingPolicy$6                                             : loaded 3 times (x 85B)
Class org.jetbrains.plugins.gradle.tooling.ModelBuilderContext                        : loaded 3 times (x 70B)
Class org.jetbrains.plugins.gradle.model.web.WebConfiguration                         : loaded 3 times (x 70B)
Class org.jetbrains.plugins.gradle.tooling.builder.ScalaModelBuilderImpl              : loaded 3 times (x 81B)
Class com.google.gson.internal.bind.TypeAdapters$14                                   : loaded 3 times (x 75B)
Class com.google.gson.reflect.TypeToken                                               : loaded 3 times (x 75B)
Class [Lcom.google.gson.Strictness;                                                   : loaded 3 times (x 69B)
Class org.jetbrains.kotlin.idea.gradleTooling.model.parcelize.ParcelizeModelBuilderService: loaded 3 times (x 81B)
Class com.google.gson.internal.bind.TypeAdapters$1                                    : loaded 3 times (x 75B)
Class org.jetbrains.kotlin.idea.gradleTooling.PrepareKotlinIdeaImportTaskModelBuilder : loaded 3 times (x 86B)
Class JetGradlePlugin                                                                 : loaded 3 times (x 96B)
Class com.intellij.gradle.toolingExtension.impl.model.dependencyModel.GradleDependencyResolver$1: loaded 3 times (x 77B)
Class com.google.gson.internal.bind.ReflectiveTypeAdapterFactory$1                    : loaded 3 times (x 74B)
Class org.jetbrains.kotlin.tooling.core.InternerKt                                    : loaded 3 times (x 71B)
Class org.jetbrains.plugins.gradle.model.DefaultExternalProjectDependency             : loaded 3 times (x 120B)
Class com.google.gson.internal.bind.NumberTypeAdapter$1                               : loaded 3 times (x 76B)
Class com.intellij.gradle.toolingExtension.impl.util.GradleIdeaPluginUtil             : loaded 3 times (x 71B)
Class org.jetbrains.plugins.gradle.tooling.builder.IntelliJProjectSettingsBuilder     : loaded 3 times (x 78B)
Class com.intellij.gradle.toolingExtension.impl.util.collectionUtil.GradleCollectionVisitor: loaded 3 times (x 70B)
Class com.google.gson.internal.bind.ReflectiveTypeAdapterFactory                      : loaded 3 times (x 75B)
Class org.jetbrains.plugins.gradle.tooling.builder.DependencyAccessorsModelBuilder    : loaded 3 times (x 81B)
Class com.google.gson.internal.sql.SqlTimestampTypeAdapter                            : loaded 3 times (x 76B)
Class com.google.gson.ToNumberPolicy$4                                                : loaded 3 times (x 83B)
Class org.jetbrains.plugins.gradle.model.DefaultExternalLibraryDependency             : loaded 3 times (x 111B)
Class com.google.gson.internal.bind.TypeAdapters$13                                   : loaded 3 times (x 75B)
Class com.google.gson.internal.ReflectionAccessFilterHelper                           : loaded 3 times (x 71B)
Class com.google.gson.internal.sql.SqlTimestampTypeAdapter$1                          : loaded 3 times (x 75B)
Class com.google.gson.JsonPrimitive                                                   : loaded 3 times (x 93B)
Class com.intellij.gradle.toolingExtension.impl.util.GradleProjectUtil                : loaded 3 times (x 71B)
Class com.google.gson.internal.reflect.ReflectionHelper$RecordHelper                  : loaded 3 times (x 75B)
Class com.google.gson.internal.sql.SqlDateTypeAdapter$1                               : loaded 3 times (x 75B)
Class com.intellij.gradle.toolingExtension.impl.model.dependencyGraphModel.GradleDependencyGraphModelBuilder: loaded 3 times (x 82B)
Class [Lcom.google.gson.ToNumberStrategy;                                             : loaded 3 times (x 69B)
Class com.intellij.gradle.toolingExtension.impl.model.utilTurnOffDefaultTasksModel.DefaultTurnOffDefaultTasks: loaded 3 times (x 71B)
Class com.intellij.gradle.toolingExtension.impl.model.resourceFilterModel.GradleResourceFilterModelBuilder: loaded 3 times (x 71B)
Class org.jetbrains.kotlin.idea.gradleTooling.reflect.ReflectionLogger                : loaded 3 times (x 70B)
Class org.jetbrains.kotlin.idea.gradleTooling.model.lombok.LombokModel                : loaded 3 times (x 70B)
Class org.jetbrains.kotlin.idea.gradleTooling.KotlinGradleModelBuilder                : loaded 3 times (x 86B)
Class org.jetbrains.plugins.gradle.tooling.internal.DefaultRepositoryModels           : loaded 3 times (x 76B)
Class com.google.gson.internal.bind.TypeAdapters$12                                   : loaded 3 times (x 75B)
Class com.google.gson.internal.bind.ObjectTypeAdapter$1                               : loaded 3 times (x 76B)
Class org.jetbrains.kotlin.idea.gradleTooling.model.annotation.AnnotationBasedPluginModel: loaded 3 times (x 70B)
Class com.google.gson.TypeAdapter                                                     : loaded 3 times (x 73B)
Class com.google.gson.Gson$FutureTypeAdapter                                          : loaded 3 times (x 76B)
Class com.google.gson.ToNumberStrategy                                                : loaded 3 times (x 70B)
Class com.intellij.gradle.toolingExtension.impl.model.dependencyDownloadPolicyModel.GradleDependencyDownloadPolicyCache: loaded 3 times (x 75B)
Class com.google.gson.ReflectionAccessFilter$FilterResult                             : loaded 3 times (x 79B)
Class com.google.gson.ToNumberPolicy$2                                                : loaded 3 times (x 83B)
Class org.jetbrains.plugins.gradle.tooling.MessageReporter                            : loaded 3 times (x 70B)
Class org.jetbrains.kotlin.idea.gradleTooling.model.assignment.AssignmentModelBuilderService: loaded 3 times (x 85B)
Class com.intellij.compose.ide.plugin.gradleTooling.rt.ComposeResourcesModelBuilder   : loaded 3 times (x 78B)
Class com.google.gson.ToNumberPolicy$3                                                : loaded 3 times (x 83B)
Class com.google.gson.internal.reflect.ReflectionHelper                               : loaded 3 times (x 71B)
Class com.google.gson.internal.bind.TypeAdapters$27                                   : loaded 3 times (x 75B)
Class com.google.gson.FieldNamingPolicy$7                                             : loaded 3 times (x 85B)
Class [Lcom.google.gson.ReflectionAccessFilter$FilterResult;                          : loaded 3 times (x 69B)
Class com.google.gson.JsonElement                                                     : loaded 3 times (x 92B)
Class com.google.gson.internal.bind.ReflectiveTypeAdapterFactory$FieldsData           : loaded 3 times (x 72B)
Class com.intellij.gradle.toolingExtension.impl.model.taskModel.DefaultGradleTaskModel: loaded 3 times (x 75B)
Class org.jetbrains.plugins.gradle.model.AbstractExternalDependency                   : loaded 3 times (x 106B)
Class org.jetbrains.kotlin.idea.gradleTooling.model.allopen.AllOpenModelBuilderService: loaded 3 times (x 85B)
Class [Lcom.google.gson.FieldNamingPolicy;                                            : loaded 3 times (x 69B)
Class com.google.gson.internal.bind.TypeAdapters$11                                   : loaded 3 times (x 75B)
Class com.intellij.gradle.toolingExtension.impl.model.projectModel.GradleExternalProjectModelBuilder: loaded 3 times (x 86B)
Class org.jetbrains.plugins.gradle.tooling.builder.AnnotationProcessingModelBuilder   : loaded 3 times (x 86B)
Class org.jetbrains.plugins.gradle.tooling.builder.VersionCatalogsModelBuilder        : loaded 3 times (x 86B)
Class com.intellij.openapi.externalSystem.model.project.dependencies.AbstractDependencyNode: loaded 3 times (x 87B)
Class com.intellij.gradle.toolingExtension.impl.model.utilDummyModel.DummyModelBuilder: loaded 3 times (x 86B)
Class com.intellij.gradle.toolingExtension.impl.model.warmUp.GradleTaskWarmUpService  : loaded 3 times (x 86B)
Class com.intellij.gradle.toolingExtension.impl.modelBuilder.DefaultModelBuilderContext: loaded 3 times (x 77B)
Class org.jetbrains.kotlin.idea.gradleTooling.KotlinMPPGradleModelBuilder$Companion   : loaded 3 times (x 71B)
Class org.jetbrains.kotlin.idea.gradleTooling.OrphanSourceSetImportingChecker         : loaded 3 times (x 74B)
Class com.google.gson.internal.bind.ReflectiveTypeAdapterFactory$2                    : loaded 3 times (x 79B)
Class [Lcom.google.gson.LongSerializationPolicy;                                      : loaded 3 times (x 69B)
Class com.google.gson.internal.bind.TypeAdapters$10                                   : loaded 3 times (x 75B)
Class org.jetbrains.kotlin.idea.gradleTooling.model.parcelize.ParcelizeGradleModel    : loaded 3 times (x 70B)
Class com.google.gson.internal.reflect.ReflectionHelper$RecordSupportedHelper         : loaded 3 times (x 78B)
Class com.google.gson.internal.bind.ReflectiveTypeAdapterFactory$Adapter              : loaded 3 times (x 77B)
Class com.intellij.gradle.toolingExtension.impl.model.sourceSetModel.GradleSourceSetModelBuilder$1: loaded 3 times (x 83B)
Class com.google.gson.LongSerializationPolicy                                         : loaded 3 times (x 80B)
Class org.jetbrains.plugins.gradle.tooling.serialization.internal.adapter.InternalBuildIdentifier: loaded 3 times (x 75B)
Class com.google.gson.internal.bind.CollectionTypeAdapterFactory                      : loaded 3 times (x 75B)
Class org.jetbrains.kotlin.idea.gradleTooling.reflect.KotlinSourceSetReflectionKt     : loaded 2 times (x 71B)
Class com.android.ide.gradle.model.composites.BuildMapModelBuilder                    : loaded 2 times (x 75B)
Class [Lorg.jetbrains.kotlin.utils.DescriptionAware;                                  : loaded 2 times (x 69B)
Class org.objectweb.asm.Attribute                                                     : loaded 2 times (x 77B)
Class com.google.common.base.Supplier                                                 : loaded 2 times (x 70B)
Class org.gradle.internal.classloader.VisitableURLClassLoader                         : loaded 2 times (x 117B)
Class com.google.common.io.Closer$Suppressor                                          : loaded 2 times (x 70B)
Class com.google.common.util.concurrent.AbstractFuture$Listener                       : loaded 2 times (x 72B)
Class com.google.common.collect.Interners                                             : loaded 2 times (x 71B)
Class org.objectweb.asm.RecordComponentWriter                                         : loaded 2 times (x 78B)
Class com.google.common.io.LineProcessor                                              : loaded 2 times (x 70B)
Class org.jetbrains.kotlin.load.kotlin.header.KotlinClassHeader$Kind$Companion        : loaded 2 times (x 71B)
Class org.jetbrains.kotlin.config.MavenComparableVersion$ListItem                     : loaded 2 times (x 218B)
Class com.google.common.collect.ImmutableMultisetGwtSerializationDependencies         : loaded 2 times (x 125B)
Class Settings_gradle$1$1                                                             : loaded 2 times (x 74B)
Class com.google.common.cache.CacheStats                                              : loaded 2 times (x 71B)
Class org.objectweb.asm.AnnotationWriter                                              : loaded 2 times (x 79B)
Class com.google.common.io.ByteSource$EmptyByteSource                                 : loaded 2 times (x 85B)
Class org.jetbrains.org.objectweb.asm.tree.AbstractInsnNode                           : loaded 2 times (x 78B)
Class net.rubygrapefruit.platform.internal.Platform$Linux64Bit                        : loaded 2 times (x 83B)
Class net.rubygrapefruit.platform.internal.Platform$MacOs32Bit                        : loaded 2 times (x 82B)
Class org.gradle.internal.classloader.ClassLoaderSpec                                 : loaded 2 times (x 71B)
Class com.android.ide.gradle.model.builder.LegacyAndroidGradlePluginPropertiesModelBuilder$VariantCollectionProvider$AndroidTest: loaded 2 times (x 72B)
Class com.android.ide.gradle.model.dependencies.DeclaredDependenciesModelBuilderKt    : loaded 2 times (x 71B)
Class Settings_gradle                                                                 : loaded 2 times (x 128B)
Class org.jetbrains.kotlin.idea.gradleTooling.GeneratedSourceRootsKt                  : loaded 2 times (x 71B)
Class net.rubygrapefruit.platform.internal.FunctionResult$Failure                     : loaded 2 times (x 79B)
Class net.rubygrapefruit.platform.internal.NativeLibraryLoader                        : loaded 2 times (x 73B)
Class org.apache.commons.io.file.PathVisitor                                          : loaded 2 times (x 70B)
Class com.google.common.util.concurrent.AbstractFuture$Waiter                         : loaded 2 times (x 72B)
Class com.google.common.collect.ImmutableList$SerializedForm                          : loaded 2 times (x 73B)
Class com.google.common.collect.RegularImmutableMap$Values                            : loaded 2 times (x 207B)
Class com.google.common.io.Closer                                                     : loaded 2 times (x 78B)
Class com.google.common.collect.Sets$FilteredSet                                      : loaded 2 times (x 137B)
Class com.google.common.base.CharMatcher$Ascii                                        : loaded 2 times (x 112B)
Class org.jetbrains.kotlin.config.ApiVersion$Companion                                : loaded 2 times (x 71B)
Class com.google.common.base.AbstractIterator                                         : loaded 2 times (x 80B)
Class org.objectweb.asm.Symbol                                                        : loaded 2 times (x 73B)
Class com.google.common.reflect.Types$ClassOwnership                                  : loaded 2 times (x 80B)
Class jdk.internal.jimage.decompressor.ZipDecompressorFactory                         : loaded 2 times (x 74B)
Class com.android.ide.gradle.model.builder.LegacyAndroidGradlePluginPropertiesModelBuilder$VariantCollectionProvider: loaded 2 times (x 72B)
Class org.gradle.internal.classpath.DefaultClassPath                                  : loaded 2 times (x 90B)
Class org.gradle.internal.classloader.VisitableURLClassLoader$Spec                    : loaded 2 times (x 74B)
Class [Lcom.google.common.cache.CacheBuilder$NullListener;                            : loaded 2 times (x 69B)
Class com.google.common.math.IntMath$1                                                : loaded 2 times (x 71B)
Class [Lcom.android.ide.gradle.model.builder.LegacyAndroidGradlePluginPropertiesModelBuilder$VariantCollectionProvider;: loaded 2 times (x 69B)
Class com.google.common.collect.MapMakerInternalMap$StrongKeyDummyValueEntry$Helper   : loaded 2 times (x 79B)
Class org.objectweb.asm.ByteVector                                                    : loaded 2 times (x 79B)
Class jdk.internal.jimage.decompressor.ZipDecompressor                                : loaded 2 times (x 75B)
Class org.jetbrains.org.objectweb.asm.tree.TypeInsnNode                               : loaded 2 times (x 79B)
Class com.google.common.collect.HashBiMap                                             : loaded 2 times (x 143B)
Class org.objectweb.asm.Handler                                                       : loaded 2 times (x 72B)
Class com.google.common.collect.Sets                                                  : loaded 2 times (x 71B)
Class com.google.common.collect.MapMakerInternalMap                                   : loaded 2 times (x 161B)
Class com.google.common.base.Strings                                                  : loaded 2 times (x 71B)
Class com.google.common.base.Ticker                                                   : loaded 2 times (x 72B)
Class com.google.common.io.Files$FileByteSink                                         : loaded 2 times (x 77B)
Class org.apache.commons.io.FileUtils                                                 : loaded 2 times (x 71B)
Class org.apache.commons.io.file.Counters                                             : loaded 2 times (x 71B)
Class com.intellij.util.ExceptionUtilRt                                               : loaded 2 times (x 71B)
Class org.gradle.kotlin.dsl.Accessors6ijptz36i787i38pli2t3331aKt                      : loaded 2 times (x 71B)
Class org.gradle.internal.classloader.VisitableURLClassLoader$InstrumentingVisitableURLClassLoader: loaded 2 times (x 123B)
Class org.objectweb.asm.Type                                                          : loaded 2 times (x 72B)
Class org.jetbrains.kotlin.config.JVMAssertionsMode                                   : loaded 2 times (x 79B)
Class [Lorg.jetbrains.kotlin.config.JVMAssertionsMode;                                : loaded 2 times (x 69B)
Class com.google.common.graph.SuccessorsFunction                                      : loaded 2 times (x 70B)
Class org.jetbrains.kotlin.metadata.deserialization.BinaryVersion$Companion           : loaded 2 times (x 71B)
Class [Lorg.jetbrains.plugins.gradle.tooling.Message$Kind;                            : loaded 2 times (x 69B)
Class _BuildScript_$_run_closure1$_closure2                                           : loaded 2 times (x 132B)
Class com.google.common.util.concurrent.AbstractFuture$SynchronizedHelper             : loaded 2 times (x 78B)
Class com.google.common.collect.Sets$SetView                                          : loaded 2 times (x 138B)
Class com.google.common.base.Predicates$CompositionPredicate                          : loaded 2 times (x 88B)
Class com.google.common.cache.LocalCache$StrongValueReference                         : loaded 2 times (x 90B)
Class [Lcom.google.common.collect.Iterators$EmptyModifiableIterator;                  : loaded 2 times (x 69B)
Class org.jetbrains.kotlin.utils.StringsKt                                            : loaded 2 times (x 71B)
Class org.jetbrains.plugins.gradle.model.DefaultExternalTask                          : loaded 2 times (x 83B)
Class org.jetbrains.org.objectweb.asm.tree.LineNumberNode                             : loaded 2 times (x 79B)
Class [Lorg.jetbrains.kotlin.load.kotlin.header.KotlinClassHeader$Kind;               : loaded 2 times (x 69B)
Class com.google.common.cache.RemovalCause$1                                          : loaded 2 times (x 80B)
Class [Lcom.google.common.cache.LocalCache$Segment;                                   : loaded 2 times (x 69B)
Class [Lcom.google.common.cache.LocalCache$Strength;                                  : loaded 2 times (x 69B)
Class com.google.common.cache.CacheBuilder$1                                          : loaded 2 times (x 85B)
Class com.google.common.collect.ImmutableMap                                          : loaded 2 times (x 120B)
Class org.gradle.internal.classpath.DefaultClassPath$ImmutableUniqueList$Builder      : loaded 2 times (x 75B)
Class org.jetbrains.kotlin.idea.gradleTooling.reflect.KotlinMultiplatformImportReflectionImpl$Companion: loaded 2 times (x 71B)
Class com.android.ide.gradle.model.builder.GradlePropertiesModelBuilder               : loaded 2 times (x 75B)
Class com.google.common.collect.Maps$8                                                : loaded 2 times (x 82B)
Class com.google.common.collect.AbstractMapBasedMultimap$WrappedList                  : loaded 2 times (x 205B)
Class [Lorg.objectweb.asm.AnnotationWriter;                                           : loaded 2 times (x 69B)
Class org.jetbrains.kotlin.load.kotlin.header.ReadKotlinClassHeaderAnnotationVisitor  : loaded 2 times (x 80B)
Class jdk.internal.jimage.ImageReader$Directory                                       : loaded 2 times (x 84B)
Class org.jetbrains.kotlin.idea.gradleTooling.KotlinGradlePluginVersionImpl           : loaded 2 times (x 78B)
Class Build_gradle$2                                                                  : loaded 2 times (x 78B)
Class com.google.common.base.Platform                                                 : loaded 2 times (x 71B)
Class com.google.common.collect.MapMakerInternalMap$StrongKeyDummyValueEntry          : loaded 2 times (x 82B)
Class com.google.common.collect.CollectSpliterators                                   : loaded 2 times (x 71B)
Class com.google.common.reflect.Invokable$MethodInvokable                             : loaded 2 times (x 107B)
Class jdk.internal.jimage.decompressor.ResourceDecompressorRepository                 : loaded 2 times (x 71B)
Class com.google.common.cache.RemovalCause$2                                          : loaded 2 times (x 80B)
Class com.google.common.collect.MapMakerInternalMap$WeakValueReference                : loaded 2 times (x 70B)
Class com.google.common.cache.LocalCache                                              : loaded 2 times (x 187B)
Class com.google.common.cache.CacheBuilder$2                                          : loaded 2 times (x 79B)
Class org.jetbrains.kotlin.idea.gradleTooling.reflect.Parameter                       : loaded 2 times (x 72B)
Class com.google.common.cache.LocalCache$LoadingValueReference                        : loaded 2 times (x 96B)
Class org.jetbrains.org.objectweb.asm.Symbol                                          : loaded 2 times (x 73B)
Class [Lcom.google.common.collect.ImmutableEntry;                                     : loaded 2 times (x 69B)
Class com.google.common.collect.MapMaker                                              : loaded 2 times (x 72B)
Class com.google.common.reflect.Types$JavaVersion                                     : loaded 2 times (x 83B)
Class org.apache.commons.io.file.PathFilter                                           : loaded 2 times (x 70B)
Class org.jetbrains.kotlin.name.Name                                                  : loaded 2 times (x 75B)
Class jdk.internal.jimage.ImageReader$SharedImageReader$LocationVisitor               : loaded 2 times (x 70B)
Class sync_studio_tooling3_2qvb9iro9vqnh9oz5h4smwcmp                                  : loaded 2 times (x 179B)
Class org.gradle.api.specs.Spec                                                       : loaded 2 times (x 70B)
Class com.google.common.collect.Maps                                                  : loaded 2 times (x 71B)
Class com.google.common.io.CharSource                                                 : loaded 2 times (x 85B)
Class org.jetbrains.org.objectweb.asm.ModuleVisitor                                   : loaded 2 times (x 80B)
Class com.google.common.util.concurrent.Uninterruptibles                              : loaded 2 times (x 71B)
Class org.jetbrains.kotlin.load.kotlin.KotlinJvmBinaryClass$AnnotationArgumentVisitor : loaded 2 times (x 70B)
Class org.jetbrains.kotlin.load.kotlin.header.KotlinClassHeader$Kind                  : loaded 2 times (x 79B)
Class org.jetbrains.kotlin.metadata.jvm.deserialization.JvmMemberSignature            : loaded 2 times (x 74B)
Class net.rubygrapefruit.platform.internal.Platform$Unix                              : loaded 2 times (x 82B)
Class com.google.common.base.Charsets                                                 : loaded 2 times (x 71B)
Class org.jetbrains.kotlin.idea.gradleTooling.reflect.KotlinSourceSetReflectionImpl$Companion: loaded 2 times (x 71B)
Class org.jetbrains.org.objectweb.asm.tree.IincInsnNode                               : loaded 2 times (x 78B)
Class org.jetbrains.org.objectweb.asm.tree.MultiANewArrayInsnNode                     : loaded 2 times (x 79B)
Class com.google.common.cache.RemovalCause$3                                          : loaded 2 times (x 80B)
Class org.jetbrains.kotlin.config.LanguageVersion                                     : loaded 2 times (x 91B)
Class [Lcom.google.common.collect.AbstractMapEntry;                                   : loaded 2 times (x 69B)
Class com.google.common.cache.CacheBuilder$3                                          : loaded 2 times (x 72B)
Class com.google.common.collect.ImmutableEntry                                        : loaded 2 times (x 82B)
Class com.google.common.collect.ArrayListMultimap                                     : loaded 2 times (x 172B)
Class org.jetbrains.kotlin.cli.common.arguments.K2JVMCompilerArguments                : loaded 2 times (x 80B)
Class [Lcom.android.ide.gradle.model.builder.LegacyAndroidGradlePluginPropertiesModelBuilder$PluginType;: loaded 2 times (x 69B)
Class sync_studio_tooling4814_9wsc68k7yfqtczhxh5fqml4ke                               : loaded 2 times (x 179B)
Class org.gradle.internal.classloader.ClasspathUtil                                   : loaded 2 times (x 71B)
Class com.google.common.collect.Maps$EntryFunction                                    : loaded 2 times (x 91B)
Class com.google.common.reflect.Types$ClassOwnership$1LocalClass                      : loaded 2 times (x 71B)
Class org.jetbrains.kotlin.load.kotlin.FileBasedKotlinClass                           : loaded 2 times (x 88B)
Class net.rubygrapefruit.platform.internal.Platform$FreeBSD32Bit                      : loaded 2 times (x 82B)
Class net.rubygrapefruit.platform.internal.Platform$Unsupported                       : loaded 2 times (x 79B)
Class jdk.internal.jrtfs.JrtPath                                                      : loaded 2 times (x 118B)
Class jdk.internal.jimage.ImageBufferCache                                            : loaded 2 times (x 71B)
Class com.google.gson.internal.GsonTypes                                              : loaded 2 times (x 71B)
Class com.google.common.cache.CacheBuilder$OneWeigher                                 : loaded 2 times (x 82B)
Class com.google.common.collect.IndexedImmutableSet$1                                 : loaded 2 times (x 213B)
Class [Lorg.jetbrains.kotlin.cli.common.CompilerSystemProperties;                     : loaded 2 times (x 69B)
Class org.apache.commons.io.output.AbstractByteArrayOutputStream                      : loaded 2 times (x 102B)
Class com.google.gson.internal.bind.TypeAdapters$32$1                                 : loaded 2 times (x 74B)
Class org.jetbrains.kotlin.idea.gradleTooling.reflect.TypeToken                       : loaded 2 times (x 72B)
Class org.gradle.kotlin.dsl.Accessors377twfxlhpj2n65rquy9ybeqsKt                      : loaded 2 times (x 71B)
Class com.google.common.collect.ImmutableMapEntry$NonTerminalImmutableMapEntry        : loaded 2 times (x 85B)
Class com.google.common.base.Equivalence                                              : loaded 2 times (x 82B)
Class org.jetbrains.kotlin.cli.common.arguments.CommonCompilerArguments$Companion     : loaded 2 times (x 71B)
Class com.google.common.collect.ImmutableMultimap                                     : loaded 2 times (x 147B)
Class com.google.common.base.Predicates                                               : loaded 2 times (x 71B)
Class org.jetbrains.kotlin.name.FqName                                                : loaded 2 times (x 72B)
Class ijInit3_55i7q5t6in1uhhuiwdvurjdcs                                               : loaded 2 times (x 179B)
Class org.jetbrains.kotlin.idea.gradleTooling.model.kapt.KaptGradleModelImpl          : loaded 2 times (x 77B)
Class jdk.internal.jimage.ImageStrings                                                : loaded 2 times (x 70B)
Class org.jetbrains.org.objectweb.asm.tree.LocalVariableAnnotationNode                : loaded 2 times (x 81B)
Class org.jetbrains.org.objectweb.asm.SymbolTable$Entry                               : loaded 2 times (x 74B)
Class org.jetbrains.kotlin.metadata.deserialization.BinaryVersion                     : loaded 2 times (x 74B)
Class org.apache.commons.io.StandardLineSeparator                                     : loaded 2 times (x 79B)
Class com.google.common.cache.RemovalCause$4                                          : loaded 2 times (x 80B)
Class com.google.common.base.Suppliers$MemoizingSupplier                              : loaded 2 times (x 79B)
Class com.google.common.collect.CollectPreconditions                                  : loaded 2 times (x 71B)
Class com.google.common.collect.ImmutableMapEntry                                     : loaded 2 times (x 85B)
Class com.google.common.collect.MapMakerInternalMap$InternalEntry                     : loaded 2 times (x 70B)
Class org.objectweb.asm.commons.InstructionAdapter                                    : loaded 2 times (x 188B)
Class [Lcom.google.common.collect.HashBiMap$BiEntry;                                  : loaded 2 times (x 69B)
Class com.google.common.reflect.Types$TypeVariableInvocationHandler                   : loaded 2 times (x 75B)
Class org.apache.commons.io.file.Counters$AbstractPathCounters                        : loaded 2 times (x 82B)
Class org.jetbrains.org.objectweb.asm.tree.AnnotationNode                             : loaded 2 times (x 79B)
Class com.google.gson.internal.bind.EnumTypeAdapter                                   : loaded 2 times (x 76B)
Class com.google.common.math.IntMath                                                  : loaded 2 times (x 71B)
Class com.google.common.collect.AbstractMapBasedMultimap$KeySet                       : loaded 2 times (x 137B)
Class com.google.common.collect.Streams                                               : loaded 2 times (x 71B)
Class org.jetbrains.kotlin.tooling.core.KotlinToolingVersionKt                        : loaded 2 times (x 71B)
Class com.android.ide.gradle.model.builder.LegacyAndroidGradlePluginPropertiesModelBuilder$Companion$MethodCacheKey: loaded 2 times (x 72B)
Class org.jetbrains.org.objectweb.asm.tree.InvokeDynamicInsnNode                      : loaded 2 times (x 78B)
Class [Lcom.google.common.io.FileWriteMode;                                           : loaded 2 times (x 69B)
Class com.google.common.cache.RemovalCause$5                                          : loaded 2 times (x 80B)
Class com.google.common.collect.Maps$AbstractFilteredMap                              : loaded 2 times (x 127B)
Class [Lcom.google.common.collect.MapMakerInternalMap$Strength;                       : loaded 2 times (x 69B)
Class com.google.common.collect.SortedMapDifference                                   : loaded 2 times (x 70B)
Class org.gradle.internal.service.CachingServiceLocator                               : loaded 2 times (x 82B)
Class com.google.common.collect.ImmutableMap$SerializedForm                           : loaded 2 times (x 73B)
Class com.google.common.cache.LocalCache$LocalManualCache                             : loaded 2 times (x 99B)
Class com.google.common.base.CommonPattern                                            : loaded 2 times (x 74B)
Class org.apache.commons.io.CloseableURLConnection                                    : loaded 2 times (x 116B)
Class net.rubygrapefruit.platform.internal.Platform$Linux                             : loaded 2 times (x 83B)
Class com.android.ide.gradle.model.builder.LegacyAndroidGradlePluginPropertiesModelBuilder$PluginType: loaded 2 times (x 79B)
Class com.android.ide.gradle.model.builder.LegacyAndroidGradlePluginPropertiesModelBuilder$VariantCollectionProvider$ApplicationVariant: loaded 2 times (x 72B)
Class org.gradle.internal.classloader.ClassLoaderFactory                              : loaded 2 times (x 70B)
Class [Lcom.google.common.cache.LocalCache$EntryFactory;                              : loaded 2 times (x 69B)
Class com.google.common.base.CharMatcher$JavaLetter                                   : loaded 2 times (x 111B)
Class jdk.internal.jrtfs.JrtFileAttributes                                            : loaded 2 times (x 83B)
Class [Lorg.jetbrains.kotlin.tooling.core.KotlinToolingVersion$Maturity;              : loaded 2 times (x 69B)
Class Build_gradle$1$1                                                                : loaded 2 times (x 79B)
Class org.jetbrains.kotlin.tooling.core.KotlinToolingVersion$Maturity                 : loaded 2 times (x 79B)
Class sync_studio_tooling13931_be7bkq995jvh5sdwjm05luj6r                              : loaded 2 times (x 179B)
Class org.gradle.internal.service.ServiceLookupException                              : loaded 2 times (x 82B)
Class net.rubygrapefruit.platform.internal.NativeLibraryLocator                       : loaded 2 times (x 73B)
Class net.rubygrapefruit.platform.Process                                             : loaded 2 times (x 70B)
Class [Lorg.jetbrains.org.objectweb.asm.Symbol;                                       : loaded 2 times (x 69B)
Class com.google.common.cache.LocalCache$WriteThroughEntry                            : loaded 2 times (x 79B)
Class com.google.common.io.Files                                                      : loaded 2 times (x 71B)
Class com.google.common.cache.LocalCache$HashIterator                                 : loaded 2 times (x 86B)
Class com.google.common.collect.MapMakerInternalMap$StrongKeyDummyValueSegment        : loaded 2 times (x 142B)
Class com.google.common.collect.Iterables$4                                           : loaded 2 times (x 81B)
Class com.google.common.cache.LocalCache$EntryFactory                                 : loaded 2 times (x 83B)
Class org.jetbrains.kotlin.cli.common.arguments.CommonCompilerArguments               : loaded 2 times (x 79B)
Class com.google.common.collect.Maps$EntryTransformer                                 : loaded 2 times (x 70B)
Class org.jetbrains.kotlin.cli.common.CompilerSystemProperties$value$1                : loaded 2 times (x 125B)
Class com.google.common.reflect.TypeResolver$TypeTable$1                              : loaded 2 times (x 73B)
Class [Lorg.jetbrains.kotlin.config.LanguageVersion;                                  : loaded 2 times (x 69B)
Class jdk.internal.jimage.ImageReader$Resource                                        : loaded 2 times (x 84B)
Class jdk.internal.jimage.decompressor.Decompressor                                   : loaded 2 times (x 72B)
Class org.jetbrains.kotlin.idea.gradleTooling.GetAdditionalVisibleSourceSetsKt        : loaded 2 times (x 71B)
Class org.jetbrains.plugins.gradle.model.DefaultGradleProperty                        : loaded 2 times (x 78B)
Class com.google.common.cache.CacheLoader$SupplierToCacheLoader                       : loaded 2 times (x 75B)
Class org.objectweb.asm.RecordComponentVisitor                                        : loaded 2 times (x 77B)
Class org.jetbrains.kotlin.config.ExplicitApiMode                                     : loaded 2 times (x 79B)
Class com.google.common.reflect.TypeResolver$TypeTable                                : loaded 2 times (x 73B)
Class com.google.common.collect.ImmutableMultiset                                     : loaded 2 times (x 163B)
Class com.google.common.collect.AbstractMapBasedMultimap                              : loaded 2 times (x 139B)
Class com.google.common.base.FunctionalEquivalence                                    : loaded 2 times (x 83B)
Class com.google.common.util.concurrent.AbstractFuture                                : loaded 2 times (x 106B)
Class Build_gradle$1$2                                                                : loaded 2 times (x 78B)
Class [Lorg.jetbrains.kotlin.idea.gradleTooling.reflect.Parameter;                    : loaded 2 times (x 69B)
Class com.android.ide.gradle.model.builder.AndroidStudioToolingPlugin                 : loaded 2 times (x 75B)
Class com.android.tools.idea.gradle.project.sync.SelectedVariant                      : loaded 2 times (x 72B)
Class com.google.common.base.Converter                                                : loaded 2 times (x 90B)
Class com.google.common.reflect.Types$NativeTypeVariableEquals                        : loaded 2 times (x 71B)
Class com.google.common.reflect.TypeParameter                                         : loaded 2 times (x 72B)
Class com.google.common.collect.Iterables$5                                           : loaded 2 times (x 81B)
Class com.google.common.cache.LocalCache$AbstractReferenceEntry                       : loaded 2 times (x 107B)
Class [Lcom.google.common.collect.MapMaker$Dummy;                                     : loaded 2 times (x 69B)
Class com.google.common.base.CharMatcher$Whitespace                                   : loaded 2 times (x 112B)
Class com.google.common.base.Splitter$1$1                                             : loaded 2 times (x 86B)
Class com.google.common.cache.ReferenceEntry                                          : loaded 2 times (x 70B)
Class com.google.common.util.concurrent.ListenableFuture                              : loaded 2 times (x 70B)
Class org.jetbrains.kotlin.load.kotlin.KotlinJvmBinaryClass$AnnotationVisitor         : loaded 2 times (x 70B)
Class org.jetbrains.org.objectweb.asm.AnnotationWriter                                : loaded 2 times (x 78B)
Class jdk.internal.jimage.BasicImageReader$1                                          : loaded 2 times (x 77B)
Class com.android.ide.gradle.model.dependencies.DeclaredDependenciesModelBuilder$Companion: loaded 2 times (x 71B)
Class com.android.ide.gradle.model.dependencies.CoordinatesImpl                       : loaded 2 times (x 77B)
Class org.gradle.api.internal.classpath.DefaultModuleRegistry                         : loaded 2 times (x 86B)
Class org.jetbrains.kotlin.config.AnalysisFlag                                        : loaded 2 times (x 72B)
Class net.rubygrapefruit.platform.internal.Platform$Window32Bit                       : loaded 2 times (x 79B)
Class jdk.internal.jimage.ImageReader$Node                                            : loaded 2 times (x 84B)
Class com.google.common.cache.LocalCache$LocalManualCache$1                           : loaded 2 times (x 75B)
Class com.google.common.util.concurrent.AbstractFuture$UnsafeAtomicHelper             : loaded 2 times (x 78B)
Class com.google.common.collect.Iterators$6                                           : loaded 2 times (x 81B)
Class com.google.common.collect.HashBiMap$Inverse                                     : loaded 2 times (x 142B)
Class org.jetbrains.kotlin.name.FqNameUnsafe                                          : loaded 2 times (x 72B)
Class com.google.common.collect.ImmutableMultimap$Values                              : loaded 2 times (x 126B)
Class Build_gradle$1$3                                                                : loaded 2 times (x 78B)
Class com.google.common.collect.ImmutableSet$JdkBackedSetBuilderImpl                  : loaded 2 times (x 76B)
Class com.google.common.base.Splitter$SplittingIterator                               : loaded 2 times (x 84B)
Class com.google.common.util.concurrent.internal.InternalFutureFailureAccess          : loaded 2 times (x 72B)
Class org.jetbrains.org.objectweb.asm.Attribute                                       : loaded 2 times (x 77B)
Class org.jetbrains.org.objectweb.asm.Label                                           : loaded 2 times (x 73B)
Class org.apache.commons.io.filefilter.TrueFileFilter                                 : loaded 2 times (x 99B)
Class org.objectweb.asm.SymbolTable                                                   : loaded 2 times (x 72B)
Class com.google.common.collect.ImmutableMapKeySet                                    : loaded 2 times (x 152B)
Class com.google.common.cache.CacheLoader$InvalidCacheLoadException                   : loaded 2 times (x 82B)
Class org.gradle.internal.classloader.SystemClassLoaderSpec                           : loaded 2 times (x 71B)
Class org.apache.commons.io.output.NullWriter                                         : loaded 2 times (x 99B)
Class org.jetbrains.org.objectweb.asm.AnnotationVisitor                               : loaded 2 times (x 77B)
Class JetGradlePlugin$findJetModelBuilder$0                                           : loaded 2 times (x 146B)
Class jdk.internal.jimage.decompressor.ResourceDecompressorFactory                    : loaded 2 times (x 74B)
Class org.jetbrains.plugins.gradle.tooling.MessageBuilder                             : loaded 2 times (x 70B)
Class org.gradle.api.internal.classpath.ModuleRegistry                                : loaded 2 times (x 70B)
Class org.gradle.internal.installation.GradleInstallation$1                           : loaded 2 times (x 75B)
Class com.google.common.collect.AbstractListMultimap                                  : loaded 2 times (x 172B)
Class com.google.common.collect.ImmutableBiMap                                        : loaded 2 times (x 143B)
Class com.google.common.cache.CacheLoader                                             : loaded 2 times (x 74B)
Class [Lorg.objectweb.asm.SymbolTable$Entry;                                          : loaded 2 times (x 69B)
Class org.jetbrains.kotlin.utils.DescriptionAware                                     : loaded 2 times (x 70B)
Class [Lcom.google.common.base.Supplier;                                              : loaded 2 times (x 69B)
Class net.rubygrapefruit.platform.internal.LibraryDef                                 : loaded 2 times (x 72B)
Class Build_gradle$1$4                                                                : loaded 2 times (x 74B)
Class org.jetbrains.plugins.gradle.tooling.internal.VersionCatalogsModelImpl          : loaded 2 times (x 76B)
Class jdk.internal.jimage.ImageReader$SharedImageReader                               : loaded 2 times (x 95B)
Class org.jetbrains.org.objectweb.asm.Frame                                           : loaded 2 times (x 73B)
Class com.google.common.cache.LocalCache$StrongEntry                                  : loaded 2 times (x 108B)
Class com.google.common.collect.FluentIterable                                        : loaded 2 times (x 81B)
Class com.google.common.util.concurrent.AbstractFuture$TrustedFuture                  : loaded 2 times (x 114B)
Class com.google.common.cache.LoadingCache                                            : loaded 2 times (x 70B)
Class com.google.gson.internal.bind.EnumTypeAdapter$1                                 : loaded 2 times (x 75B)
Class com.android.ide.gradle.model.builder.LegacyAndroidGradlePluginPropertiesModelBuilder: loaded 2 times (x 80B)
Class _BuildScript_$_run_closure1                                                     : loaded 2 times (x 132B)
Class com.google.common.cache.LocalCache$Segment                                      : loaded 2 times (x 154B)
Class [Lorg.jetbrains.kotlin.cli.common.messages.CompilerMessageSeverity;             : loaded 2 times (x 69B)
Class com.google.common.reflect.TypeToken$2                                           : loaded 2 times (x 110B)
Class jdk.internal.jimage.ImageReader                                                 : loaded 2 times (x 75B)
Class com.android.ide.gradle.model.impl.LegacyAndroidGradlePluginPropertiesImpl       : loaded 2 times (x 83B)
Class com.android.ide.gradle.model.impl.GradlePropertiesModelImpl                     : loaded 2 times (x 80B)
Class com.google.common.collect.ImmutableMap$IteratorBasedImmutableMap                : loaded 2 times (x 126B)
Class com.google.common.cache.LocalCache$ComputingValueReference                      : loaded 2 times (x 96B)
Class com.google.common.reflect.TypeToken$1                                           : loaded 2 times (x 110B)
Class org.jetbrains.kotlin.load.kotlin.FileBasedKotlinClass$4                         : loaded 2 times (x 87B)
Class com.google.common.base.Suppliers$SupplierOfInstance                             : loaded 2 times (x 79B)
Class org.jetbrains.kotlin.load.kotlin.FileBasedKotlinClass$3                         : loaded 2 times (x 77B)
Class org.jetbrains.org.objectweb.asm.ClassWriter                                     : loaded 2 times (x 104B)
Class org.objectweb.asm.Edge                                                          : loaded 2 times (x 72B)
Class jdk.internal.jimage.ImageStringsReader                                          : loaded 2 times (x 80B)
Class org.jetbrains.kotlin.idea.gradleTooling.reflect.KotlinLanguageSettingsReflection: loaded 2 times (x 70B)
Class org.gradle.kotlin.dsl.ImplementationConfigurationAccessorsKt                    : loaded 2 times (x 71B)
Class org.jetbrains.kotlin.cli.common.arguments.Freezable                             : loaded 2 times (x 72B)
Class com.google.common.util.concurrent.AbstractFuture$AtomicHelper                   : loaded 2 times (x 78B)
Class org.objectweb.asm.SymbolTable$Entry                                             : loaded 2 times (x 74B)
Class org.jetbrains.kotlin.load.kotlin.FileBasedKotlinClass$2                         : loaded 2 times (x 87B)
Class jdk.internal.jrtfs.JrtFileSystem                                                : loaded 2 times (x 102B)
Class net.rubygrapefruit.platform.ProcessLauncher                                     : loaded 2 times (x 70B)
Class org.jetbrains.kotlin.load.kotlin.FileBasedKotlinClass$InnerClassesInfo          : loaded 2 times (x 74B)
Class com.google.common.io.ByteStreams$LimitedInputStream                             : loaded 2 times (x 92B)
Class com.google.common.base.Suppliers$NonSerializableMemoizingSupplier               : loaded 2 times (x 79B)
Class org.objectweb.asm.MethodWriter                                                  : loaded 2 times (x 106B)
Class [Lcom.google.common.cache.Weigher;                                              : loaded 2 times (x 69B)
Class com.google.common.collect.RegularImmutableMap$BucketOverflowException           : loaded 2 times (x 82B)
Class net.rubygrapefruit.platform.internal.Platform$Windows                           : loaded 2 times (x 79B)
Class com.google.common.base.JdkPattern                                               : loaded 2 times (x 75B)
Class com.google.common.collect.Interners$InternerBuilder                             : loaded 2 times (x 76B)
Class com.google.common.io.Files$FileByteSource                                       : loaded 2 times (x 85B)
Class [Lcom.google.common.reflect.Types$JavaVersion;                                  : loaded 2 times (x 69B)
Class org.jetbrains.kotlin.load.kotlin.FileBasedKotlinClass$1                         : loaded 2 times (x 87B)
Class org.jetbrains.kotlin.idea.gradleTooling.reflect.KotlinSourceSetReflection       : loaded 2 times (x 70B)
Class org.gradle.api.UncheckedIOException                                             : loaded 2 times (x 82B)
Class org.gradle.internal.classpath.ClassPath                                         : loaded 2 times (x 70B)
Class com.google.common.cache.CacheBuilder                                            : loaded 2 times (x 72B)
Class org.jetbrains.kotlin.config.JvmDefaultMode$Companion                            : loaded 2 times (x 71B)
Class org.jetbrains.kotlin.cli.common.messages.CompilerMessageSourceLocation          : loaded 2 times (x 70B)
Class com.google.common.io.ByteSink                                                   : loaded 2 times (x 76B)
Class com.google.common.cache.RemovalCause                                            : loaded 2 times (x 80B)
Class org.jetbrains.org.objectweb.asm.tree.LookupSwitchInsnNode                       : loaded 2 times (x 78B)
Class net.rubygrapefruit.platform.internal.jni.NativeLibraryFunctions                 : loaded 2 times (x 71B)
Class jdk.internal.jimage.decompressor.CompressedResourceHeader                       : loaded 2 times (x 71B)
Class com.google.common.collect.ImmutableMultimap$1                                   : loaded 2 times (x 82B)
Class org.jetbrains.org.objectweb.asm.tree.TypeAnnotationNode                         : loaded 2 times (x 80B)
Class com.google.common.collect.AbstractMapBasedMultimap$RandomAccessWrappedList      : loaded 2 times (x 205B)
Class org.jetbrains.kotlin.cli.common.CompilerSystemProperties$Companion              : loaded 2 times (x 71B)
Class com.google.gson.internal.Streams$AppendableWriter$CurrentWrite                  : loaded 2 times (x 88B)
Class Settings_gradle$1                                                               : loaded 2 times (x 74B)
Class com.google.common.collect.MapMakerInternalMap$Segment                           : loaded 2 times (x 142B)
Class com.google.common.reflect.TypeToken                                             : loaded 2 times (x 73B)
Class org.apache.commons.io.IOUtils                                                   : loaded 2 times (x 71B)
Class org.jetbrains.org.objectweb.asm.ByteVector                                      : loaded 2 times (x 78B)
Class jdk.internal.jimage.decompressor.ResourceDecompressor                           : loaded 2 times (x 70B)
Class org.gradle.internal.classpath.DefaultClassPath$ImmutableUniqueList              : loaded 2 times (x 199B)
Class org.gradle.api.internal.ClassPathRegistry                                       : loaded 2 times (x 70B)
Class [Lorg.jetbrains.kotlin.config.JvmDefaultMode;                                   : loaded 2 times (x 69B)
Class org.jetbrains.kotlin.cli.common.messages.MessageCollector                       : loaded 2 times (x 70B)
Class com.google.common.primitives.IntsMethodsForWeb                                  : loaded 2 times (x 71B)
Class com.google.common.collect.Maps$EntryFunction$2                                  : loaded 2 times (x 91B)
Class com.google.common.reflect.Invokable$ConstructorInvokable                        : loaded 2 times (x 107B)
Class org.apache.commons.io.file.DeleteOption                                         : loaded 2 times (x 70B)
Class net.rubygrapefruit.platform.NativeIntegrationLinkageException                   : loaded 2 times (x 82B)
Class org.jetbrains.plugins.gradle.tooling.Message$Kind                               : loaded 2 times (x 79B)
Class com.google.common.collect.ImmutableMultimap$2                                   : loaded 2 times (x 81B)
Class com.google.common.reflect.Types$JavaVersion$1                                   : loaded 2 times (x 83B)
Class [Lorg.jetbrains.kotlin.config.ExplicitApiMode;                                  : loaded 2 times (x 69B)
Class com.google.common.collect.RegularImmutableBiMap                                 : loaded 2 times (x 149B)
Class com.google.common.collect.AbstractIterator$State                                : loaded 2 times (x 79B)
Class com.google.common.cache.LocalCache$ValueReference                               : loaded 2 times (x 70B)
Class com.google.common.collect.ImmutableMultimap$Keys                                : loaded 2 times (x 166B)
Class org.gradle.api.internal.DefaultClassPathRegistry                                : loaded 2 times (x 76B)
Class com.google.common.cache.RemovalListener                                         : loaded 2 times (x 70B)
Class com.google.common.base.Present                                                  : loaded 2 times (x 81B)
Class org.jetbrains.kotlin.cli.common.arguments.CommonToolArguments$Companion         : loaded 2 times (x 71B)
Class com.google.common.collect.Maps$EntryFunction$1                                  : loaded 2 times (x 91B)
Class com.google.common.collect.AbstractMapBasedMultimap$WrappedCollection$WrappedIterator: loaded 2 times (x 84B)
Class org.jetbrains.org.objectweb.asm.MethodVisitor                                   : loaded 2 times (x 104B)
Class org.jetbrains.org.objectweb.asm.FieldWriter                                     : loaded 2 times (x 77B)
Class org.jetbrains.org.objectweb.asm.tree.VarInsnNode                                : loaded 2 times (x 79B)
Class net.rubygrapefruit.platform.internal.FunctionResult                             : loaded 2 times (x 77B)
Class com.google.common.collect.ImmutableMap$Builder                                  : loaded 2 times (x 82B)
Class com.google.common.base.NullnessCasts                                            : loaded 2 times (x 71B)
Class com.google.common.util.concurrent.AbstractFuture$Cancellation                   : loaded 2 times (x 72B)
Class com.google.common.io.Files$2                                                    : loaded 2 times (x 76B)
Class com.google.common.reflect.Types$JavaVersion$2                                   : loaded 2 times (x 83B)
Class com.google.common.reflect.Types                                                 : loaded 2 times (x 71B)
Class com.google.common.hash.PrimitiveSink                                            : loaded 2 times (x 70B)
Class com.google.common.util.concurrent.AbstractFuture$Failure                        : loaded 2 times (x 72B)
Class com.google.common.collect.Hashing                                               : loaded 2 times (x 71B)
Class com.google.common.base.PatternCompiler                                          : loaded 2 times (x 70B)
Class com.google.common.base.Equivalence$Equals                                       : loaded 2 times (x 82B)
Class org.jetbrains.kotlin.cli.common.arguments.CommonToolArguments                   : loaded 2 times (x 73B)
Class org.apache.commons.io.filefilter.IOFileFilter                                   : loaded 2 times (x 70B)
Class com.google.common.cache.Cache                                                   : loaded 2 times (x 70B)
Class com.google.common.cache.LocalCache$Strength                                     : loaded 2 times (x 81B)
Class com.google.common.base.Stopwatch                                                : loaded 2 times (x 72B)
Class org.jetbrains.kotlin.cli.common.arguments.K2JVMCompilerArguments$Companion      : loaded 2 times (x 71B)
Class org.jetbrains.kotlin.config.ApiVersion                                          : loaded 2 times (x 86B)
Class org.apache.commons.io.Charsets                                                  : loaded 2 times (x 71B)
Class org.apache.commons.io.file.Counters$PathCounters                                : loaded 2 times (x 70B)
Class jdk.internal.jimage.ImageHeader                                                 : loaded 2 times (x 71B)
Class org.gradle.api.internal.classpath.UnknownModuleException                        : loaded 2 times (x 82B)
Class com.google.common.cache.Weigher                                                 : loaded 2 times (x 70B)
Class org.gradle.api.internal.classpath.Module                                        : loaded 2 times (x 70B)
Class com.google.common.collect.ImmutableMapEntrySet                                  : loaded 2 times (x 152B)
Class org.apache.commons.io.output.NullOutputStream                                   : loaded 2 times (x 85B)
Class com.google.common.collect.Multiset                                              : loaded 2 times (x 70B)
Class com.google.common.collect.ArrayListMultimapGwtSerializationDependencies         : loaded 2 times (x 172B)
Class com.google.common.collect.ObjectArrays                                          : loaded 2 times (x 71B)
Class com.google.common.math.MathPreconditions                                        : loaded 2 times (x 71B)
Class com.google.common.collect.FluentIterable$3                                      : loaded 2 times (x 81B)
Class org.apache.commons.io.file.CountingPathVisitor                                  : loaded 2 times (x 91B)
Class org.jetbrains.org.objectweb.asm.FieldVisitor                                    : loaded 2 times (x 76B)
Class org.jetbrains.org.objectweb.asm.tree.JumpInsnNode                               : loaded 2 times (x 79B)
Class com.android.ide.gradle.model.builder.LegacyAndroidGradlePluginPropertiesModelBuilder$Companion: loaded 2 times (x 71B)
Class org.jetbrains.plugins.gradle.model.DefaultGradleConfiguration                   : loaded 2 times (x 79B)
Class com.google.common.collect.FluentIterable$2                                      : loaded 2 times (x 81B)
Class com.google.common.io.CharSink                                                   : loaded 2 times (x 79B)
Class [Lorg.apache.commons.io.file.DeleteOption;                                      : loaded 2 times (x 69B)
Class com.google.common.reflect.Types$JavaVersion$3                                   : loaded 2 times (x 83B)
Class com.google.common.collect.ImmutableSetMultimap                                  : loaded 2 times (x 180B)
Class org.objectweb.asm.Label                                                         : loaded 2 times (x 73B)
Class org.objectweb.asm.CurrentFrame                                                  : loaded 2 times (x 73B)
Class org.objectweb.asm.ClassTooLargeException                                        : loaded 2 times (x 83B)
Class com.google.common.base.Absent                                                   : loaded 2 times (x 80B)
Class com.google.common.primitives.Ints                                               : loaded 2 times (x 71B)
Class com.google.common.reflect.Reflection                                            : loaded 2 times (x 71B)
Class org.jetbrains.kotlin.name.ClassId                                               : loaded 2 times (x 72B)
Class org.jetbrains.kotlin.idea.gradleTooling.ResolveCompilerArgumentsKt              : loaded 2 times (x 71B)
Class org.jetbrains.kotlin.idea.gradleTooling.reflect.KotlinMultiplatformImportReflectionImpl: loaded 2 times (x 76B)
Class org.jetbrains.kotlin.idea.gradleTooling.reflect.ReflectionReceiver$Instance     : loaded 2 times (x 77B)
Class org.gradle.api.internal.classpath.DefaultModuleRegistry$DefaultModule           : loaded 2 times (x 86B)
Class com.google.common.collect.BiMap                                                 : loaded 2 times (x 70B)
Class com.google.common.collect.ImmutableMap$1                                        : loaded 2 times (x 81B)
Class com.google.common.collect.IndexedImmutableSet                                   : loaded 2 times (x 152B)
Class com.google.common.collect.FluentIterable$1                                      : loaded 2 times (x 81B)
Class org.objectweb.asm.FieldVisitor                                                  : loaded 2 times (x 77B)
Class jdk.internal.jimage.ImageBufferCache$2                                          : loaded 2 times (x 91B)
Class org.jetbrains.kotlin.idea.gradleTooling.reflect.KotlinAndroidSourceSetInfoReflection: loaded 2 times (x 70B)
Class org.gradle.internal.classloader.ClasspathUtil$1                                 : loaded 2 times (x 76B)
Class com.google.common.cache.CacheLoader$UnsupportedLoadingOperationException        : loaded 2 times (x 82B)
Class org.jetbrains.plugins.gradle.model.tests.DefaultExternalTestsModel              : loaded 2 times (x 77B)
Class org.jetbrains.kotlin.idea.gradleTooling.KotlinGradlePluginVersionKt             : loaded 2 times (x 71B)
Class org.jetbrains.kotlin.idea.gradleTooling.reflect.TypeToken$Companion             : loaded 2 times (x 71B)
Class org.objectweb.asm.ClassWriter                                                   : loaded 2 times (x 106B)
Class org.jetbrains.kotlin.config.MavenComparableVersion$Item                         : loaded 2 times (x 70B)
Class org.jetbrains.org.objectweb.asm.RecordComponentWriter                           : loaded 2 times (x 78B)
Class com.google.common.reflect.Types$JavaVersion$4                                   : loaded 2 times (x 83B)
Class com.google.common.io.ByteSource$AsCharSource                                    : loaded 2 times (x 86B)
Class com.google.common.collect.Maps$IteratorBasedAbstractMap                         : loaded 2 times (x 125B)
Class org.jetbrains.kotlin.cli.common.messages.MessageCollector$Companion$NONE$1      : loaded 2 times (x 76B)
Class org.objectweb.asm.Frame                                                         : loaded 2 times (x 73B)
Class org.objectweb.asm.MethodVisitor                                                 : loaded 2 times (x 105B)
Class com.google.common.collect.RangeGwtSerializationDependencies                     : loaded 2 times (x 71B)
Class com.google.common.collect.Table                                                 : loaded 2 times (x 70B)
Class com.google.common.collect.MapMakerInternalMap$InternalEntryHelper               : loaded 2 times (x 70B)
Class com.google.common.cache.LocalCache$EntryFactory$1                               : loaded 2 times (x 83B)
Class [Lcom.google.common.cache.RemovalListener;                                      : loaded 2 times (x 69B)
Class com.google.common.collect.AbstractMapBasedMultimap$KeySet$1                     : loaded 2 times (x 82B)
Class org.jetbrains.org.objectweb.asm.tree.IntInsnNode                                : loaded 2 times (x 79B)
Class [Lnet.rubygrapefruit.platform.internal.FunctionResult$Failure;                  : loaded 2 times (x 69B)
Class jdk.internal.jimage.ImageBufferCache$1                                          : loaded 2 times (x 83B)
Class org.jetbrains.plugins.gradle.model.DefaultDependencyAccessorsModel              : loaded 2 times (x 76B)
Class org.gradle.internal.InternalTransformer                                         : loaded 2 times (x 70B)
Class org.jetbrains.kotlin.metadata.jvm.deserialization.JvmMemberSignature$Method     : loaded 2 times (x 75B)
Class org.jetbrains.org.objectweb.asm.ClassTooLargeException                          : loaded 2 times (x 83B)
Class net.rubygrapefruit.platform.NativeIntegration                                   : loaded 2 times (x 70B)
Class net.rubygrapefruit.platform.Native                                              : loaded 2 times (x 71B)
Class org.jetbrains.kotlin.config.MavenComparableVersion                              : loaded 2 times (x 78B)
Class org.jetbrains.kotlin.idea.gradleTooling.reflect.ReflectionReceiver$Static       : loaded 2 times (x 77B)
Class com.google.common.util.concurrent.UncheckedExecutionException                   : loaded 2 times (x 82B)
Class org.jetbrains.org.objectweb.asm.MethodWriter                                    : loaded 2 times (x 105B)
Class org.jetbrains.kotlin.metadata.jvm.deserialization.JvmMetadataVersion$Companion  : loaded 2 times (x 71B)
Class com.google.common.reflect.Types$JavaVersion$5                                   : loaded 2 times (x 71B)
Class [Lcom.google.common.reflect.Types$ClassOwnership;                               : loaded 2 times (x 69B)
Class com.google.common.cache.LocalCache$EntryFactory$2                               : loaded 2 times (x 83B)
Class org.gradle.api.internal.classpath.GlobalCacheRootsProvider                      : loaded 2 times (x 70B)
Class com.google.common.io.ByteSink$AsCharSink                                        : loaded 2 times (x 80B)
Class org.jetbrains.kotlin.load.kotlin.KotlinJvmBinaryClass                           : loaded 2 times (x 70B)
Class org.jetbrains.org.objectweb.asm.tree.MethodNode                                 : loaded 2 times (x 109B)
Class org.jetbrains.org.objectweb.asm.tree.MethodInsnNode                             : loaded 2 times (x 80B)
Class net.rubygrapefruit.platform.internal.Platform$Linux32Bit                        : loaded 2 times (x 83B)
Class jdk.internal.jrtfs.JrtDirectoryStream$1                                         : loaded 2 times (x 83B)
Class jdk.internal.jimage.ImageLocation                                               : loaded 2 times (x 90B)
Class com.google.gson.TypeAdapter$NullSafeTypeAdapter                                 : loaded 2 times (x 74B)
Class org.jetbrains.kotlin.idea.gradleTooling.reflect.ParameterList$Companion         : loaded 2 times (x 71B)
Class org.gradle.kotlin.dsl.VersionCatalogAccessorsKt                                 : loaded 2 times (x 71B)
Class com.google.common.util.concurrent.AbstractFuture$Trusted                        : loaded 2 times (x 70B)
Class com.google.common.base.Optional                                                 : loaded 2 times (x 80B)
Class org.jetbrains.kotlin.cli.common.messages.MessageCollector$Companion             : loaded 2 times (x 71B)
Class org.jetbrains.org.objectweb.asm.tree.InsnList                                   : loaded 2 times (x 103B)
Class com.google.common.util.concurrent.AbstractFuture$UnsafeAtomicHelper$1           : loaded 2 times (x 76B)
Class org.jetbrains.kotlin.config.MavenComparableVersion$IntegerItem                  : loaded 2 times (x 80B)
Class com.google.common.collect.AbstractMultimap                                      : loaded 2 times (x 123B)
Class com.google.common.cache.LocalCache$2                                            : loaded 2 times (x 142B)
Class com.google.common.collect.MapMakerInternalMap$AbstractStrongKeyEntry            : loaded 2 times (x 80B)
Class org.objectweb.asm.ModuleWriter                                                  : loaded 2 times (x 82B)
Class com.google.common.collect.CollectCollectors                                     : loaded 2 times (x 71B)
Class com.google.common.cache.LocalCache$EntryFactory$3                               : loaded 2 times (x 83B)
Class com.google.common.base.Ticker$1                                                 : loaded 2 times (x 72B)
Class com.google.common.collect.ImmutableMapEntrySet$RegularEntrySet                  : loaded 2 times (x 152B)
Class com.google.common.collect.Maps$BiMapConverter                                   : loaded 2 times (x 90B)
Class com.google.common.io.ByteSource$ByteArrayByteSource                             : loaded 2 times (x 85B)
Class com.google.common.collect.Sets$ImprovedAbstractSet                              : loaded 2 times (x 135B)
Class com.google.common.reflect.TypeToken$SimpleTypeToken                             : loaded 2 times (x 73B)
Class org.apache.commons.io.function.IOSupplier                                       : loaded 2 times (x 70B)
Class com.intellij.compose.ide.plugin.gradleTooling.rt.ComposeResourcesExtension      : loaded 2 times (x 72B)
Class com.google.common.collect.AbstractMapEntry                                      : loaded 2 times (x 81B)
Class com.google.common.cache.LocalCache$1                                            : loaded 2 times (x 89B)
Class com.google.common.collect.SingletonImmutableBiMap                               : loaded 2 times (x 143B)
Class com.google.common.collect.HashBiMap$BiEntry                                     : loaded 2 times (x 83B)
Class org.apache.commons.io.FileExistsException                                       : loaded 2 times (x 82B)
Class com.google.common.base.Ascii                                                    : loaded 2 times (x 71B)
Class jdk.internal.jrtfs.JrtFileSystemProvider                                        : loaded 2 times (x 101B)
Class org.jetbrains.kotlin.idea.gradleTooling.reflect.KotlinCompilerArgumentsResolverReflection: loaded 2 times (x 70B)
Class org.jetbrains.plugins.gradle.tooling.serialization.ExternalTestsSerializationService$1: loaded 2 times (x 76B)
Class org.gradle.internal.service.ServiceLocator                                      : loaded 2 times (x 70B)
Class com.google.common.collect.Platform                                              : loaded 2 times (x 71B)
Class [Lorg.objectweb.asm.Type;                                                       : loaded 2 times (x 69B)
Class org.jetbrains.kotlin.config.LanguageOrApiVersion                                : loaded 2 times (x 70B)
Class org.jetbrains.org.objectweb.asm.tree.LabelNode                                  : loaded 2 times (x 80B)
Class com.google.common.base.MoreObjects                                              : loaded 2 times (x 71B)
Class org.jetbrains.kotlin.config.LanguageFeature                                     : loaded 2 times (x 80B)
Class net.rubygrapefruit.platform.internal.Platform$MacOs                             : loaded 2 times (x 82B)
Class net.rubygrapefruit.platform.internal.Platform$Window64Bit                       : loaded 2 times (x 79B)
Class org.jetbrains.kotlin.cli.common.PropertiesKt                                    : loaded 2 times (x 71B)
Class org.jetbrains.org.objectweb.asm.tree.InsnNode                                   : loaded 2 times (x 78B)
Class org.jetbrains.org.objectweb.asm.RecordComponentVisitor                          : loaded 2 times (x 77B)
Class com.google.common.collect.SetMultimap                                           : loaded 2 times (x 70B)
Class com.google.common.collect.ImmutableSet$Builder                                  : loaded 2 times (x 85B)
Class com.google.common.cache.LocalCache$EntryFactory$4                               : loaded 2 times (x 83B)
Class com.google.common.collect.BaseImmutableMultimap                                 : loaded 2 times (x 123B)
Class com.google.common.reflect.TypeResolver$TypeVariableKey                          : loaded 2 times (x 72B)
Class org.apache.commons.io.output.ByteArrayOutputStream                              : loaded 2 times (x 102B)
Class com.google.common.collect.EmptyImmutableListMultimap                            : loaded 2 times (x 176B)
Class jdk.internal.jrtfs.SystemImage$2                                                : loaded 2 times (x 76B)
Class _BuildScript_                                                                   : loaded 2 times (x 173B)
Class com.google.common.cache.CacheLoader$FunctionToCacheLoader                       : loaded 2 times (x 75B)
Class com.google.common.collect.Maps$IteratorBasedAbstractMap$1                       : loaded 2 times (x 138B)
Class com.google.common.reflect.Types$ParameterizedTypeImpl                           : loaded 2 times (x 81B)
Class org.apache.commons.io.output.UnsynchronizedByteArrayOutputStream                : loaded 2 times (x 102B)
Class org.apache.commons.io.filefilter.AbstractFileFilter                             : loaded 2 times (x 121B)
Class org.jetbrains.kotlin.resolve.jvm.JvmClassName                                   : loaded 2 times (x 76B)
Class [Lorg.jetbrains.org.objectweb.asm.SymbolTable$Entry;                            : loaded 2 times (x 69B)
Class com.google.common.collect.ImmutableListMultimap                                 : loaded 2 times (x 176B)
Class jdk.internal.jrtfs.SystemImage$1                                                : loaded 2 times (x 78B)
Class org.jetbrains.kotlin.idea.gradleTooling.KotlinTaskPropertiesImpl                : loaded 2 times (x 78B)
Class org.jetbrains.plugins.gradle.tooling.serialization.GradleExtensionsSerializationService$3: loaded 2 times (x 76B)
Class com.android.ide.gradle.model.dependencies.DeclaredDependenciesImpl              : loaded 2 times (x 76B)
Class com.android.ide.gradle.model.composites.BuildMapImpl                            : loaded 2 times (x 75B)
Class org.jetbrains.org.objectweb.asm.MethodTooLargeException                         : loaded 2 times (x 83B)
Class org.jetbrains.org.objectweb.asm.Context                                         : loaded 2 times (x 72B)
Class com.google.common.io.ByteStreams$1                                              : loaded 2 times (x 85B)
Class com.google.common.cache.LocalCache$EntryFactory$5                               : loaded 2 times (x 83B)
Class org.gradle.internal.classloader.InstrumentingClassLoader                        : loaded 2 times (x 70B)
Class org.gradle.internal.classpath.TransformedClassPath                              : loaded 2 times (x 96B)
Class com.google.common.cache.CacheBuilder$NullListener                               : loaded 2 times (x 82B)
Class com.google.common.collect.MapMaker$Dummy                                        : loaded 2 times (x 79B)
Class org.objectweb.asm.FieldWriter                                                   : loaded 2 times (x 78B)
Class com.google.common.reflect.Invokable                                             : loaded 2 times (x 103B)
Class org.jetbrains.kotlin.idea.gradleTooling.reflect.ParameterList                   : loaded 2 times (x 169B)
Class org.jetbrains.plugins.gradle.tooling.serialization.GradleExtensionsSerializationService$2: loaded 2 times (x 76B)
Class com.android.ide.gradle.model.artifacts.builder.AdditionalClassifierArtifactsModelBuilder: loaded 2 times (x 79B)
Class com.google.common.collect.MapDifference                                         : loaded 2 times (x 70B)
Class com.google.common.cache.LocalCache$Strength$3                                   : loaded 2 times (x 81B)
Class com.google.common.collect.Interner                                              : loaded 2 times (x 70B)
Class com.google.common.base.Splitter$1                                               : loaded 2 times (x 77B)
Class com.google.common.collect.Interners$InternerImpl                                : loaded 2 times (x 75B)
Class com.google.common.io.ByteStreams                                                : loaded 2 times (x 71B)
Class com.google.common.collect.TransformedIterator                                   : loaded 2 times (x 80B)
Class org.jetbrains.org.objectweb.asm.CurrentFrame                                    : loaded 2 times (x 73B)
Class org.apache.commons.io.output.AppendableWriter                                   : loaded 2 times (x 100B)
Class org.jetbrains.kotlin.config.JVMAssertionsMode$Companion                         : loaded 2 times (x 71B)
Class com.google.common.cache.LocalCache$EntryFactory$6                               : loaded 2 times (x 83B)
Class org.gradle.internal.installation.CurrentGradleInstallationLocator               : loaded 2 times (x 71B)
Class [Lcom.google.common.collect.Maps$EntryFunction;                                 : loaded 2 times (x 69B)
Class net.rubygrapefruit.platform.internal.Platform$Posix                             : loaded 2 times (x 81B)
Class org.jetbrains.kotlin.idea.gradleTooling.reflect.ReflectionReceiver              : loaded 2 times (x 70B)
Class org.jetbrains.plugins.gradle.tooling.serialization.GradleExtensionsSerializationService$1: loaded 2 times (x 76B)
Class sync_studio_tooling26368_34ng28ros0ix0wq4dbet1xb2t                              : loaded 2 times (x 179B)
Class JetGradlePlugin$getJetModelBuilderOrRegisterIfAbsent                            : loaded 2 times (x 146B)
Class com.google.common.cache.LocalCache$Strength$2                                   : loaded 2 times (x 81B)
Class com.google.common.util.concurrent.SettableFuture                                : loaded 2 times (x 114B)
Class org.jetbrains.kotlin.cli.common.messages.CompilerMessageSeverity                : loaded 2 times (x 79B)
Class com.google.common.collect.Collections2$FilteredCollection                       : loaded 2 times (x 119B)
Class com.google.common.reflect.Types$ClassOwnership$3                                : loaded 2 times (x 71B)
Class org.apache.commons.io.output.QueueOutputStream                                  : loaded 2 times (x 87B)
Class org.apache.commons.io.file.Counters$Counter                                     : loaded 2 times (x 70B)
Class com.android.ide.gradle.model.impl.GradlePluginModelImpl                         : loaded 2 times (x 78B)
Class net.rubygrapefruit.platform.internal.Platform$MacOs64Bit                        : loaded 2 times (x 82B)
Class com.google.common.collect.ImmutableMultimap$Builder                             : loaded 2 times (x 86B)
Class org.jetbrains.org.objectweb.asm.tree.LdcInsnNode                                : loaded 2 times (x 78B)
Class org.apache.commons.io.file.SimplePathVisitor                                    : loaded 2 times (x 85B)
Class org.apache.commons.io.output.ThresholdingOutputStream                           : loaded 2 times (x 95B)
Class com.google.common.collect.Maps$KeySet                                           : loaded 2 times (x 137B)
Class com.google.common.io.ByteSource$SlicedByteSource                                : loaded 2 times (x 85B)
Class com.google.common.collect.ImmutableSet$EmptySetBuilderImpl                      : loaded 2 times (x 76B)
Class com.google.common.cache.LocalCache$EntryFactory$7                               : loaded 2 times (x 83B)
Class org.gradle.internal.service.DefaultServiceLocator                               : loaded 2 times (x 83B)
Class com.android.ide.gradle.model.impl.GradlePluginModelImpl$Companion               : loaded 2 times (x 71B)
Class sync_studio_tooling7709_232og4thko9nacihsmutpz9ev                               : loaded 2 times (x 179B)
Class sync_studio_tooling3383_1jnsm1xye3b8ywlhjz81akzq3                               : loaded 2 times (x 179B)
Class com.google.common.cache.LocalCache$Strength$1                                   : loaded 2 times (x 81B)
Class com.google.common.collect.MapMakerInternalMap$StrongValueEntry                  : loaded 2 times (x 70B)
Class com.google.common.collect.Sets$4                                                : loaded 2 times (x 139B)
Class org.objectweb.asm.ModuleVisitor                                                 : loaded 2 times (x 81B)
Class org.jetbrains.kotlin.config.JvmDefaultMode                                      : loaded 2 times (x 79B)
Class com.google.common.io.ByteArrayDataInput                                         : loaded 2 times (x 70B)
Class com.google.common.reflect.TypeResolver                                          : loaded 2 times (x 72B)
Class com.google.common.reflect.Types$ClassOwnership$2                                : loaded 2 times (x 80B)
Class [Lorg.jetbrains.org.objectweb.asm.Attribute;                                    : loaded 2 times (x 69B)
Class org.jetbrains.org.objectweb.asm.tree.TableSwitchInsnNode                        : loaded 2 times (x 79B)
Class com.intellij.compose.ide.plugin.gradleTooling.rt.ComposeResourcesExtension$Companion: loaded 2 times (x 71B)
Class org.gradle.internal.service.UnknownServiceException                             : loaded 2 times (x 83B)
Class com.google.common.cache.LocalCache$LocalLoadingCache                            : loaded 2 times (x 134B)
Class com.google.common.base.AbstractIterator$State                                   : loaded 2 times (x 79B)
Class com.google.common.util.concurrent.AbstractFuture$SafeAtomicHelper               : loaded 2 times (x 79B)
Class sync_studio_tooling6_81u12qvt4sdh0p7chb880478t                                  : loaded 2 times (x 179B)
Class com.android.ide.gradle.model.dependencies.DeclaredDependenciesModelBuilder      : loaded 2 times (x 75B)
Class org.jetbrains.kotlin.idea.gradleTooling.KotlinGradlePluginVersion$Companion     : loaded 2 times (x 71B)
Class com.google.common.collect.MapMakerInternalMap$Strength$2                        : loaded 2 times (x 80B)
Class com.google.common.collect.Sets$3                                                : loaded 2 times (x 139B)
Class jdk.internal.jrtfs.JrtDirectoryStream                                           : loaded 2 times (x 89B)
Class com.google.common.collect.ImmutableMultimap$EntryCollection                     : loaded 2 times (x 128B)
Class org.jetbrains.org.objectweb.asm.SymbolTable                                     : loaded 2 times (x 72B)
Class org.jetbrains.org.objectweb.asm.tree.UnsupportedClassVersionException           : loaded 2 times (x 82B)
Class com.google.common.collect.Maps$EntrySet                                         : loaded 2 times (x 136B)
Class org.jetbrains.kotlin.util.capitalizeDecapitalize.CapitalizeDecapitalizeKt       : loaded 2 times (x 71B)
Class com.google.common.cache.LocalCache$SoftValueReference                           : loaded 2 times (x 97B)
Class com.google.common.cache.LocalCache$EntryFactory$8                               : loaded 2 times (x 83B)
Class org.gradle.internal.installation.CurrentGradleInstallation                      : loaded 2 times (x 73B)
Class org.jetbrains.kotlin.cli.common.CompilerSystemProperties                        : loaded 2 times (x 80B)
Class com.google.common.reflect.Types$ClassOwnership$1                                : loaded 2 times (x 80B)
Class [Lorg.objectweb.asm.AnnotationVisitor;                                          : loaded 2 times (x 69B)
Class org.jetbrains.kotlin.config.LanguageVersion$Companion                           : loaded 2 times (x 71B)
Class jdk.internal.jrtfs.SystemImage                                                  : loaded 2 times (x 74B)
Class org.jetbrains.kotlin.idea.gradleTooling.reflect.KotlinMultiplatformImportReflection: loaded 2 times (x 70B)
Class com.android.ide.gradle.model.builder.LegacyV1AgpVersionModelBuilder             : loaded 2 times (x 75B)
Class ijInit2_ekbkc2n8n4fk3llrq7ut5r0du                                               : loaded 2 times (x 179B)
Class org.gradle.api.internal.ClassPathProvider                                       : loaded 2 times (x 70B)
Class [Lorg.gradle.api.internal.ClassPathProvider;                                    : loaded 2 times (x 69B)
Class com.google.common.collect.MapMakerInternalMap$Strength$1                        : loaded 2 times (x 80B)
Class com.google.common.collect.Sets$2                                                : loaded 2 times (x 139B)
Class com.google.common.collect.Maps$ViewCachingAbstractMap                           : loaded 2 times (x 125B)
Class [Lcom.google.common.base.Function;                                              : loaded 2 times (x 69B)
Class org.apache.commons.io.FilenameUtils                                             : loaded 2 times (x 71B)
Class com.intellij.util.ExceptionUtilRt$1                                             : loaded 2 times (x 129B)
Class org.gradle.api.internal.DefaultClassPathProvider                                : loaded 2 times (x 76B)
Class com.google.common.base.Splitter                                                 : loaded 2 times (x 72B)
Class com.google.common.collect.Sets$1                                                : loaded 2 times (x 139B)
Class org.objectweb.asm.AnnotationVisitor                                             : loaded 2 times (x 78B)
Class org.jetbrains.kotlin.idea.gradleTooling.KotlinTasksPropertyUtilsKt              : loaded 2 times (x 71B)
Class com.google.common.collect.Iterators$EmptyModifiableIterator                     : loaded 2 times (x 86B)
Class org.jetbrains.org.objectweb.asm.ModuleWriter                                    : loaded 2 times (x 81B)
Class com.google.common.cache.CacheLoader$1                                           : loaded 2 times (x 75B)
Class org.gradle.util.internal.GUtil                                                  : loaded 2 times (x 71B)
Class org.jetbrains.plugins.gradle.tooling.Message$FilePosition                       : loaded 2 times (x 75B)
Class com.google.common.collect.ListMultimap                                          : loaded 2 times (x 70B)
Class com.google.common.collect.ImmutableEnumMap                                      : loaded 2 times (x 126B)
Class com.google.common.collect.CollectSpliterators$1WithCharacteristics              : loaded 2 times (x 90B)
Class org.apache.commons.io.output.StringBuilderWriter                                : loaded 2 times (x 100B)
Class [Lorg.apache.commons.io.StandardLineSeparator;                                  : loaded 2 times (x 69B)
Class org.jetbrains.kotlin.metadata.jvm.deserialization.JvmMetadataVersion            : loaded 2 times (x 74B)
Class [Lorg.jetbrains.kotlin.config.LanguageOrApiVersion;                             : loaded 2 times (x 69B)
Class org.gradle.api.internal.classpath.EffectiveClassPath                            : loaded 2 times (x 90B)
Class [Lcom.google.common.collect.ImmutableMapEntry;                                  : loaded 2 times (x 69B)
Class org.jetbrains.org.objectweb.asm.ClassReader                                     : loaded 2 times (x 92B)
Class org.jetbrains.org.objectweb.asm.tree.FrameNode                                  : loaded 2 times (x 79B)
Class net.rubygrapefruit.platform.internal.Platform                                   : loaded 2 times (x 79B)
Class net.rubygrapefruit.platform.NativeIntegrationUnavailableException               : loaded 2 times (x 82B)
Class com.android.ide.gradle.model.builder.GradlePluginModelBuilder                   : loaded 2 times (x 75B)
Class org.jetbrains.plugins.gradle.model.DefaultGradleExtensions                      : loaded 2 times (x 88B)
Class org.gradle.internal.classloader.ClassLoaderVisitor                              : loaded 2 times (x 76B)
Class [Lorg.jetbrains.org.objectweb.asm.Label;                                        : loaded 2 times (x 69B)
Class com.google.common.io.ByteSource                                                 : loaded 2 times (x 84B)
Class com.google.common.util.concurrent.AbstractFuture$SetFuture                      : loaded 2 times (x 75B)
Class com.google.common.cache.AbstractCache$StatsCounter                              : loaded 2 times (x 70B)
Class com.google.common.base.CharMatcher$None                                         : loaded 2 times (x 112B)
Class [Lcom.google.common.collect.AbstractIterator$State;                             : loaded 2 times (x 69B)
Class org.jetbrains.kotlin.config.LanguageVersionSettings                             : loaded 2 times (x 70B)
Class com.google.common.io.ByteSource$ConcatenatedByteSource                          : loaded 2 times (x 85B)
Class org.apache.commons.io.file.PathUtils                                            : loaded 2 times (x 71B)
Class org.jetbrains.org.objectweb.asm.ClassVisitor                                    : loaded 2 times (x 87B)
Class org.jetbrains.plugins.gradle.tooling.DefaultMessageBuilder                      : loaded 2 times (x 84B)
Class org.gradle.internal.classloader.DefaultClassLoaderFactory                       : loaded 2 times (x 82B)
Class com.google.common.base.Suppliers                                                : loaded 2 times (x 71B)
Class [Lcom.google.common.cache.CacheBuilder$OneWeigher;                              : loaded 2 times (x 69B)
Class com.google.common.base.Platform$JdkPatternCompiler                              : loaded 2 times (x 75B)
Class com.google.common.collect.MapMakerInternalMap$Strength                          : loaded 2 times (x 80B)
Class com.google.common.collect.MapMakerInternalMap$StrongKeyDummyValueEntry$LinkedStrongKeyDummyValueEntry: loaded 2 times (x 82B)
Class org.objectweb.asm.MethodTooLargeException                                       : loaded 2 times (x 83B)
Class org.jetbrains.kotlin.name.FqNameUnsafe$1                                        : loaded 2 times (x 74B)
Class org.jetbrains.kotlin.idea.gradleTooling.reflect.KotlinSourceSetReflectionImpl   : loaded 2 times (x 83B)
Class com.google.common.cache.LocalCache$Values                                       : loaded 2 times (x 118B)
Class org.objectweb.asm.ClassVisitor                                                  : loaded 2 times (x 88B)
Class com.google.common.reflect.Types$TypeVariableImpl                                : loaded 2 times (x 72B)
Class com.google.common.collect.MapMakerInternalMap$1                                 : loaded 2 times (x 83B)
Class org.gradle.internal.installation.GradleInstallation                             : loaded 2 times (x 75B)
Class [Lorg.objectweb.asm.Symbol;                                                     : loaded 2 times (x 69B)
Class org.jetbrains.kotlin.config.ExplicitApiMode$Companion                           : loaded 2 times (x 71B)
Class com.google.common.reflect.TypeCapture                                           : loaded 2 times (x 71B)
Class com.google.common.collect.TransformedListIterator                               : loaded 2 times (x 93B)
Class org.apache.commons.io.function.IOFunction                                       : loaded 2 times (x 70B)
Class org.jetbrains.org.objectweb.asm.tree.FieldInsnNode                              : loaded 2 times (x 79B)
Class jdk.internal.jimage.decompressor.StringSharingDecompressorFactory               : loaded 2 times (x 74B)
Class org.jetbrains.kotlin.idea.gradleTooling.reflect.KotlinCompilerArgumentsResolverReflectionKt: loaded 2 times (x 71B)
Class com.google.common.collect.ImmutableMap$MapViewOfValuesAsSingletonSets           : loaded 2 times (x 126B)
Class com.google.common.collect.RegularImmutableMap                                   : loaded 2 times (x 121B)
Class com.google.common.io.ByteArrayDataOutput                                        : loaded 2 times (x 70B)
Class net.rubygrapefruit.platform.NativeException                                     : loaded 2 times (x 82B)
Class com.intellij.gradle.toolingExtension.impl.modelBuilder.DefaultMessageReportBuilder: loaded 2 times (x 94B)
Class org.gradle.api.internal.classpath.ManifestUtil                                  : loaded 2 times (x 71B)
Class com.intellij.util.ExceptionUtilRt$RethrownStack                                 : loaded 2 times (x 82B)
Class jdk.internal.jimage.decompressor.ResourceDecompressor$StringsProvider           : loaded 2 times (x 70B)
Class org.jetbrains.kotlin.config.LanguageFeature$State                               : loaded 2 times (x 82B)
Class com.google.common.collect.Iterables                                             : loaded 2 times (x 71B)
Class com.google.common.base.Splitter$Strategy                                        : loaded 2 times (x 70B)
Class com.google.common.collect.AbstractMapBasedMultimap$WrappedCollection            : loaded 2 times (x 124B)
Class com.google.common.util.concurrent.ExecutionError                                : loaded 2 times (x 82B)
Class com.google.common.collect.ImmutableEnumSet                                      : loaded 2 times (x 146B)
Class org.jetbrains.kotlin.com.intellij.util.xmlb.annotations.Transient               : loaded 2 times (x 70B)
Class [Lcom.google.common.cache.RemovalCause;                                         : loaded 2 times (x 69B)
Class org.jetbrains.org.objectweb.asm.tree.Util                                       : loaded 2 times (x 71B)
Class net.rubygrapefruit.platform.internal.Platform$FreeBSD                           : loaded 2 times (x 82B)
Class org.gradle.internal.classloader.ClassLoaderHierarchy                            : loaded 2 times (x 70B)
Class [Lcom.google.common.base.AbstractIterator$State;                                : loaded 2 times (x 69B)
Class [Lcom.google.common.collect.MapMakerInternalMap$Segment;                        : loaded 2 times (x 69B)
Class com.google.common.cache.LocalCache$ValueIterator                                : loaded 2 times (x 86B)
Class com.google.common.io.FileWriteMode                                              : loaded 2 times (x 79B)
Class org.jetbrains.kotlin.load.kotlin.FileBasedKotlinClass$OuterAndInnerName         : loaded 2 times (x 72B)
Class net.rubygrapefruit.platform.internal.Platform$FreeBSD64Bit                      : loaded 2 times (x 82B)
Class jdk.internal.jimage.BasicImageReader                                            : loaded 2 times (x 95B)
Class org.gradle.internal.classloader.FilteringClassLoader                            : loaded 2 times (x 105B)
Class com.google.common.collect.RegularImmutableMap$KeySet                            : loaded 2 times (x 152B)
Class com.google.common.base.Equivalence$Identity                                     : loaded 2 times (x 82B)
Class com.google.common.base.PairwiseEquivalence                                      : loaded 2 times (x 83B)
Class org.jetbrains.plugins.gradle.tooling.Message                                    : loaded 2 times (x 72B)
Class com.google.gson.internal.bind.JsonElementTypeAdapter                            : loaded 2 times (x 75B)
Class org.jetbrains.plugins.gradle.model.DefaultGradleExtension                       : loaded 2 times (x 80B)
Class org.jetbrains.kotlin.idea.gradleTooling.reflect.KotlinCompilerArgumentsResolverReflectionImpl: loaded 2 times (x 75B)
Class com.android.ide.gradle.model.builder.AndroidStudioToolingPluginKt               : loaded 2 times (x 71B)
Class org.apache.commons.io.function.IOBiFunction                                     : loaded 2 times (x 70B)

---------------  S Y S T E M  ---------------

OS:
 Windows 11 , 64 bit Build 26100 (10.0.26100.8737)
OS uptime: 18 days 23:57 hours

CPU: total 8 (initial active 8) (4 cores per cpu, 2 threads per core) family 6 model 142 stepping 12 microcode 0xde, cx8, cmov, fxsr, ht, mmx, 3dnowpref, sse, sse2, sse3, ssse3, sse4.1, sse4.2, popcnt, lzcnt, tsc, tscinvbit, avx, avx2, aes, erms, clmul, bmi1, bmi2, adx, fma, vzeroupper, clflush, clflushopt, rdtscp, f16c
Processor Information for the first 8 processors :
  Max Mhz: 2112, Current Mhz: 1609, Mhz Limit: 1605

Memory: 4k page, system-wide physical 8022M (312M free)
TotalPageFile size 20687M (AvailPageFile size 52M)
current process WorkingSet (physical memory assigned to process): 717M, peak: 929M
current process commit charge ("private bytes"): 1524M, peak: 1524M

vm_info: OpenJDK 64-Bit Server VM (21.0.10+-14961533-b1163.108) for windows-amd64 JRE (21.0.10+-14961533-b1163.108), built on 2026-03-02T19:58:50Z by "builder" with MS VC++ 16.10 / 16.11 (VS2019)

END.
