#
# There is insufficient memory for the Java Runtime Environment to continue.
# Native memory allocation (malloc) failed to allocate 684896 bytes. Error detail: Chunk::new
# Possible reasons:
#   The system is out of physical RAM or swap space
#   This process is running with CompressedOops enabled, and the Java Heap may be blocking the growth of the native heap
# Possible solutions:
#   Reduce memory load on the system
#   Increase physical memory or swap space
#   Check if swap backing store is full
#   Decrease Java heap size (-Xmx/-Xms)
#   Decrease number of Java threads
#   Decrease Java thread stack sizes (-Xss)
#   Set larger code cache with -XX:ReservedCodeCacheSize=
#   JVM is running with Unscaled Compressed Oops mode in which the Java heap is
#     placed in the first 4GB address space. The Java Heap base address is the
#     maximum limit for the native heap growth. Please use -XX:HeapBaseMinAddress
#     to set the Java Heap base and to place the Java Heap above 4GB virtual address.
# This output file may be truncated or incomplete.
#
#  Out of Memory Error (arena.cpp:168), pid=16320, tid=19824
#
# JRE version: OpenJDK Runtime Environment (21.0.10) (build 21.0.10+-14961533-b1163.108)
# Java VM: OpenJDK 64-Bit Server VM (21.0.10+-14961533-b1163.108, mixed mode, tiered, compressed oops, compressed class ptrs, g1 gc, windows-amd64)
# No core dump will be written. Minidumps are not enabled by default on client versions of Windows
#

---------------  S U M M A R Y ------------

Command Line: --add-opens=java.base/java.lang=ALL-UNNAMED --add-opens=java.base/java.lang.invoke=ALL-UNNAMED --add-opens=java.base/java.util=ALL-UNNAMED --add-opens=java.prefs/java.util.prefs=ALL-UNNAMED --add-exports=jdk.compiler/com.sun.tools.javac.api=ALL-UNNAMED --add-exports=jdk.compiler/com.sun.tools.javac.util=ALL-UNNAMED --add-opens=java.base/java.util=ALL-UNNAMED --add-opens=java.prefs/java.util.prefs=ALL-UNNAMED --add-opens=java.base/java.nio.charset=ALL-UNNAMED --add-opens=java.base/java.net=ALL-UNNAMED --add-opens=java.base/java.util.concurrent.atomic=ALL-UNNAMED --add-opens=java.xml/javax.xml.namespace=ALL-UNNAMED -Xmx2048m -Dfile.encoding=UTF-8 -Duser.country=IN -Duser.language=en -Duser.variant -javaagent:C:\Users\nickine chrise.j\.gradle\wrapper\dists\gradle-8.13-bin\5xuhj0ry160q40clulazy9h7d\gradle-8.13\lib\agents\gradle-instrumentation-agent-8.13.jar org.gradle.launcher.daemon.bootstrap.GradleDaemon 8.13

Host: ## __CPU__, 8 cores, 7G,  Windows 11 , 64 bit Build 26100 (10.0.26100.8737)
Time: Sat Jul 25 12:09:36 2026 India Standard Time elapsed time: 33.521490 seconds (0d 0h 0m 33s)

---------------  T H R E A D  ---------------

Current thread (0x00000217cb14adc0):  JavaThread "C2 CompilerThread1" daemon [_thread_in_native, id=19824, stack(0x0000007f41300000,0x0000007f41400000) (1024K)]


Current CompileTask:
C2:33521 11255       4       com.android.tools.r8.dex.c0::a (881 bytes)

Stack: [0x0000007f41300000,0x0000007f41400000]
Native frames: (J=compiled Java code, j=interpreted, Vv=VM code, C=native code)
V  [jvm.dll+0x6d78a9]
V  [jvm.dll+0x8665b3]
V  [jvm.dll+0x868bde]
V  [jvm.dll+0x8692c3]
V  [jvm.dll+0x280ee6]
V  [jvm.dll+0xc07cd]
V  [jvm.dll+0xc0d03]
V  [jvm.dll+0x2f6170]
V  [jvm.dll+0x6003e9]
V  [jvm.dll+0x252ce2]
V  [jvm.dll+0x24b62a]
V  [jvm.dll+0x24909e]
V  [jvm.dll+0x1c76e4]
V  [jvm.dll+0x25891e]
V  [jvm.dll+0x256e66]
V  [jvm.dll+0x3f513e]
V  [jvm.dll+0x80fd28]
V  [jvm.dll+0x6d60fd]
C  [ucrtbase.dll+0x2cd30]
C  [KERNEL32.DLL+0x2e957]
C  [ntdll.dll+0xaad6c]


---------------  P R O C E S S  ---------------

Threads class SMR info:
_java_thread_list=0x00000217cc1ab610, length=138, elements={
0x00000217aa7becb0, 0x00000217c8081be0, 0x00000217c8085870, 0x00000217c8097110,
0x00000217c8097b70, 0x00000217c80c6610, 0x00000217c80c7070, 0x00000217c80cfae0,
0x00000217c80d0870, 0x00000217c80d4810, 0x00000217c83a7910, 0x00000217caf2d5e0,
0x00000217c9719bd0, 0x00000217ca255520, 0x00000217cae5fe40, 0x00000217c9ef0510,
0x00000217caf66920, 0x00000217c93fbf50, 0x00000217caf5e460, 0x00000217caf5eaf0,
0x00000217caf5f810, 0x00000217caf60bc0, 0x00000217caf618e0, 0x00000217caf5f180,
0x00000217caf60530, 0x00000217caf61250, 0x00000217cc2a3170, 0x00000217cc2a3800,
0x00000217cc2a0380, 0x00000217cc2a2450, 0x00000217cc2a4520, 0x00000217cc2a10a0,
0x00000217cc2a0a10, 0x00000217cc2a5240, 0x00000217cc2a1dc0, 0x00000217cc2a58d0,
0x00000217cc2a5f60, 0x00000217cc2a7310, 0x00000217cc2a65f0, 0x00000217cc2a79a0,
0x00000217cc2a6c80, 0x00000217ce9c8140, 0x00000217ce9c87d0, 0x00000217cb270180,
0x00000217cd4e2f40, 0x00000217ca1a8c30, 0x00000217cb26faf0, 0x00000217cd4e28b0,
0x00000217cb26be00, 0x00000217ca1a85a0, 0x00000217ca1a7f10, 0x00000217ca1a7880,
0x00000217cc75bd50, 0x00000217c9a75d70, 0x00000217cc7676e0, 0x00000217cc767d70,
0x00000217cc7669c0, 0x00000217cb26d840, 0x00000217cc767050, 0x00000217cc75d790,
0x00000217cb26c490, 0x00000217c9a777b0, 0x00000217c9a784d0, 0x00000217cc75b030,
0x00000217ce9c7420, 0x00000217ce9c94f0, 0x00000217cb537410, 0x00000217cb5394e0,
0x00000217cb537aa0, 0x00000217cb538e50, 0x00000217cc75a9a0, 0x00000217cc75ca70,
0x00000217cb5387c0, 0x00000217cb536060, 0x00000217cb26cb20, 0x00000217cb26b0e0,
0x00000217cb26ded0, 0x00000217cb26d1b0, 0x00000217cb26aa50, 0x00000217cb26b770,
0x00000217cc81c8c0, 0x00000217cc81cf50, 0x00000217cc819ad0, 0x00000217cc81c230,
0x00000217c9a78b60, 0x00000217c9a791f0, 0x00000217c9a76400, 0x00000217c9a76a90,
0x00000217c9a77120, 0x00000217c9a77e40, 0x00000217cec6cd10, 0x00000217ce9c8e60,
0x00000217ce9c6070, 0x00000217ce9c6700, 0x00000217ce9c6d90, 0x00000217ce9c7ab0,
0x00000217cdea4c30, 0x00000217cdea52c0, 0x00000217cec56d70, 0x00000217ce94cad0,
0x00000217cec57400, 0x00000217cec57a90, 0x00000217cd438280, 0x00000217cd437560,
0x00000217cd437bf0, 0x00000217cd91aee0, 0x00000217cb538130, 0x00000217ce94d160,
0x00000217ce94d7f0, 0x00000217cec566e0, 0x00000217ceba1150, 0x00000217ceba2b90,
0x00000217cec6ede0, 0x00000217cec6d3a0, 0x00000217cec6da30, 0x00000217cc81a160,
0x00000217cc81a7f0, 0x00000217cc81ae80, 0x00000217cc81b510, 0x00000217cc81bba0,
0x00000217cd41db50, 0x00000217cd41ce30, 0x00000217cb5366f0, 0x00000217cec6fb00,
0x00000217cb536d80, 0x00000217cb4bfba0, 0x00000217cb4bcdb0, 0x00000217cb4be160,
0x00000217cc75b6c0, 0x00000217cd41d4c0, 0x00000217cc75de20, 0x00000217cdea45a0,
0x00000217ceba17e0, 0x00000217cc75c3e0, 0x00000217cd91cfb0, 0x00000217cec6e0c0,
0x00000217cec6c680, 0x00000217cb14adc0
}

Java Threads: ( => current thread )
  0x00000217aa7becb0 JavaThread "main"                              [_thread_blocked, id=7236, stack(0x0000007f37b00000,0x0000007f37c00000) (1024K)]
  0x00000217c8081be0 JavaThread "Common-Cleaner"             daemon [_thread_blocked, id=9264, stack(0x0000007f38300000,0x0000007f38400000) (1024K)]
  0x00000217c8085870 JavaThread "Reference Handler"          daemon [_thread_blocked, id=25552, stack(0x0000007f38400000,0x0000007f38500000) (1024K)]
  0x00000217c8097110 JavaThread "Finalizer"                  daemon [_thread_blocked, id=19912, stack(0x0000007f38500000,0x0000007f38600000) (1024K)]
  0x00000217c8097b70 JavaThread "Signal Dispatcher"          daemon [_thread_blocked, id=16816, stack(0x0000007f38600000,0x0000007f38700000) (1024K)]
  0x00000217c80c6610 JavaThread "Attach Listener"            daemon [_thread_blocked, id=28864, stack(0x0000007f38700000,0x0000007f38800000) (1024K)]
  0x00000217c80c7070 JavaThread "Service Thread"             daemon [_thread_blocked, id=6292, stack(0x0000007f38800000,0x0000007f38900000) (1024K)]
  0x00000217c80cfae0 JavaThread "Monitor Deflation Thread"   daemon [_thread_blocked, id=26068, stack(0x0000007f38900000,0x0000007f38a00000) (1024K)]
  0x00000217c80d0870 JavaThread "C2 CompilerThread0"         daemon [_thread_in_native, id=17228, stack(0x0000007f38a00000,0x0000007f38b00000) (1024K)]
  0x00000217c80d4810 JavaThread "C1 CompilerThread0"         daemon [_thread_blocked, id=17820, stack(0x0000007f38b00000,0x0000007f38c00000) (1024K)]
  0x00000217c83a7910 JavaThread "Notification Thread"        daemon [_thread_blocked, id=23444, stack(0x0000007f38c00000,0x0000007f38d00000) (1024K)]
  0x00000217caf2d5e0 JavaThread "Daemon health stats"               [_thread_blocked, id=18092, stack(0x0000007f39000000,0x0000007f39100000) (1024K)]
  0x00000217c9719bd0 JavaThread "Incoming local TCP Connector on port 53540"        [_thread_in_native, id=22220, stack(0x0000007f38d00000,0x0000007f38e00000) (1024K)]
  0x00000217ca255520 JavaThread "Daemon periodic checks"            [_thread_blocked, id=31116, stack(0x0000007f39300000,0x0000007f39400000) (1024K)]
  0x00000217cae5fe40 JavaThread "Daemon"                            [_thread_blocked, id=29624, stack(0x0000007f39400000,0x0000007f39500000) (1024K)]
  0x00000217c9ef0510 JavaThread "Handler for socket connection from /127.0.0.1:53540 to /127.0.0.1:53541"        [_thread_in_native, id=19732, stack(0x0000007f39500000,0x0000007f39600000) (1024K)]
  0x00000217caf66920 JavaThread "Cancel handler"                    [_thread_blocked, id=26028, stack(0x0000007f39900000,0x0000007f39a00000) (1024K)]
  0x00000217c93fbf50 JavaThread "Daemon worker"                     [_thread_blocked, id=17436, stack(0x0000007f39a00000,0x0000007f39b00000) (1024K)]
  0x00000217caf5e460 JavaThread "Asynchronous log dispatcher for DefaultDaemonConnection: socket connection from /127.0.0.1:53540 to /127.0.0.1:53541"        [_thread_blocked, id=16376, stack(0x0000007f39b00000,0x0000007f39c00000) (1024K)]
  0x00000217caf5eaf0 JavaThread "Stdin handler"                     [_thread_blocked, id=31324, stack(0x0000007f39c00000,0x0000007f39d00000) (1024K)]
  0x00000217caf5f810 JavaThread "Daemon client event forwarder"        [_thread_blocked, id=8228, stack(0x0000007f39d00000,0x0000007f39e00000) (1024K)]
  0x00000217caf60bc0 JavaThread "Cache worker for journal cache (C:\Users\nickine chrise.j\.gradle\caches\journal-1)"        [_thread_blocked, id=22872, stack(0x0000007f3a000000,0x0000007f3a100000) (1024K)]
  0x00000217caf618e0 JavaThread "File lock request listener"        [_thread_in_native, id=18280, stack(0x0000007f3a100000,0x0000007f3a200000) (1024K)]
  0x00000217caf5f180 JavaThread "Cache worker for file hash cache (C:\Users\nickine chrise.j\.gradle\caches\8.13\fileHashes)"        [_thread_blocked, id=17716, stack(0x0000007f3a200000,0x0000007f3a300000) (1024K)]
  0x00000217caf60530 JavaThread "Cache worker for file hash cache (C:\Users\nickine chrise.j\AndroidStudioProjects\AngelGuard\.gradle\8.13\fileHashes)"        [_thread_blocked, id=16788, stack(0x0000007f3a300000,0x0000007f3a400000) (1024K)]
  0x00000217caf61250 JavaThread "Cache worker for checksums cache (C:\Users\nickine chrise.j\AndroidStudioProjects\AngelGuard\.gradle\8.13\checksums)"        [_thread_blocked, id=26220, stack(0x0000007f3a400000,0x0000007f3a500000) (1024K)]
  0x00000217cc2a3170 JavaThread "Cache worker for Build Output Cleanup Cache (C:\Users\nickine chrise.j\AndroidStudioProjects\AngelGuard\.gradle\buildOutputCleanup)"        [_thread_blocked, id=22452, stack(0x0000007f3a500000,0x0000007f3a600000) (1024K)]
  0x00000217cc2a3800 JavaThread "Cache worker for file content cache (C:\Users\nickine chrise.j\.gradle\caches\8.13\fileContent)"        [_thread_blocked, id=12632, stack(0x0000007f3a600000,0x0000007f3a700000) (1024K)]
  0x00000217cc2a0380 JavaThread "File watcher server"        daemon [_thread_in_native, id=31184, stack(0x0000007f3a700000,0x0000007f3a800000) (1024K)]
  0x00000217cc2a2450 JavaThread "File watcher consumer"      daemon [_thread_blocked, id=26952, stack(0x0000007f3a800000,0x0000007f3a900000) (1024K)]
  0x00000217cc2a4520 JavaThread "build event listener"              [_thread_blocked, id=20484, stack(0x0000007f3aa00000,0x0000007f3ab00000) (1024K)]
  0x00000217cc2a10a0 JavaThread "Build operations"                  [_thread_blocked, id=15984, stack(0x0000007f3ab00000,0x0000007f3ac00000) (1024K)]
  0x00000217cc2a0a10 JavaThread "Memory manager"                    [_thread_blocked, id=24420, stack(0x0000007f3a900000,0x0000007f3aa00000) (1024K)]
  0x00000217cc2a5240 JavaThread "included builds"                   [_thread_blocked, id=13688, stack(0x0000007f3ac00000,0x0000007f3ad00000) (1024K)]
  0x00000217cc2a1dc0 JavaThread "Execution worker"                  [_thread_blocked, id=19232, stack(0x0000007f3ad00000,0x0000007f3ae00000) (1024K)]
  0x00000217cc2a58d0 JavaThread "Execution worker Thread 2"         [_thread_blocked, id=23952, stack(0x0000007f3ae00000,0x0000007f3af00000) (1024K)]
  0x00000217cc2a5f60 JavaThread "Execution worker Thread 3"         [_thread_blocked, id=24004, stack(0x0000007f3af00000,0x0000007f3b000000) (1024K)]
  0x00000217cc2a7310 JavaThread "Execution worker Thread 4"         [_thread_blocked, id=3392, stack(0x0000007f3b000000,0x0000007f3b100000) (1024K)]
  0x00000217cc2a65f0 JavaThread "Execution worker Thread 5"         [_thread_blocked, id=17112, stack(0x0000007f3b100000,0x0000007f3b200000) (1024K)]
  0x00000217cc2a79a0 JavaThread "Execution worker Thread 6"         [_thread_blocked, id=4452, stack(0x0000007f3b200000,0x0000007f3b300000) (1024K)]
  0x00000217cc2a6c80 JavaThread "Execution worker Thread 7"         [_thread_blocked, id=28684, stack(0x0000007f3b300000,0x0000007f3b400000) (1024K)]
  0x00000217ce9c8140 JavaThread "Cache worker for execution history cache (C:\Users\nickine chrise.j\AndroidStudioProjects\AngelGuard\.gradle\8.13\executionHistory)"        [_thread_blocked, id=26312, stack(0x0000007f3b400000,0x0000007f3b500000) (1024K)]
  0x00000217ce9c87d0 JavaThread "Unconstrained build operations"        [_thread_blocked, id=28332, stack(0x0000007f3b500000,0x0000007f3b600000) (1024K)]
  0x00000217cb270180 JavaThread "Unconstrained build operations Thread 2"        [_thread_blocked, id=30468, stack(0x0000007f3b600000,0x0000007f3b700000) (1024K)]
  0x00000217cd4e2f40 JavaThread "Unconstrained build operations Thread 3"        [_thread_blocked, id=25032, stack(0x0000007f3b700000,0x0000007f3b800000) (1024K)]
  0x00000217ca1a8c30 JavaThread "Unconstrained build operations Thread 4"        [_thread_blocked, id=27828, stack(0x0000007f3b800000,0x0000007f3b900000) (1024K)]
  0x00000217cb26faf0 JavaThread "Unconstrained build operations Thread 5"        [_thread_blocked, id=30752, stack(0x0000007f3b900000,0x0000007f3ba00000) (1024K)]
  0x00000217cd4e28b0 JavaThread "Unconstrained build operations Thread 6"        [_thread_blocked, id=14984, stack(0x0000007f3ba00000,0x0000007f3bb00000) (1024K)]
  0x00000217cb26be00 JavaThread "Unconstrained build operations Thread 7"        [_thread_blocked, id=15160, stack(0x0000007f3bb00000,0x0000007f3bc00000) (1024K)]
  0x00000217ca1a85a0 JavaThread "Unconstrained build operations Thread 8"        [_thread_blocked, id=22684, stack(0x0000007f3bc00000,0x0000007f3bd00000) (1024K)]
  0x00000217ca1a7f10 JavaThread "Unconstrained build operations Thread 9"        [_thread_blocked, id=14032, stack(0x0000007f3bd00000,0x0000007f3be00000) (1024K)]
  0x00000217ca1a7880 JavaThread "Unconstrained build operations Thread 10"        [_thread_blocked, id=11884, stack(0x0000007f3be00000,0x0000007f3bf00000) (1024K)]
  0x00000217cc75bd50 JavaThread "Unconstrained build operations Thread 11"        [_thread_blocked, id=27288, stack(0x0000007f3bf00000,0x0000007f3c000000) (1024K)]
  0x00000217c9a75d70 JavaThread "Unconstrained build operations Thread 12"        [_thread_blocked, id=25348, stack(0x0000007f3c000000,0x0000007f3c100000) (1024K)]
  0x00000217cc7676e0 JavaThread "Unconstrained build operations Thread 13"        [_thread_blocked, id=6800, stack(0x0000007f3c100000,0x0000007f3c200000) (1024K)]
  0x00000217cc767d70 JavaThread "Unconstrained build operations Thread 14"        [_thread_blocked, id=27980, stack(0x0000007f3c200000,0x0000007f3c300000) (1024K)]
  0x00000217cc7669c0 JavaThread "Unconstrained build operations Thread 15"        [_thread_blocked, id=1464, stack(0x0000007f3c300000,0x0000007f3c400000) (1024K)]
  0x00000217cb26d840 JavaThread "Unconstrained build operations Thread 16"        [_thread_blocked, id=2428, stack(0x0000007f3c400000,0x0000007f3c500000) (1024K)]
  0x00000217cc767050 JavaThread "Unconstrained build operations Thread 17"        [_thread_blocked, id=18096, stack(0x0000007f3c500000,0x0000007f3c600000) (1024K)]
  0x00000217cc75d790 JavaThread "Unconstrained build operations Thread 18"        [_thread_blocked, id=26416, stack(0x0000007f3c600000,0x0000007f3c700000) (1024K)]
  0x00000217cb26c490 JavaThread "Unconstrained build operations Thread 19"        [_thread_blocked, id=3840, stack(0x0000007f3c700000,0x0000007f3c800000) (1024K)]
  0x00000217c9a777b0 JavaThread "Unconstrained build operations Thread 20"        [_thread_blocked, id=29144, stack(0x0000007f3c800000,0x0000007f3c900000) (1024K)]
  0x00000217c9a784d0 JavaThread "Unconstrained build operations Thread 21"        [_thread_blocked, id=31248, stack(0x0000007f3c900000,0x0000007f3ca00000) (1024K)]
  0x00000217cc75b030 JavaThread "Unconstrained build operations Thread 22"        [_thread_blocked, id=26532, stack(0x0000007f3ca00000,0x0000007f3cb00000) (1024K)]
  0x00000217ce9c7420 JavaThread "Unconstrained build operations Thread 23"        [_thread_blocked, id=29932, stack(0x0000007f3cb00000,0x0000007f3cc00000) (1024K)]
  0x00000217ce9c94f0 JavaThread "Unconstrained build operations Thread 24"        [_thread_blocked, id=26376, stack(0x0000007f3cc00000,0x0000007f3cd00000) (1024K)]
  0x00000217cb537410 JavaThread "Unconstrained build operations Thread 25"        [_thread_blocked, id=1724, stack(0x0000007f3cd00000,0x0000007f3ce00000) (1024K)]
  0x00000217cb5394e0 JavaThread "Unconstrained build operations Thread 26"        [_thread_blocked, id=4628, stack(0x0000007f3ce00000,0x0000007f3cf00000) (1024K)]
  0x00000217cb537aa0 JavaThread "Unconstrained build operations Thread 27"        [_thread_blocked, id=6628, stack(0x0000007f3cf00000,0x0000007f3d000000) (1024K)]
  0x00000217cb538e50 JavaThread "Unconstrained build operations Thread 28"        [_thread_blocked, id=31204, stack(0x0000007f3d000000,0x0000007f3d100000) (1024K)]
  0x00000217cc75a9a0 JavaThread "Unconstrained build operations Thread 29"        [_thread_blocked, id=27396, stack(0x0000007f3d100000,0x0000007f3d200000) (1024K)]
  0x00000217cc75ca70 JavaThread "Unconstrained build operations Thread 30"        [_thread_blocked, id=18940, stack(0x0000007f3d200000,0x0000007f3d300000) (1024K)]
  0x00000217cb5387c0 JavaThread "Unconstrained build operations Thread 31"        [_thread_blocked, id=28680, stack(0x0000007f3d300000,0x0000007f3d400000) (1024K)]
  0x00000217cb536060 JavaThread "Unconstrained build operations Thread 32"        [_thread_blocked, id=7148, stack(0x0000007f3d400000,0x0000007f3d500000) (1024K)]
  0x00000217cb26cb20 JavaThread "Unconstrained build operations Thread 33"        [_thread_blocked, id=8492, stack(0x0000007f3d500000,0x0000007f3d600000) (1024K)]
  0x00000217cb26b0e0 JavaThread "Unconstrained build operations Thread 34"        [_thread_blocked, id=21220, stack(0x0000007f3d600000,0x0000007f3d700000) (1024K)]
  0x00000217cb26ded0 JavaThread "Unconstrained build operations Thread 35"        [_thread_blocked, id=7468, stack(0x0000007f3d700000,0x0000007f3d800000) (1024K)]
  0x00000217cb26d1b0 JavaThread "Unconstrained build operations Thread 36"        [_thread_blocked, id=29364, stack(0x0000007f3d800000,0x0000007f3d900000) (1024K)]
  0x00000217cb26aa50 JavaThread "Unconstrained build operations Thread 37"        [_thread_blocked, id=29664, stack(0x0000007f3d900000,0x0000007f3da00000) (1024K)]
  0x00000217cb26b770 JavaThread "Unconstrained build operations Thread 38"        [_thread_blocked, id=24340, stack(0x0000007f3da00000,0x0000007f3db00000) (1024K)]
  0x00000217cc81c8c0 JavaThread "Unconstrained build operations Thread 39"        [_thread_blocked, id=14660, stack(0x0000007f3db00000,0x0000007f3dc00000) (1024K)]
  0x00000217cc81cf50 JavaThread "Unconstrained build operations Thread 40"        [_thread_blocked, id=28656, stack(0x0000007f3dc00000,0x0000007f3dd00000) (1024K)]
  0x00000217cc819ad0 JavaThread "Unconstrained build operations Thread 41"        [_thread_blocked, id=12868, stack(0x0000007f3dd00000,0x0000007f3de00000) (1024K)]
  0x00000217cc81c230 JavaThread "Unconstrained build operations Thread 42"        [_thread_blocked, id=20400, stack(0x0000007f3de00000,0x0000007f3df00000) (1024K)]
  0x00000217c9a78b60 JavaThread "Unconstrained build operations Thread 43"        [_thread_blocked, id=28620, stack(0x0000007f3df00000,0x0000007f3e000000) (1024K)]
  0x00000217c9a791f0 JavaThread "Unconstrained build operations Thread 44"        [_thread_blocked, id=2300, stack(0x0000007f3e000000,0x0000007f3e100000) (1024K)]
  0x00000217c9a76400 JavaThread "Unconstrained build operations Thread 45"        [_thread_blocked, id=29908, stack(0x0000007f3e100000,0x0000007f3e200000) (1024K)]
  0x00000217c9a76a90 JavaThread "Unconstrained build operations Thread 46"        [_thread_blocked, id=19628, stack(0x0000007f3e200000,0x0000007f3e300000) (1024K)]
  0x00000217c9a77120 JavaThread "Unconstrained build operations Thread 47"        [_thread_blocked, id=28940, stack(0x0000007f3e300000,0x0000007f3e400000) (1024K)]
  0x00000217c9a77e40 JavaThread "Unconstrained build operations Thread 48"        [_thread_blocked, id=10884, stack(0x0000007f3e400000,0x0000007f3e500000) (1024K)]
  0x00000217cec6cd10 JavaThread "Unconstrained build operations Thread 49"        [_thread_blocked, id=22604, stack(0x0000007f3e500000,0x0000007f3e600000) (1024K)]
  0x00000217ce9c8e60 JavaThread "Unconstrained build operations Thread 50"        [_thread_blocked, id=30320, stack(0x0000007f3e600000,0x0000007f3e700000) (1024K)]
  0x00000217ce9c6070 JavaThread "Unconstrained build operations Thread 51"        [_thread_blocked, id=8288, stack(0x0000007f3e700000,0x0000007f3e800000) (1024K)]
  0x00000217ce9c6700 JavaThread "Unconstrained build operations Thread 52"        [_thread_blocked, id=3672, stack(0x0000007f3e800000,0x0000007f3e900000) (1024K)]
  0x00000217ce9c6d90 JavaThread "Unconstrained build operations Thread 53"        [_thread_blocked, id=28388, stack(0x0000007f3e900000,0x0000007f3ea00000) (1024K)]
  0x00000217ce9c7ab0 JavaThread "Unconstrained build operations Thread 54"        [_thread_blocked, id=26980, stack(0x0000007f3ea00000,0x0000007f3eb00000) (1024K)]
  0x00000217cdea4c30 JavaThread "Unconstrained build operations Thread 55"        [_thread_blocked, id=20672, stack(0x0000007f3eb00000,0x0000007f3ec00000) (1024K)]
  0x00000217cdea52c0 JavaThread "Unconstrained build operations Thread 56"        [_thread_blocked, id=30344, stack(0x0000007f3ec00000,0x0000007f3ed00000) (1024K)]
  0x00000217cec56d70 JavaThread "Unconstrained build operations Thread 57"        [_thread_blocked, id=19952, stack(0x0000007f3ed00000,0x0000007f3ee00000) (1024K)]
  0x00000217ce94cad0 JavaThread "Unconstrained build operations Thread 58"        [_thread_blocked, id=18256, stack(0x0000007f3ee00000,0x0000007f3ef00000) (1024K)]
  0x00000217cec57400 JavaThread "Unconstrained build operations Thread 59"        [_thread_blocked, id=1300, stack(0x0000007f3ef00000,0x0000007f3f000000) (1024K)]
  0x00000217cec57a90 JavaThread "Unconstrained build operations Thread 61"        [_thread_blocked, id=28500, stack(0x0000007f3f000000,0x0000007f3f100000) (1024K)]
  0x00000217cd438280 JavaThread "Unconstrained build operations Thread 60"        [_thread_blocked, id=31560, stack(0x0000007f3f100000,0x0000007f3f200000) (1024K)]
  0x00000217cd437560 JavaThread "Unconstrained build operations Thread 62"        [_thread_blocked, id=12880, stack(0x0000007f3f200000,0x0000007f3f300000) (1024K)]
  0x00000217cd437bf0 JavaThread "Unconstrained build operations Thread 63"        [_thread_blocked, id=13512, stack(0x0000007f3f300000,0x0000007f3f400000) (1024K)]
  0x00000217cd91aee0 JavaThread "Unconstrained build operations Thread 64"        [_thread_blocked, id=31176, stack(0x0000007f3f400000,0x0000007f3f500000) (1024K)]
  0x00000217cb538130 JavaThread "Unconstrained build operations Thread 65"        [_thread_blocked, id=26636, stack(0x0000007f3f500000,0x0000007f3f600000) (1024K)]
  0x00000217ce94d160 JavaThread "Unconstrained build operations Thread 66"        [_thread_blocked, id=13324, stack(0x0000007f3f600000,0x0000007f3f700000) (1024K)]
  0x00000217ce94d7f0 JavaThread "Unconstrained build operations Thread 68"        [_thread_blocked, id=28552, stack(0x0000007f3f700000,0x0000007f3f800000) (1024K)]
  0x00000217cec566e0 JavaThread "Unconstrained build operations Thread 67"        [_thread_blocked, id=12416, stack(0x0000007f3f800000,0x0000007f3f900000) (1024K)]
  0x00000217ceba1150 JavaThread "Unconstrained build operations Thread 69"        [_thread_blocked, id=29808, stack(0x0000007f3f900000,0x0000007f3fa00000) (1024K)]
  0x00000217ceba2b90 JavaThread "Unconstrained build operations Thread 70"        [_thread_blocked, id=31504, stack(0x0000007f3fa00000,0x0000007f3fb00000) (1024K)]
  0x00000217cec6ede0 JavaThread "Unconstrained build operations Thread 71"        [_thread_blocked, id=2584, stack(0x0000007f3fb00000,0x0000007f3fc00000) (1024K)]
  0x00000217cec6d3a0 JavaThread "Unconstrained build operations Thread 72"        [_thread_blocked, id=3280, stack(0x0000007f3fc00000,0x0000007f3fd00000) (1024K)]
  0x00000217cec6da30 JavaThread "Unconstrained build operations Thread 73"        [_thread_blocked, id=30164, stack(0x0000007f3fd00000,0x0000007f3fe00000) (1024K)]
  0x00000217cc81a160 JavaThread "Unconstrained build operations Thread 74"        [_thread_blocked, id=14036, stack(0x0000007f3fe00000,0x0000007f3ff00000) (1024K)]
  0x00000217cc81a7f0 JavaThread "Unconstrained build operations Thread 75"        [_thread_blocked, id=19860, stack(0x0000007f3ff00000,0x0000007f40000000) (1024K)]
  0x00000217cc81ae80 JavaThread "Unconstrained build operations Thread 76"        [_thread_blocked, id=7992, stack(0x0000007f40000000,0x0000007f40100000) (1024K)]
  0x00000217cc81b510 JavaThread "Unconstrained build operations Thread 77"        [_thread_blocked, id=25320, stack(0x0000007f40100000,0x0000007f40200000) (1024K)]
  0x00000217cc81bba0 JavaThread "Unconstrained build operations Thread 78"        [_thread_blocked, id=21928, stack(0x0000007f40200000,0x0000007f40300000) (1024K)]
  0x00000217cd41db50 JavaThread "Unconstrained build operations Thread 79"        [_thread_blocked, id=24824, stack(0x0000007f40300000,0x0000007f40400000) (1024K)]
  0x00000217cd41ce30 JavaThread "Unconstrained build operations Thread 80"        [_thread_blocked, id=9744, stack(0x0000007f40400000,0x0000007f40500000) (1024K)]
  0x00000217cb5366f0 JavaThread "WorkerExecutor Queue"              [_thread_blocked, id=17636, stack(0x0000007f40500000,0x0000007f40600000) (1024K)]
  0x00000217cec6fb00 JavaThread "WorkerExecutor Queue Thread 2"        [_thread_in_vm, id=10944, stack(0x0000007f40600000,0x0000007f40700000) (1024K)]
  0x00000217cb536d80 JavaThread "WorkerExecutor Queue Thread 3"        [_thread_blocked, id=20404, stack(0x0000007f40700000,0x0000007f40800000) (1024K)]
  0x00000217cb4bfba0 JavaThread "WorkerExecutor Queue Thread 4"        [_thread_blocked, id=14052, stack(0x0000007f40800000,0x0000007f40900000) (1024K)]
  0x00000217cb4bcdb0 JavaThread "ForkJoinPool-1-worker-1"    daemon [_thread_blocked, id=8256, stack(0x0000007f40900000,0x0000007f40a00000) (1024K)]
  0x00000217cb4be160 JavaThread "ForkJoinPool-1-worker-2"    daemon [_thread_blocked, id=24332, stack(0x0000007f40a00000,0x0000007f40b00000) (1024K)]
  0x00000217cc75b6c0 JavaThread "ForkJoinPool-1-worker-3"    daemon [_thread_blocked, id=5340, stack(0x0000007f40b00000,0x0000007f40c00000) (1024K)]
  0x00000217cd41d4c0 JavaThread "ForkJoinPool-1-worker-4"    daemon [_thread_blocked, id=29236, stack(0x0000007f40c00000,0x0000007f40d00000) (1024K)]
  0x00000217cc75de20 JavaThread "ForkJoinPool-1-worker-5"    daemon [_thread_blocked, id=23524, stack(0x0000007f40d00000,0x0000007f40e00000) (1024K)]
  0x00000217cdea45a0 JavaThread "ForkJoinPool-1-worker-6"    daemon [_thread_blocked, id=16772, stack(0x0000007f40e00000,0x0000007f40f00000) (1024K)]
  0x00000217ceba17e0 JavaThread "ForkJoinPool-1-worker-7"    daemon [_thread_blocked, id=14564, stack(0x0000007f40f00000,0x0000007f41000000) (1024K)]
  0x00000217cc75c3e0 JavaThread "ForkJoinPool-1-worker-8"    daemon [_thread_blocked, id=21592, stack(0x0000007f41000000,0x0000007f41100000) (1024K)]
  0x00000217cd91cfb0 JavaThread "pool-2-thread-1"                   [_thread_blocked, id=23556, stack(0x0000007f39f00000,0x0000007f3a000000) (1024K)]
  0x00000217cec6e0c0 JavaThread "stderr"                            [_thread_in_native, id=24884, stack(0x0000007f41100000,0x0000007f41200000) (1024K)]
  0x00000217cec6c680 JavaThread "stdout"                            [_thread_in_native, id=17876, stack(0x0000007f41200000,0x0000007f41300000) (1024K)]
=>0x00000217cb14adc0 JavaThread "C2 CompilerThread1"         daemon [_thread_in_native, id=19824, stack(0x0000007f41300000,0x0000007f41400000) (1024K)]
Total: 138

Other Threads:
  0x00000217c800b6b0 VMThread "VM Thread"                           [id=10044, stack(0x0000007f38200000,0x0000007f38300000) (1024K)]
  0x00000217c38e41a0 WatcherThread "VM Periodic Task Thread"        [id=2768, stack(0x0000007f38100000,0x0000007f38200000) (1024K)]
  0x00000217aa39e060 WorkerThread "GC Thread#0"                     [id=26536, stack(0x0000007f37c00000,0x0000007f37d00000) (1024K)]
  0x00000217c862c170 WorkerThread "GC Thread#1"                     [id=25476, stack(0x0000007f38e00000,0x0000007f38f00000) (1024K)]
  0x00000217c862c520 WorkerThread "GC Thread#2"                     [id=1788, stack(0x0000007f38f00000,0x0000007f39000000) (1024K)]
  0x00000217c8eb6020 WorkerThread "GC Thread#3"                     [id=23388, stack(0x0000007f39100000,0x0000007f39200000) (1024K)]
  0x00000217c937e420 WorkerThread "GC Thread#4"                     [id=26144, stack(0x0000007f39200000,0x0000007f39300000) (1024K)]
  0x00000217c99efdb0 WorkerThread "GC Thread#5"                     [id=19412, stack(0x0000007f39600000,0x0000007f39700000) (1024K)]
  0x00000217cad1f8f0 WorkerThread "GC Thread#6"                     [id=30348, stack(0x0000007f39700000,0x0000007f39800000) (1024K)]
  0x00000217c9581f00 WorkerThread "GC Thread#7"                     [id=19428, stack(0x0000007f39800000,0x0000007f39900000) (1024K)]
  0x00000217aa826860 ConcurrentGCThread "G1 Main Marker"            [id=15912, stack(0x0000007f37d00000,0x0000007f37e00000) (1024K)]
  0x00000217aa827a20 WorkerThread "G1 Conc#0"                       [id=28668, stack(0x0000007f37e00000,0x0000007f37f00000) (1024K)]
  0x00000217cafff890 WorkerThread "G1 Conc#1"                       [id=3704, stack(0x0000007f39e00000,0x0000007f39f00000) (1024K)]
  0x00000217aa87e290 ConcurrentGCThread "G1 Refine#0"               [id=31644, stack(0x0000007f37f00000,0x0000007f38000000) (1024K)]
  0x00000217c37b9000 ConcurrentGCThread "G1 Service"                [id=11496, stack(0x0000007f38000000,0x0000007f38100000) (1024K)]
Total: 15

Threads with active compile tasks:
C2 CompilerThread0  36670 11517       4       com.android.tools.r8.internal.kc0::a (3327 bytes)
C2 CompilerThread1  36670 11255       4       com.android.tools.r8.dex.c0::a (881 bytes)
Total: 2

VM state: not at safepoint (normal execution)

VM Mutex/Monitor currently owned by a thread:  ([mutex/lock_event])
[0x00007ffb16ce64d0] Metaspace_lock - owner thread: 0x00000217cec6fb00

Heap address: 0x0000000080000000, size: 2048 MB, Compressed Oops mode: 32-bit

CDS archive(s) not mapped
Compressed class space mapped at: 0x0000000100000000-0x0000000140000000, reserved size: 1073741824
Narrow klass base: 0x0000000000000000, Narrow klass shift: 3, Narrow klass range: 0x140000000

GC Precious Log:
 CardTable entry size: 512
 Card Set container configuration: InlinePtr #cards 5 size 8 Array Of Cards #cards 12 size 40 Howl #buckets 4 coarsen threshold 1843 Howl Bitmap #cards 512 size 80 coarsen threshold 460 Card regions per heap region 1 cards per card region 2048
 CPUs: 8 total, 8 available
 Memory: 8022M
 Large Page Support: Disabled
 NUMA Support: Disabled
 Compressed Oops: Enabled (32-bit)
 Heap Region Size: 1M
 Heap Min Capacity: 8M
 Heap Initial Capacity: 126M
 Heap Max Capacity: 2G
 Pre-touch: Disabled
 Parallel Workers: 8
 Concurrent Workers: 2
 Concurrent Refinement Workers: 8
 Periodic GC: Disabled

Heap:
 garbage-first heap   total 718848K, used 300544K [0x0000000080000000, 0x0000000100000000)
  region size 1024K, 19 young (19456K), 8 survivors (8192K)
 Metaspace       used 94864K, committed 96512K, reserved 1179648K
  class space    used 13332K, committed 14144K, reserved 1048576K

Heap Regions: E=young(eden), S=young(survivor), O=old, HS=humongous(starts), HC=humongous(continues), CS=collection set, F=free, TAMS=top-at-mark-start, PB=parsable bottom
|   0|0x0000000080000000, 0x0000000080100000, 0x0000000080100000|100%|HS|  |TAMS 0x0000000080000000| PB 0x0000000080000000| Complete 
|   1|0x0000000080100000, 0x0000000080200000, 0x0000000080200000|100%|HC|  |TAMS 0x0000000080100000| PB 0x0000000080100000| Complete 
|   2|0x0000000080200000, 0x0000000080300000, 0x0000000080300000|100%|HC|  |TAMS 0x0000000080200000| PB 0x0000000080200000| Complete 
|   3|0x0000000080300000, 0x0000000080400000, 0x0000000080400000|100%| O|  |TAMS 0x0000000080300000| PB 0x0000000080300000| Untracked 
|   4|0x0000000080400000, 0x0000000080500000, 0x0000000080500000|100%| O|  |TAMS 0x0000000080400000| PB 0x0000000080400000| Untracked 
|   5|0x0000000080500000, 0x0000000080600000, 0x0000000080600000|100%|HS|  |TAMS 0x0000000080500000| PB 0x0000000080500000| Complete 
|   6|0x0000000080600000, 0x0000000080700000, 0x0000000080700000|100%| O|  |TAMS 0x0000000080600000| PB 0x0000000080600000| Untracked 
|   7|0x0000000080700000, 0x0000000080800000, 0x0000000080800000|100%| O|  |TAMS 0x0000000080700000| PB 0x0000000080700000| Untracked 
|   8|0x0000000080800000, 0x0000000080900000, 0x0000000080900000|100%| O|  |TAMS 0x0000000080800000| PB 0x0000000080800000| Untracked 
|   9|0x0000000080900000, 0x0000000080a00000, 0x0000000080a00000|100%| O|  |TAMS 0x0000000080900000| PB 0x0000000080900000| Untracked 
|  10|0x0000000080a00000, 0x0000000080b00000, 0x0000000080b00000|100%| O|  |TAMS 0x0000000080a00000| PB 0x0000000080a00000| Untracked 
|  11|0x0000000080b00000, 0x0000000080c00000, 0x0000000080c00000|100%| O|  |TAMS 0x0000000080b00000| PB 0x0000000080b00000| Untracked 
|  12|0x0000000080c00000, 0x0000000080d00000, 0x0000000080d00000|100%| O|  |TAMS 0x0000000080c00000| PB 0x0000000080c00000| Untracked 
|  13|0x0000000080d00000, 0x0000000080e00000, 0x0000000080e00000|100%| O|  |TAMS 0x0000000080d00000| PB 0x0000000080d00000| Untracked 
|  14|0x0000000080e00000, 0x0000000080f00000, 0x0000000080f00000|100%| O|  |TAMS 0x0000000080e00000| PB 0x0000000080e00000| Untracked 
|  15|0x0000000080f00000, 0x0000000081000000, 0x0000000081000000|100%| O|  |TAMS 0x0000000080f00000| PB 0x0000000080f00000| Untracked 
|  16|0x0000000081000000, 0x0000000081100000, 0x0000000081100000|100%| O|  |TAMS 0x0000000081000000| PB 0x0000000081000000| Untracked 
|  17|0x0000000081100000, 0x0000000081200000, 0x0000000081200000|100%| O|  |TAMS 0x0000000081100000| PB 0x0000000081100000| Untracked 
|  18|0x0000000081200000, 0x0000000081300000, 0x0000000081300000|100%| O|  |TAMS 0x0000000081200000| PB 0x0000000081200000| Untracked 
|  19|0x0000000081300000, 0x0000000081400000, 0x0000000081400000|100%| O|  |TAMS 0x0000000081300000| PB 0x0000000081300000| Untracked 
|  20|0x0000000081400000, 0x0000000081500000, 0x0000000081500000|100%| O|  |TAMS 0x0000000081400000| PB 0x0000000081400000| Untracked 
|  21|0x0000000081500000, 0x0000000081600000, 0x0000000081600000|100%| O|  |TAMS 0x0000000081500000| PB 0x0000000081500000| Untracked 
|  22|0x0000000081600000, 0x0000000081700000, 0x0000000081700000|100%| O|  |TAMS 0x0000000081600000| PB 0x0000000081600000| Untracked 
|  23|0x0000000081700000, 0x0000000081800000, 0x0000000081800000|100%|HS|  |TAMS 0x0000000081700000| PB 0x0000000081700000| Complete 
|  24|0x0000000081800000, 0x0000000081900000, 0x0000000081900000|100%| O|  |TAMS 0x0000000081800000| PB 0x0000000081800000| Untracked 
|  25|0x0000000081900000, 0x0000000081a00000, 0x0000000081a00000|100%|HS|  |TAMS 0x0000000081900000| PB 0x0000000081900000| Complete 
|  26|0x0000000081a00000, 0x0000000081b00000, 0x0000000081b00000|100%|HS|  |TAMS 0x0000000081a00000| PB 0x0000000081a00000| Complete 
|  27|0x0000000081b00000, 0x0000000081c00000, 0x0000000081c00000|100%|HS|  |TAMS 0x0000000081b00000| PB 0x0000000081b00000| Complete 
|  28|0x0000000081c00000, 0x0000000081d00000, 0x0000000081d00000|100%|HC|  |TAMS 0x0000000081c00000| PB 0x0000000081c00000| Complete 
|  29|0x0000000081d00000, 0x0000000081e00000, 0x0000000081e00000|100%| O|  |TAMS 0x0000000081d00000| PB 0x0000000081d00000| Untracked 
|  30|0x0000000081e00000, 0x0000000081f00000, 0x0000000081f00000|100%| O|  |TAMS 0x0000000081e00000| PB 0x0000000081e00000| Untracked 
|  31|0x0000000081f00000, 0x0000000082000000, 0x0000000082000000|100%| O|  |TAMS 0x0000000081f00000| PB 0x0000000081f00000| Untracked 
|  32|0x0000000082000000, 0x0000000082100000, 0x0000000082100000|100%|HS|  |TAMS 0x0000000082000000| PB 0x0000000082000000| Complete 
|  33|0x0000000082100000, 0x0000000082200000, 0x0000000082200000|100%| O|  |TAMS 0x0000000082100000| PB 0x0000000082100000| Untracked 
|  34|0x0000000082200000, 0x0000000082300000, 0x0000000082300000|100%| O|  |TAMS 0x0000000082200000| PB 0x0000000082200000| Untracked 
|  35|0x0000000082300000, 0x0000000082400000, 0x0000000082400000|100%| O|  |TAMS 0x0000000082300000| PB 0x0000000082300000| Untracked 
|  36|0x0000000082400000, 0x0000000082500000, 0x0000000082500000|100%| O|  |TAMS 0x0000000082400000| PB 0x0000000082400000| Untracked 
|  37|0x0000000082500000, 0x0000000082600000, 0x0000000082600000|100%| O|  |TAMS 0x0000000082500000| PB 0x0000000082500000| Untracked 
|  38|0x0000000082600000, 0x0000000082700000, 0x0000000082700000|100%| O|  |TAMS 0x0000000082600000| PB 0x0000000082600000| Untracked 
|  39|0x0000000082700000, 0x0000000082800000, 0x0000000082800000|100%| O|  |TAMS 0x0000000082700000| PB 0x0000000082700000| Untracked 
|  40|0x0000000082800000, 0x0000000082900000, 0x0000000082900000|100%|HS|  |TAMS 0x0000000082800000| PB 0x0000000082800000| Complete 
|  41|0x0000000082900000, 0x0000000082a00000, 0x0000000082a00000|100%|HS|  |TAMS 0x0000000082900000| PB 0x0000000082900000| Complete 
|  42|0x0000000082a00000, 0x0000000082b00000, 0x0000000082b00000|100%|HC|  |TAMS 0x0000000082a00000| PB 0x0000000082a00000| Complete 
|  43|0x0000000082b00000, 0x0000000082c00000, 0x0000000082c00000|100%|HS|  |TAMS 0x0000000082b00000| PB 0x0000000082b00000| Complete 
|  44|0x0000000082c00000, 0x0000000082d00000, 0x0000000082d00000|100%| O|  |TAMS 0x0000000082c00000| PB 0x0000000082c00000| Untracked 
|  45|0x0000000082d00000, 0x0000000082e00000, 0x0000000082e00000|100%| O|  |TAMS 0x0000000082d00000| PB 0x0000000082d00000| Untracked 
|  46|0x0000000082e00000, 0x0000000082f00000, 0x0000000082f00000|100%| O|  |TAMS 0x0000000082e00000| PB 0x0000000082e00000| Untracked 
|  47|0x0000000082f00000, 0x0000000083000000, 0x0000000083000000|100%| O|  |TAMS 0x0000000082f00000| PB 0x0000000082f00000| Untracked 
|  48|0x0000000083000000, 0x0000000083100000, 0x0000000083100000|100%| O|  |TAMS 0x0000000083000000| PB 0x0000000083000000| Untracked 
|  49|0x0000000083100000, 0x0000000083200000, 0x0000000083200000|100%|HS|  |TAMS 0x0000000083100000| PB 0x0000000083100000| Complete 
|  50|0x0000000083200000, 0x0000000083300000, 0x0000000083300000|100%|HC|  |TAMS 0x0000000083200000| PB 0x0000000083200000| Complete 
|  51|0x0000000083300000, 0x0000000083400000, 0x0000000083400000|100%|HC|  |TAMS 0x0000000083300000| PB 0x0000000083300000| Complete 
|  52|0x0000000083400000, 0x0000000083500000, 0x0000000083500000|100%|HC|  |TAMS 0x0000000083400000| PB 0x0000000083400000| Complete 
|  53|0x0000000083500000, 0x0000000083600000, 0x0000000083600000|100%| O|  |TAMS 0x0000000083500000| PB 0x0000000083500000| Untracked 
|  54|0x0000000083600000, 0x0000000083700000, 0x0000000083700000|100%| O|  |TAMS 0x0000000083600000| PB 0x0000000083600000| Untracked 
|  55|0x0000000083700000, 0x0000000083800000, 0x0000000083800000|100%| O|  |TAMS 0x0000000083700000| PB 0x0000000083700000| Untracked 
|  56|0x0000000083800000, 0x0000000083900000, 0x0000000083900000|100%| O|  |TAMS 0x0000000083800000| PB 0x0000000083800000| Untracked 
|  57|0x0000000083900000, 0x0000000083a00000, 0x0000000083a00000|100%| O|  |TAMS 0x0000000083900000| PB 0x0000000083900000| Untracked 
|  58|0x0000000083a00000, 0x0000000083b00000, 0x0000000083b00000|100%| O|  |TAMS 0x0000000083a00000| PB 0x0000000083a00000| Untracked 
|  59|0x0000000083b00000, 0x0000000083c00000, 0x0000000083c00000|100%| O|  |TAMS 0x0000000083b00000| PB 0x0000000083b00000| Untracked 
|  60|0x0000000083c00000, 0x0000000083d00000, 0x0000000083d00000|100%| O|  |TAMS 0x0000000083c00000| PB 0x0000000083c00000| Untracked 
|  61|0x0000000083d00000, 0x0000000083e00000, 0x0000000083e00000|100%| O|  |TAMS 0x0000000083d00000| PB 0x0000000083d00000| Untracked 
|  62|0x0000000083e00000, 0x0000000083f00000, 0x0000000083f00000|100%| O|  |TAMS 0x0000000083e00000| PB 0x0000000083e00000| Untracked 
|  63|0x0000000083f00000, 0x0000000084000000, 0x0000000084000000|100%| O|  |TAMS 0x0000000083f00000| PB 0x0000000083f00000| Untracked 
|  64|0x0000000084000000, 0x0000000084100000, 0x0000000084100000|100%| O|  |TAMS 0x0000000084000000| PB 0x0000000084000000| Untracked 
|  65|0x0000000084100000, 0x0000000084200000, 0x0000000084200000|100%| O|  |TAMS 0x0000000084100000| PB 0x0000000084100000| Untracked 
|  66|0x0000000084200000, 0x0000000084300000, 0x0000000084300000|100%| O|  |TAMS 0x0000000084200000| PB 0x0000000084200000| Untracked 
|  67|0x0000000084300000, 0x0000000084400000, 0x0000000084400000|100%| O|  |TAMS 0x0000000084300000| PB 0x0000000084300000| Untracked 
|  68|0x0000000084400000, 0x0000000084500000, 0x0000000084500000|100%| O|  |TAMS 0x0000000084400000| PB 0x0000000084400000| Untracked 
|  69|0x0000000084500000, 0x0000000084600000, 0x0000000084600000|100%|HS|  |TAMS 0x0000000084500000| PB 0x0000000084500000| Complete 
|  70|0x0000000084600000, 0x0000000084700000, 0x0000000084700000|100%|HC|  |TAMS 0x0000000084600000| PB 0x0000000084600000| Complete 
|  71|0x0000000084700000, 0x0000000084800000, 0x0000000084800000|100%|HC|  |TAMS 0x0000000084700000| PB 0x0000000084700000| Complete 
|  72|0x0000000084800000, 0x0000000084900000, 0x0000000084900000|100%|HC|  |TAMS 0x0000000084800000| PB 0x0000000084800000| Complete 
|  73|0x0000000084900000, 0x0000000084a00000, 0x0000000084a00000|100%| O|  |TAMS 0x0000000084900000| PB 0x0000000084900000| Untracked 
|  74|0x0000000084a00000, 0x0000000084b00000, 0x0000000084b00000|100%| O|  |TAMS 0x0000000084a00000| PB 0x0000000084a00000| Untracked 
|  75|0x0000000084b00000, 0x0000000084c00000, 0x0000000084c00000|100%| O|  |TAMS 0x0000000084b00000| PB 0x0000000084b00000| Untracked 
|  76|0x0000000084c00000, 0x0000000084d00000, 0x0000000084d00000|100%| O|  |TAMS 0x0000000084c00000| PB 0x0000000084c00000| Untracked 
|  77|0x0000000084d00000, 0x0000000084e00000, 0x0000000084e00000|100%| O|  |TAMS 0x0000000084d00000| PB 0x0000000084d00000| Untracked 
|  78|0x0000000084e00000, 0x0000000084f00000, 0x0000000084f00000|100%|HS|  |TAMS 0x0000000084e00000| PB 0x0000000084e00000| Complete 
|  79|0x0000000084f00000, 0x0000000085000000, 0x0000000085000000|100%|HC|  |TAMS 0x0000000084f00000| PB 0x0000000084f00000| Complete 
|  80|0x0000000085000000, 0x0000000085100000, 0x0000000085100000|100%|HS|  |TAMS 0x0000000085000000| PB 0x0000000085000000| Complete 
|  81|0x0000000085100000, 0x0000000085200000, 0x0000000085200000|100%|HS|  |TAMS 0x0000000085100000| PB 0x0000000085100000| Complete 
|  82|0x0000000085200000, 0x0000000085300000, 0x0000000085300000|100%|HC|  |TAMS 0x0000000085200000| PB 0x0000000085200000| Complete 
|  83|0x0000000085300000, 0x0000000085400000, 0x0000000085400000|100%| O|  |TAMS 0x0000000085300000| PB 0x0000000085300000| Untracked 
|  84|0x0000000085400000, 0x0000000085500000, 0x0000000085500000|100%| O|  |TAMS 0x0000000085400000| PB 0x0000000085400000| Untracked 
|  85|0x0000000085500000, 0x0000000085600000, 0x0000000085600000|100%|HS|  |TAMS 0x0000000085500000| PB 0x0000000085500000| Complete 
|  86|0x0000000085600000, 0x0000000085700000, 0x0000000085700000|100%|HS|  |TAMS 0x0000000085600000| PB 0x0000000085600000| Complete 
|  87|0x0000000085700000, 0x0000000085800000, 0x0000000085800000|100%|HC|  |TAMS 0x0000000085700000| PB 0x0000000085700000| Complete 
|  88|0x0000000085800000, 0x0000000085900000, 0x0000000085900000|100%| O|  |TAMS 0x0000000085800000| PB 0x0000000085800000| Untracked 
|  89|0x0000000085900000, 0x0000000085a00000, 0x0000000085a00000|100%|HS|  |TAMS 0x0000000085900000| PB 0x0000000085900000| Complete 
|  90|0x0000000085a00000, 0x0000000085b00000, 0x0000000085b00000|100%|HS|  |TAMS 0x0000000085a00000| PB 0x0000000085a00000| Complete 
|  91|0x0000000085b00000, 0x0000000085c00000, 0x0000000085c00000|100%|HS|  |TAMS 0x0000000085b00000| PB 0x0000000085b00000| Complete 
|  92|0x0000000085c00000, 0x0000000085d00000, 0x0000000085d00000|100%|HC|  |TAMS 0x0000000085c00000| PB 0x0000000085c00000| Complete 
|  93|0x0000000085d00000, 0x0000000085e00000, 0x0000000085e00000|100%| O|  |TAMS 0x0000000085d00000| PB 0x0000000085d00000| Untracked 
|  94|0x0000000085e00000, 0x0000000085f00000, 0x0000000085f00000|100%| O|  |TAMS 0x0000000085e00000| PB 0x0000000085e00000| Untracked 
|  95|0x0000000085f00000, 0x0000000085f00000, 0x0000000086000000|  0%| F|  |TAMS 0x0000000085f00000| PB 0x0000000085f00000| Untracked 
|  96|0x0000000086000000, 0x0000000086100000, 0x0000000086100000|100%|HS|  |TAMS 0x0000000086000000| PB 0x0000000086000000| Complete 
|  97|0x0000000086100000, 0x0000000086200000, 0x0000000086200000|100%|HC|  |TAMS 0x0000000086100000| PB 0x0000000086100000| Complete 
|  98|0x0000000086200000, 0x0000000086300000, 0x0000000086300000|100%|HC|  |TAMS 0x0000000086200000| PB 0x0000000086200000| Complete 
|  99|0x0000000086300000, 0x0000000086400000, 0x0000000086400000|100%|HS|  |TAMS 0x0000000086300000| PB 0x0000000086300000| Complete 
| 100|0x0000000086400000, 0x0000000086500000, 0x0000000086500000|100%|HC|  |TAMS 0x0000000086400000| PB 0x0000000086400000| Complete 
| 101|0x0000000086500000, 0x0000000086600000, 0x0000000086600000|100%|HC|  |TAMS 0x0000000086500000| PB 0x0000000086500000| Complete 
| 102|0x0000000086600000, 0x0000000086600000, 0x0000000086700000|  0%| F|  |TAMS 0x0000000086600000| PB 0x0000000086600000| Untracked 
| 103|0x0000000086700000, 0x0000000086800000, 0x0000000086800000|100%| O|  |TAMS 0x0000000086700000| PB 0x0000000086700000| Untracked 
| 104|0x0000000086800000, 0x0000000086900000, 0x0000000086900000|100%| O|  |TAMS 0x0000000086800000| PB 0x0000000086800000| Untracked 
| 105|0x0000000086900000, 0x0000000086a00000, 0x0000000086a00000|100%| O|  |TAMS 0x0000000086900000| PB 0x0000000086900000| Untracked 
| 106|0x0000000086a00000, 0x0000000086b00000, 0x0000000086b00000|100%| O|  |TAMS 0x0000000086a00000| PB 0x0000000086a00000| Untracked 
| 107|0x0000000086b00000, 0x0000000086c00000, 0x0000000086c00000|100%| O|  |TAMS 0x0000000086b00000| PB 0x0000000086b00000| Untracked 
| 108|0x0000000086c00000, 0x0000000086d00000, 0x0000000086d00000|100%| O|  |TAMS 0x0000000086c00000| PB 0x0000000086c00000| Untracked 
| 109|0x0000000086d00000, 0x0000000086e00000, 0x0000000086e00000|100%| O|  |TAMS 0x0000000086d00000| PB 0x0000000086d00000| Untracked 
| 110|0x0000000086e00000, 0x0000000086f00000, 0x0000000086f00000|100%| O|  |TAMS 0x0000000086e00000| PB 0x0000000086e00000| Untracked 
| 111|0x0000000086f00000, 0x0000000087000000, 0x0000000087000000|100%| O|  |TAMS 0x0000000086f00000| PB 0x0000000086f00000| Untracked 
| 112|0x0000000087000000, 0x0000000087100000, 0x0000000087100000|100%| O|  |TAMS 0x0000000087000000| PB 0x0000000087000000| Untracked 
| 113|0x0000000087100000, 0x0000000087200000, 0x0000000087200000|100%| O|  |TAMS 0x0000000087100000| PB 0x0000000087100000| Untracked 
| 114|0x0000000087200000, 0x0000000087300000, 0x0000000087300000|100%| O|  |TAMS 0x0000000087200000| PB 0x0000000087200000| Untracked 
| 115|0x0000000087300000, 0x0000000087400000, 0x0000000087400000|100%| O|  |TAMS 0x0000000087300000| PB 0x0000000087300000| Untracked 
| 116|0x0000000087400000, 0x0000000087500000, 0x0000000087500000|100%| O|  |TAMS 0x0000000087400000| PB 0x0000000087400000| Untracked 
| 117|0x0000000087500000, 0x0000000087600000, 0x0000000087600000|100%| O|  |TAMS 0x0000000087500000| PB 0x0000000087500000| Untracked 
| 118|0x0000000087600000, 0x0000000087700000, 0x0000000087700000|100%| O|  |TAMS 0x0000000087600000| PB 0x0000000087600000| Untracked 
| 119|0x0000000087700000, 0x0000000087800000, 0x0000000087800000|100%|HS|  |TAMS 0x0000000087700000| PB 0x0000000087700000| Complete 
| 120|0x0000000087800000, 0x0000000087900000, 0x0000000087900000|100%|HC|  |TAMS 0x0000000087800000| PB 0x0000000087800000| Complete 
| 121|0x0000000087900000, 0x0000000087a00000, 0x0000000087a00000|100%| O|  |TAMS 0x0000000087900000| PB 0x0000000087900000| Untracked 
| 122|0x0000000087a00000, 0x0000000087b00000, 0x0000000087b00000|100%|HS|  |TAMS 0x0000000087a00000| PB 0x0000000087a00000| Complete 
| 123|0x0000000087b00000, 0x0000000087c00000, 0x0000000087c00000|100%| O|  |TAMS 0x0000000087b00000| PB 0x0000000087b00000| Untracked 
| 124|0x0000000087c00000, 0x0000000087d00000, 0x0000000087d00000|100%| O|  |TAMS 0x0000000087c00000| PB 0x0000000087c00000| Untracked 
| 125|0x0000000087d00000, 0x0000000087e00000, 0x0000000087e00000|100%| O|  |TAMS 0x0000000087d00000| PB 0x0000000087d00000| Untracked 
| 126|0x0000000087e00000, 0x0000000087f00000, 0x0000000087f00000|100%|HS|  |TAMS 0x0000000087e00000| PB 0x0000000087e00000| Complete 
| 127|0x0000000087f00000, 0x0000000088000000, 0x0000000088000000|100%|HC|  |TAMS 0x0000000087f00000| PB 0x0000000087f00000| Complete 
| 128|0x0000000088000000, 0x0000000088100000, 0x0000000088100000|100%| O|  |TAMS 0x0000000088000000| PB 0x0000000088000000| Untracked 
| 129|0x0000000088100000, 0x0000000088200000, 0x0000000088200000|100%|HS|  |TAMS 0x0000000088100000| PB 0x0000000088100000| Complete 
| 130|0x0000000088200000, 0x0000000088300000, 0x0000000088300000|100%| O|  |TAMS 0x0000000088200000| PB 0x0000000088200000| Untracked 
| 131|0x0000000088300000, 0x0000000088400000, 0x0000000088400000|100%| O|  |TAMS 0x0000000088300000| PB 0x0000000088300000| Untracked 
| 132|0x0000000088400000, 0x0000000088500000, 0x0000000088500000|100%| O|  |TAMS 0x0000000088400000| PB 0x0000000088400000| Untracked 
| 133|0x0000000088500000, 0x0000000088600000, 0x0000000088600000|100%| O|  |TAMS 0x0000000088500000| PB 0x0000000088500000| Untracked 
| 134|0x0000000088600000, 0x0000000088700000, 0x0000000088700000|100%| O|  |TAMS 0x0000000088600000| PB 0x0000000088600000| Untracked 
| 135|0x0000000088700000, 0x0000000088800000, 0x0000000088800000|100%| O|  |TAMS 0x0000000088700000| PB 0x0000000088700000| Untracked 
| 136|0x0000000088800000, 0x0000000088900000, 0x0000000088900000|100%| O|  |TAMS 0x0000000088800000| PB 0x0000000088800000| Untracked 
| 137|0x0000000088900000, 0x0000000088a00000, 0x0000000088a00000|100%| O|  |TAMS 0x0000000088900000| PB 0x0000000088900000| Untracked 
| 138|0x0000000088a00000, 0x0000000088b00000, 0x0000000088b00000|100%|HS|  |TAMS 0x0000000088a00000| PB 0x0000000088a00000| Complete 
| 139|0x0000000088b00000, 0x0000000088c00000, 0x0000000088c00000|100%|HC|  |TAMS 0x0000000088b00000| PB 0x0000000088b00000| Complete 
| 140|0x0000000088c00000, 0x0000000088d00000, 0x0000000088d00000|100%|HS|  |TAMS 0x0000000088c00000| PB 0x0000000088c00000| Complete 
| 141|0x0000000088d00000, 0x0000000088d00000, 0x0000000088e00000|  0%| F|  |TAMS 0x0000000088d00000| PB 0x0000000088d00000| Untracked 
| 142|0x0000000088e00000, 0x0000000088f00000, 0x0000000088f00000|100%| O|  |TAMS 0x0000000088e00000| PB 0x0000000088e00000| Untracked 
| 143|0x0000000088f00000, 0x0000000089000000, 0x0000000089000000|100%|HS|  |TAMS 0x0000000088f00000| PB 0x0000000088f00000| Complete 
| 144|0x0000000089000000, 0x0000000089100000, 0x0000000089100000|100%|HS|  |TAMS 0x0000000089000000| PB 0x0000000089000000| Complete 
| 145|0x0000000089100000, 0x0000000089200000, 0x0000000089200000|100%|HC|  |TAMS 0x0000000089100000| PB 0x0000000089100000| Complete 
| 146|0x0000000089200000, 0x0000000089300000, 0x0000000089300000|100%| O|  |TAMS 0x0000000089200000| PB 0x0000000089200000| Untracked 
| 147|0x0000000089300000, 0x0000000089400000, 0x0000000089400000|100%|HS|  |TAMS 0x0000000089300000| PB 0x0000000089300000| Complete 
| 148|0x0000000089400000, 0x0000000089500000, 0x0000000089500000|100%|HC|  |TAMS 0x0000000089400000| PB 0x0000000089400000| Complete 
| 149|0x0000000089500000, 0x0000000089600000, 0x0000000089600000|100%|HS|  |TAMS 0x0000000089500000| PB 0x0000000089500000| Complete 
| 150|0x0000000089600000, 0x0000000089700000, 0x0000000089700000|100%|HC|  |TAMS 0x0000000089600000| PB 0x0000000089600000| Complete 
| 151|0x0000000089700000, 0x0000000089800000, 0x0000000089800000|100%| O|  |TAMS 0x0000000089700000| PB 0x0000000089700000| Untracked 
| 152|0x0000000089800000, 0x0000000089900000, 0x0000000089900000|100%| O|  |TAMS 0x0000000089800000| PB 0x0000000089800000| Untracked 
| 153|0x0000000089900000, 0x0000000089a00000, 0x0000000089a00000|100%| O|  |TAMS 0x0000000089900000| PB 0x0000000089900000| Untracked 
| 154|0x0000000089a00000, 0x0000000089b00000, 0x0000000089b00000|100%| O|  |TAMS 0x0000000089a00000| PB 0x0000000089a00000| Untracked 
| 155|0x0000000089b00000, 0x0000000089c00000, 0x0000000089c00000|100%|HS|  |TAMS 0x0000000089b00000| PB 0x0000000089b00000| Complete 
| 156|0x0000000089c00000, 0x0000000089d00000, 0x0000000089d00000|100%|HC|  |TAMS 0x0000000089c00000| PB 0x0000000089c00000| Complete 
| 157|0x0000000089d00000, 0x0000000089e00000, 0x0000000089e00000|100%|HC|  |TAMS 0x0000000089d00000| PB 0x0000000089d00000| Complete 
| 158|0x0000000089e00000, 0x0000000089f00000, 0x0000000089f00000|100%| O|  |TAMS 0x0000000089e00000| PB 0x0000000089e00000| Untracked 
| 159|0x0000000089f00000, 0x000000008a000000, 0x000000008a000000|100%| O|  |TAMS 0x0000000089f00000| PB 0x0000000089f00000| Untracked 
| 160|0x000000008a000000, 0x000000008a100000, 0x000000008a100000|100%| O|  |TAMS 0x000000008a000000| PB 0x000000008a000000| Untracked 
| 161|0x000000008a100000, 0x000000008a200000, 0x000000008a200000|100%| O|  |TAMS 0x000000008a100000| PB 0x000000008a100000| Untracked 
| 162|0x000000008a200000, 0x000000008a300000, 0x000000008a300000|100%| O|  |TAMS 0x000000008a200000| PB 0x000000008a200000| Untracked 
| 163|0x000000008a300000, 0x000000008a400000, 0x000000008a400000|100%| O|  |TAMS 0x000000008a300000| PB 0x000000008a300000| Untracked 
| 164|0x000000008a400000, 0x000000008a500000, 0x000000008a500000|100%| O|  |TAMS 0x000000008a400000| PB 0x000000008a400000| Untracked 
| 165|0x000000008a500000, 0x000000008a600000, 0x000000008a600000|100%| O|  |TAMS 0x000000008a500000| PB 0x000000008a500000| Untracked 
| 166|0x000000008a600000, 0x000000008a700000, 0x000000008a700000|100%| O|  |TAMS 0x000000008a600000| PB 0x000000008a600000| Untracked 
| 167|0x000000008a700000, 0x000000008a800000, 0x000000008a800000|100%| O|  |TAMS 0x000000008a700000| PB 0x000000008a700000| Untracked 
| 168|0x000000008a800000, 0x000000008a900000, 0x000000008a900000|100%| O|  |TAMS 0x000000008a800000| PB 0x000000008a800000| Untracked 
| 169|0x000000008a900000, 0x000000008aa00000, 0x000000008aa00000|100%| O|  |TAMS 0x000000008a900000| PB 0x000000008a900000| Untracked 
| 170|0x000000008aa00000, 0x000000008ab00000, 0x000000008ab00000|100%| O|  |TAMS 0x000000008aa00000| PB 0x000000008aa00000| Untracked 
| 171|0x000000008ab00000, 0x000000008ac00000, 0x000000008ac00000|100%| O|  |TAMS 0x000000008ab00000| PB 0x000000008ab00000| Untracked 
| 172|0x000000008ac00000, 0x000000008ad00000, 0x000000008ad00000|100%| O|  |TAMS 0x000000008ac00000| PB 0x000000008ac00000| Untracked 
| 173|0x000000008ad00000, 0x000000008ae00000, 0x000000008ae00000|100%| O|  |TAMS 0x000000008ad00000| PB 0x000000008ad00000| Untracked 
| 174|0x000000008ae00000, 0x000000008af00000, 0x000000008af00000|100%| O|  |TAMS 0x000000008ae00000| PB 0x000000008ae00000| Untracked 
| 175|0x000000008af00000, 0x000000008b000000, 0x000000008b000000|100%| O|  |TAMS 0x000000008af00000| PB 0x000000008af00000| Untracked 
| 176|0x000000008b000000, 0x000000008b100000, 0x000000008b100000|100%| O|  |TAMS 0x000000008b000000| PB 0x000000008b000000| Untracked 
| 177|0x000000008b100000, 0x000000008b200000, 0x000000008b200000|100%| O|  |TAMS 0x000000008b100000| PB 0x000000008b100000| Untracked 
| 178|0x000000008b200000, 0x000000008b300000, 0x000000008b300000|100%| O|  |TAMS 0x000000008b200000| PB 0x000000008b200000| Untracked 
| 179|0x000000008b300000, 0x000000008b400000, 0x000000008b400000|100%| O|  |TAMS 0x000000008b300000| PB 0x000000008b300000| Untracked 
| 180|0x000000008b400000, 0x000000008b500000, 0x000000008b500000|100%| O|  |TAMS 0x000000008b400000| PB 0x000000008b400000| Untracked 
| 181|0x000000008b500000, 0x000000008b600000, 0x000000008b600000|100%| O|  |TAMS 0x000000008b500000| PB 0x000000008b500000| Untracked 
| 182|0x000000008b600000, 0x000000008b700000, 0x000000008b700000|100%| O|  |TAMS 0x000000008b600000| PB 0x000000008b600000| Untracked 
| 183|0x000000008b700000, 0x000000008b800000, 0x000000008b800000|100%| O|  |TAMS 0x000000008b700000| PB 0x000000008b700000| Untracked 
| 184|0x000000008b800000, 0x000000008b900000, 0x000000008b900000|100%|HS|  |TAMS 0x000000008b800000| PB 0x000000008b800000| Complete 
| 185|0x000000008b900000, 0x000000008ba00000, 0x000000008ba00000|100%|HC|  |TAMS 0x000000008b900000| PB 0x000000008b900000| Complete 
| 186|0x000000008ba00000, 0x000000008bb00000, 0x000000008bb00000|100%|HC|  |TAMS 0x000000008ba00000| PB 0x000000008ba00000| Complete 
| 187|0x000000008bb00000, 0x000000008bc00000, 0x000000008bc00000|100%| O|  |TAMS 0x000000008bb00000| PB 0x000000008bb00000| Untracked 
| 188|0x000000008bc00000, 0x000000008bd00000, 0x000000008bd00000|100%| O|  |TAMS 0x000000008bc00000| PB 0x000000008bc00000| Untracked 
| 189|0x000000008bd00000, 0x000000008be00000, 0x000000008be00000|100%| O|  |TAMS 0x000000008bd00000| PB 0x000000008bd00000| Untracked 
| 190|0x000000008be00000, 0x000000008bf00000, 0x000000008bf00000|100%| O|  |TAMS 0x000000008be00000| PB 0x000000008be00000| Untracked 
| 191|0x000000008bf00000, 0x000000008c000000, 0x000000008c000000|100%| O|  |TAMS 0x000000008bf00000| PB 0x000000008bf00000| Untracked 
| 192|0x000000008c000000, 0x000000008c100000, 0x000000008c100000|100%| O|  |TAMS 0x000000008c000000| PB 0x000000008c000000| Untracked 
| 193|0x000000008c100000, 0x000000008c200000, 0x000000008c200000|100%| O|  |TAMS 0x000000008c100000| PB 0x000000008c100000| Untracked 
| 194|0x000000008c200000, 0x000000008c300000, 0x000000008c300000|100%| O|  |TAMS 0x000000008c200000| PB 0x000000008c200000| Untracked 
| 195|0x000000008c300000, 0x000000008c400000, 0x000000008c400000|100%| O|  |TAMS 0x000000008c300000| PB 0x000000008c300000| Untracked 
| 196|0x000000008c400000, 0x000000008c500000, 0x000000008c500000|100%| O|  |TAMS 0x000000008c400000| PB 0x000000008c400000| Untracked 
| 197|0x000000008c500000, 0x000000008c600000, 0x000000008c600000|100%| O|  |TAMS 0x000000008c500000| PB 0x000000008c500000| Untracked 
| 198|0x000000008c600000, 0x000000008c700000, 0x000000008c700000|100%| O|  |TAMS 0x000000008c600000| PB 0x000000008c600000| Untracked 
| 199|0x000000008c700000, 0x000000008c800000, 0x000000008c800000|100%| O|  |TAMS 0x000000008c700000| PB 0x000000008c700000| Untracked 
| 200|0x000000008c800000, 0x000000008c900000, 0x000000008c900000|100%| O|  |TAMS 0x000000008c800000| PB 0x000000008c800000| Untracked 
| 201|0x000000008c900000, 0x000000008ca00000, 0x000000008ca00000|100%| O|  |TAMS 0x000000008c900000| PB 0x000000008c900000| Untracked 
| 202|0x000000008ca00000, 0x000000008cb00000, 0x000000008cb00000|100%| O|  |TAMS 0x000000008ca00000| PB 0x000000008ca00000| Untracked 
| 203|0x000000008cb00000, 0x000000008cc00000, 0x000000008cc00000|100%| O|  |TAMS 0x000000008cb00000| PB 0x000000008cb00000| Untracked 
| 204|0x000000008cc00000, 0x000000008cd00000, 0x000000008cd00000|100%| O|  |TAMS 0x000000008cc00000| PB 0x000000008cc00000| Untracked 
| 205|0x000000008cd00000, 0x000000008ce00000, 0x000000008ce00000|100%| O|  |TAMS 0x000000008cd00000| PB 0x000000008cd00000| Untracked 
| 206|0x000000008ce00000, 0x000000008cf00000, 0x000000008cf00000|100%| O|  |TAMS 0x000000008ce00000| PB 0x000000008ce00000| Untracked 
| 207|0x000000008cf00000, 0x000000008d000000, 0x000000008d000000|100%| O|  |TAMS 0x000000008cf00000| PB 0x000000008cf00000| Untracked 
| 208|0x000000008d000000, 0x000000008d100000, 0x000000008d100000|100%| O|  |TAMS 0x000000008d000000| PB 0x000000008d000000| Untracked 
| 209|0x000000008d100000, 0x000000008d200000, 0x000000008d200000|100%| O|  |TAMS 0x000000008d100000| PB 0x000000008d100000| Untracked 
| 210|0x000000008d200000, 0x000000008d300000, 0x000000008d300000|100%| O|  |TAMS 0x000000008d200000| PB 0x000000008d200000| Untracked 
| 211|0x000000008d300000, 0x000000008d400000, 0x000000008d400000|100%| O|  |TAMS 0x000000008d300000| PB 0x000000008d300000| Untracked 
| 212|0x000000008d400000, 0x000000008d500000, 0x000000008d500000|100%| O|  |TAMS 0x000000008d400000| PB 0x000000008d400000| Untracked 
| 213|0x000000008d500000, 0x000000008d600000, 0x000000008d600000|100%| O|  |TAMS 0x000000008d500000| PB 0x000000008d500000| Untracked 
| 214|0x000000008d600000, 0x000000008d700000, 0x000000008d700000|100%| O|  |TAMS 0x000000008d600000| PB 0x000000008d600000| Untracked 
| 215|0x000000008d700000, 0x000000008d800000, 0x000000008d800000|100%| O|  |TAMS 0x000000008d700000| PB 0x000000008d700000| Untracked 
| 216|0x000000008d800000, 0x000000008d900000, 0x000000008d900000|100%| O|  |TAMS 0x000000008d800000| PB 0x000000008d800000| Untracked 
| 217|0x000000008d900000, 0x000000008da00000, 0x000000008da00000|100%| O|  |TAMS 0x000000008d900000| PB 0x000000008d900000| Untracked 
| 218|0x000000008da00000, 0x000000008db00000, 0x000000008db00000|100%| O|  |TAMS 0x000000008da00000| PB 0x000000008da00000| Untracked 
| 219|0x000000008db00000, 0x000000008dc00000, 0x000000008dc00000|100%| O|  |TAMS 0x000000008db00000| PB 0x000000008db00000| Untracked 
| 220|0x000000008dc00000, 0x000000008dd00000, 0x000000008dd00000|100%| O|  |TAMS 0x000000008dc00000| PB 0x000000008dc00000| Untracked 
| 221|0x000000008dd00000, 0x000000008de00000, 0x000000008de00000|100%| O|  |TAMS 0x000000008dd00000| PB 0x000000008dd00000| Untracked 
| 222|0x000000008de00000, 0x000000008df00000, 0x000000008df00000|100%| O|  |TAMS 0x000000008de00000| PB 0x000000008de00000| Untracked 
| 223|0x000000008df00000, 0x000000008e000000, 0x000000008e000000|100%| O|  |TAMS 0x000000008df00000| PB 0x000000008df00000| Untracked 
| 224|0x000000008e000000, 0x000000008e100000, 0x000000008e100000|100%| O|  |TAMS 0x000000008e000000| PB 0x000000008e000000| Untracked 
| 225|0x000000008e100000, 0x000000008e200000, 0x000000008e200000|100%| O|  |TAMS 0x000000008e100000| PB 0x000000008e100000| Untracked 
| 226|0x000000008e200000, 0x000000008e300000, 0x000000008e300000|100%| O|  |TAMS 0x000000008e200000| PB 0x000000008e200000| Untracked 
| 227|0x000000008e300000, 0x000000008e400000, 0x000000008e400000|100%| O|  |TAMS 0x000000008e300000| PB 0x000000008e300000| Untracked 
| 228|0x000000008e400000, 0x000000008e500000, 0x000000008e500000|100%| O|  |TAMS 0x000000008e400000| PB 0x000000008e400000| Untracked 
| 229|0x000000008e500000, 0x000000008e600000, 0x000000008e600000|100%| O|  |TAMS 0x000000008e500000| PB 0x000000008e500000| Untracked 
| 230|0x000000008e600000, 0x000000008e700000, 0x000000008e700000|100%| O|  |TAMS 0x000000008e600000| PB 0x000000008e600000| Untracked 
| 231|0x000000008e700000, 0x000000008e800000, 0x000000008e800000|100%| O|  |TAMS 0x000000008e700000| PB 0x000000008e700000| Untracked 
| 232|0x000000008e800000, 0x000000008e900000, 0x000000008e900000|100%| O|  |TAMS 0x000000008e800000| PB 0x000000008e800000| Untracked 
| 233|0x000000008e900000, 0x000000008ea00000, 0x000000008ea00000|100%| O|  |TAMS 0x000000008e900000| PB 0x000000008e900000| Untracked 
| 234|0x000000008ea00000, 0x000000008eb00000, 0x000000008eb00000|100%| O|  |TAMS 0x000000008ea00000| PB 0x000000008ea00000| Untracked 
| 235|0x000000008eb00000, 0x000000008ec00000, 0x000000008ec00000|100%| O|  |TAMS 0x000000008eb00000| PB 0x000000008eb00000| Untracked 
| 236|0x000000008ec00000, 0x000000008ed00000, 0x000000008ed00000|100%| O|  |TAMS 0x000000008ec00000| PB 0x000000008ec00000| Untracked 
| 237|0x000000008ed00000, 0x000000008ee00000, 0x000000008ee00000|100%| O|  |TAMS 0x000000008ed00000| PB 0x000000008ed00000| Untracked 
| 238|0x000000008ee00000, 0x000000008ef00000, 0x000000008ef00000|100%| O|  |TAMS 0x000000008ee00000| PB 0x000000008ee00000| Untracked 
| 239|0x000000008ef00000, 0x000000008f000000, 0x000000008f000000|100%| O|  |TAMS 0x000000008ef00000| PB 0x000000008ef00000| Untracked 
| 240|0x000000008f000000, 0x000000008f100000, 0x000000008f100000|100%| O|  |TAMS 0x000000008f000000| PB 0x000000008f000000| Untracked 
| 241|0x000000008f100000, 0x000000008f200000, 0x000000008f200000|100%| O|  |TAMS 0x000000008f100000| PB 0x000000008f100000| Untracked 
| 242|0x000000008f200000, 0x000000008f300000, 0x000000008f300000|100%| O|  |TAMS 0x000000008f200000| PB 0x000000008f200000| Untracked 
| 243|0x000000008f300000, 0x000000008f400000, 0x000000008f400000|100%| O|  |TAMS 0x000000008f300000| PB 0x000000008f300000| Untracked 
| 244|0x000000008f400000, 0x000000008f500000, 0x000000008f500000|100%| O|  |TAMS 0x000000008f400000| PB 0x000000008f400000| Untracked 
| 245|0x000000008f500000, 0x000000008f600000, 0x000000008f600000|100%| O|  |TAMS 0x000000008f500000| PB 0x000000008f500000| Untracked 
| 246|0x000000008f600000, 0x000000008f700000, 0x000000008f700000|100%| O|  |TAMS 0x000000008f600000| PB 0x000000008f600000| Untracked 
| 247|0x000000008f700000, 0x000000008f800000, 0x000000008f800000|100%| O|  |TAMS 0x000000008f700000| PB 0x000000008f700000| Untracked 
| 248|0x000000008f800000, 0x000000008f900000, 0x000000008f900000|100%| O|  |TAMS 0x000000008f800000| PB 0x000000008f800000| Untracked 
| 249|0x000000008f900000, 0x000000008fa00000, 0x000000008fa00000|100%| O|  |TAMS 0x000000008f900000| PB 0x000000008f900000| Untracked 
| 250|0x000000008fa00000, 0x000000008fb00000, 0x000000008fb00000|100%| O|  |TAMS 0x000000008fa00000| PB 0x000000008fa00000| Untracked 
| 251|0x000000008fb00000, 0x000000008fc00000, 0x000000008fc00000|100%| O|  |TAMS 0x000000008fb00000| PB 0x000000008fb00000| Untracked 
| 252|0x000000008fc00000, 0x000000008fd00000, 0x000000008fd00000|100%| O|  |TAMS 0x000000008fc00000| PB 0x000000008fc00000| Untracked 
| 253|0x000000008fd00000, 0x000000008fe00000, 0x000000008fe00000|100%| O|  |TAMS 0x000000008fd00000| PB 0x000000008fd00000| Untracked 
| 254|0x000000008fe00000, 0x000000008fe00000, 0x000000008ff00000|  0%| F|  |TAMS 0x000000008fe00000| PB 0x000000008fe00000| Untracked 
| 255|0x000000008ff00000, 0x000000008ff00000, 0x0000000090000000|  0%| F|  |TAMS 0x000000008ff00000| PB 0x000000008ff00000| Untracked 
| 256|0x0000000090000000, 0x0000000090000000, 0x0000000090100000|  0%| F|  |TAMS 0x0000000090000000| PB 0x0000000090000000| Untracked 
| 257|0x0000000090100000, 0x0000000090100000, 0x0000000090200000|  0%| F|  |TAMS 0x0000000090100000| PB 0x0000000090100000| Untracked 
| 258|0x0000000090200000, 0x0000000090200000, 0x0000000090300000|  0%| F|  |TAMS 0x0000000090200000| PB 0x0000000090200000| Untracked 
| 259|0x0000000090300000, 0x0000000090300000, 0x0000000090400000|  0%| F|  |TAMS 0x0000000090300000| PB 0x0000000090300000| Untracked 
| 260|0x0000000090400000, 0x0000000090400000, 0x0000000090500000|  0%| F|  |TAMS 0x0000000090400000| PB 0x0000000090400000| Untracked 
| 261|0x0000000090500000, 0x0000000090500000, 0x0000000090600000|  0%| F|  |TAMS 0x0000000090500000| PB 0x0000000090500000| Untracked 
| 262|0x0000000090600000, 0x0000000090600000, 0x0000000090700000|  0%| F|  |TAMS 0x0000000090600000| PB 0x0000000090600000| Untracked 
| 263|0x0000000090700000, 0x0000000090700000, 0x0000000090800000|  0%| F|  |TAMS 0x0000000090700000| PB 0x0000000090700000| Untracked 
| 264|0x0000000090800000, 0x0000000090800000, 0x0000000090900000|  0%| F|  |TAMS 0x0000000090800000| PB 0x0000000090800000| Untracked 
| 265|0x0000000090900000, 0x0000000090a00000, 0x0000000090a00000|100%| O|  |TAMS 0x0000000090900000| PB 0x0000000090900000| Untracked 
| 266|0x0000000090a00000, 0x0000000090b00000, 0x0000000090b00000|100%| O|  |TAMS 0x0000000090a00000| PB 0x0000000090a00000| Untracked 
| 267|0x0000000090b00000, 0x0000000090c00000, 0x0000000090c00000|100%| O|  |TAMS 0x0000000090b00000| PB 0x0000000090b00000| Untracked 
| 268|0x0000000090c00000, 0x0000000090d00000, 0x0000000090d00000|100%| O|  |TAMS 0x0000000090c00000| PB 0x0000000090c00000| Untracked 
| 269|0x0000000090d00000, 0x0000000090e00000, 0x0000000090e00000|100%| O|  |TAMS 0x0000000090d00000| PB 0x0000000090d00000| Untracked 
| 270|0x0000000090e00000, 0x0000000090f00000, 0x0000000090f00000|100%| O|  |TAMS 0x0000000090e00000| PB 0x0000000090e00000| Untracked 
| 271|0x0000000090f00000, 0x0000000091000000, 0x0000000091000000|100%| O|  |TAMS 0x0000000090f00000| PB 0x0000000090f00000| Untracked 
| 272|0x0000000091000000, 0x0000000091100000, 0x0000000091100000|100%| O|  |TAMS 0x0000000091000000| PB 0x0000000091000000| Untracked 
| 273|0x0000000091100000, 0x0000000091200000, 0x0000000091200000|100%| O|  |TAMS 0x0000000091100000| PB 0x0000000091100000| Untracked 
| 274|0x0000000091200000, 0x0000000091300000, 0x0000000091300000|100%| O|  |TAMS 0x0000000091200000| PB 0x0000000091200000| Untracked 
| 275|0x0000000091300000, 0x0000000091400000, 0x0000000091400000|100%| O|  |TAMS 0x0000000091300000| PB 0x0000000091300000| Untracked 
| 276|0x0000000091400000, 0x0000000091500000, 0x0000000091500000|100%| O|  |TAMS 0x0000000091400000| PB 0x0000000091400000| Untracked 
| 277|0x0000000091500000, 0x0000000091600000, 0x0000000091600000|100%| O|  |TAMS 0x0000000091500000| PB 0x0000000091500000| Untracked 
| 278|0x0000000091600000, 0x0000000091700000, 0x0000000091700000|100%| O|  |TAMS 0x0000000091600000| PB 0x0000000091600000| Untracked 
| 279|0x0000000091700000, 0x0000000091800000, 0x0000000091800000|100%| O|  |TAMS 0x0000000091700000| PB 0x0000000091700000| Untracked 
| 280|0x0000000091800000, 0x0000000091900000, 0x0000000091900000|100%| O|  |TAMS 0x0000000091800000| PB 0x0000000091800000| Untracked 
| 281|0x0000000091900000, 0x0000000091a00000, 0x0000000091a00000|100%| O|  |TAMS 0x0000000091900000| PB 0x0000000091900000| Untracked 
| 282|0x0000000091a00000, 0x0000000091a80000, 0x0000000091b00000| 50%| O|  |TAMS 0x0000000091a00000| PB 0x0000000091a00000| Untracked 
| 283|0x0000000091b00000, 0x0000000091b00000, 0x0000000091c00000|  0%| F|  |TAMS 0x0000000091b00000| PB 0x0000000091b00000| Untracked 
| 284|0x0000000091c00000, 0x0000000091c00000, 0x0000000091d00000|  0%| F|  |TAMS 0x0000000091c00000| PB 0x0000000091c00000| Untracked 
| 285|0x0000000091d00000, 0x0000000091d00000, 0x0000000091e00000|  0%| F|  |TAMS 0x0000000091d00000| PB 0x0000000091d00000| Untracked 
| 286|0x0000000091e00000, 0x0000000091e00000, 0x0000000091f00000|  0%| F|  |TAMS 0x0000000091e00000| PB 0x0000000091e00000| Untracked 
| 287|0x0000000091f00000, 0x0000000091f00000, 0x0000000092000000|  0%| F|  |TAMS 0x0000000091f00000| PB 0x0000000091f00000| Untracked 
| 288|0x0000000092000000, 0x0000000092000000, 0x0000000092100000|  0%| F|  |TAMS 0x0000000092000000| PB 0x0000000092000000| Untracked 
| 289|0x0000000092100000, 0x0000000092100000, 0x0000000092200000|  0%| F|  |TAMS 0x0000000092100000| PB 0x0000000092100000| Untracked 
| 290|0x0000000092200000, 0x0000000092200000, 0x0000000092300000|  0%| F|  |TAMS 0x0000000092200000| PB 0x0000000092200000| Untracked 
| 291|0x0000000092300000, 0x0000000092400000, 0x0000000092400000|100%| S|CS|TAMS 0x0000000092300000| PB 0x0000000092300000| Complete 
| 292|0x0000000092400000, 0x0000000092500000, 0x0000000092500000|100%| S|CS|TAMS 0x0000000092400000| PB 0x0000000092400000| Complete 
| 293|0x0000000092500000, 0x0000000092600000, 0x0000000092600000|100%| S|CS|TAMS 0x0000000092500000| PB 0x0000000092500000| Complete 
| 294|0x0000000092600000, 0x0000000092700000, 0x0000000092700000|100%| S|CS|TAMS 0x0000000092600000| PB 0x0000000092600000| Complete 
| 295|0x0000000092700000, 0x0000000092800000, 0x0000000092800000|100%| S|CS|TAMS 0x0000000092700000| PB 0x0000000092700000| Complete 
| 296|0x0000000092800000, 0x0000000092900000, 0x0000000092900000|100%| S|CS|TAMS 0x0000000092800000| PB 0x0000000092800000| Complete 
| 297|0x0000000092900000, 0x0000000092a00000, 0x0000000092a00000|100%| S|CS|TAMS 0x0000000092900000| PB 0x0000000092900000| Complete 
| 298|0x0000000092a00000, 0x0000000092b00000, 0x0000000092b00000|100%| S|CS|TAMS 0x0000000092a00000| PB 0x0000000092a00000| Complete 
| 299|0x0000000092b00000, 0x0000000092b00000, 0x0000000092c00000|  0%| F|  |TAMS 0x0000000092b00000| PB 0x0000000092b00000| Untracked 
| 300|0x0000000092c00000, 0x0000000092c00000, 0x0000000092d00000|  0%| F|  |TAMS 0x0000000092c00000| PB 0x0000000092c00000| Untracked 
| 301|0x0000000092d00000, 0x0000000092d00000, 0x0000000092e00000|  0%| F|  |TAMS 0x0000000092d00000| PB 0x0000000092d00000| Untracked 
| 302|0x0000000092e00000, 0x0000000092e00000, 0x0000000092f00000|  0%| F|  |TAMS 0x0000000092e00000| PB 0x0000000092e00000| Untracked 
| 303|0x0000000092f00000, 0x0000000092f00000, 0x0000000093000000|  0%| F|  |TAMS 0x0000000092f00000| PB 0x0000000092f00000| Untracked 
| 304|0x0000000093000000, 0x0000000093000000, 0x0000000093100000|  0%| F|  |TAMS 0x0000000093000000| PB 0x0000000093000000| Untracked 
| 305|0x0000000093100000, 0x0000000093100000, 0x0000000093200000|  0%| F|  |TAMS 0x0000000093100000| PB 0x0000000093100000| Untracked 
| 306|0x0000000093200000, 0x0000000093200000, 0x0000000093300000|  0%| F|  |TAMS 0x0000000093200000| PB 0x0000000093200000| Untracked 
| 307|0x0000000093300000, 0x0000000093300000, 0x0000000093400000|  0%| F|  |TAMS 0x0000000093300000| PB 0x0000000093300000| Untracked 
| 308|0x0000000093400000, 0x0000000093400000, 0x0000000093500000|  0%| F|  |TAMS 0x0000000093400000| PB 0x0000000093400000| Untracked 
| 309|0x0000000093500000, 0x0000000093500000, 0x0000000093600000|  0%| F|  |TAMS 0x0000000093500000| PB 0x0000000093500000| Untracked 
| 310|0x0000000093600000, 0x0000000093600000, 0x0000000093700000|  0%| F|  |TAMS 0x0000000093600000| PB 0x0000000093600000| Untracked 
| 311|0x0000000093700000, 0x0000000093700000, 0x0000000093800000|  0%| F|  |TAMS 0x0000000093700000| PB 0x0000000093700000| Untracked 
| 312|0x0000000093800000, 0x0000000093800000, 0x0000000093900000|  0%| F|  |TAMS 0x0000000093800000| PB 0x0000000093800000| Untracked 
| 313|0x0000000093900000, 0x0000000093900000, 0x0000000093a00000|  0%| F|  |TAMS 0x0000000093900000| PB 0x0000000093900000| Untracked 
| 314|0x0000000093a00000, 0x0000000093a00000, 0x0000000093b00000|  0%| F|  |TAMS 0x0000000093a00000| PB 0x0000000093a00000| Untracked 
| 315|0x0000000093b00000, 0x0000000093b00000, 0x0000000093c00000|  0%| F|  |TAMS 0x0000000093b00000| PB 0x0000000093b00000| Untracked 
| 316|0x0000000093c00000, 0x0000000093c00000, 0x0000000093d00000|  0%| F|  |TAMS 0x0000000093c00000| PB 0x0000000093c00000| Untracked 
| 317|0x0000000093d00000, 0x0000000093d00000, 0x0000000093e00000|  0%| F|  |TAMS 0x0000000093d00000| PB 0x0000000093d00000| Untracked 
| 318|0x0000000093e00000, 0x0000000093e00000, 0x0000000093f00000|  0%| F|  |TAMS 0x0000000093e00000| PB 0x0000000093e00000| Untracked 
| 319|0x0000000093f00000, 0x0000000093f00000, 0x0000000094000000|  0%| F|  |TAMS 0x0000000093f00000| PB 0x0000000093f00000| Untracked 
| 320|0x0000000094000000, 0x0000000094000000, 0x0000000094100000|  0%| F|  |TAMS 0x0000000094000000| PB 0x0000000094000000| Untracked 
| 321|0x0000000094100000, 0x0000000094100000, 0x0000000094200000|  0%| F|  |TAMS 0x0000000094100000| PB 0x0000000094100000| Untracked 
| 322|0x0000000094200000, 0x0000000094200000, 0x0000000094300000|  0%| F|  |TAMS 0x0000000094200000| PB 0x0000000094200000| Untracked 
| 323|0x0000000094300000, 0x0000000094300000, 0x0000000094400000|  0%| F|  |TAMS 0x0000000094300000| PB 0x0000000094300000| Untracked 
| 324|0x0000000094400000, 0x0000000094400000, 0x0000000094500000|  0%| F|  |TAMS 0x0000000094400000| PB 0x0000000094400000| Untracked 
| 325|0x0000000094500000, 0x0000000094500000, 0x0000000094600000|  0%| F|  |TAMS 0x0000000094500000| PB 0x0000000094500000| Untracked 
| 326|0x0000000094600000, 0x0000000094600000, 0x0000000094700000|  0%| F|  |TAMS 0x0000000094600000| PB 0x0000000094600000| Untracked 
| 327|0x0000000094700000, 0x0000000094700000, 0x0000000094800000|  0%| F|  |TAMS 0x0000000094700000| PB 0x0000000094700000| Untracked 
| 328|0x0000000094800000, 0x0000000094800000, 0x0000000094900000|  0%| F|  |TAMS 0x0000000094800000| PB 0x0000000094800000| Untracked 
| 329|0x0000000094900000, 0x0000000094900000, 0x0000000094a00000|  0%| F|  |TAMS 0x0000000094900000| PB 0x0000000094900000| Untracked 
| 330|0x0000000094a00000, 0x0000000094a00000, 0x0000000094b00000|  0%| F|  |TAMS 0x0000000094a00000| PB 0x0000000094a00000| Untracked 
| 331|0x0000000094b00000, 0x0000000094b00000, 0x0000000094c00000|  0%| F|  |TAMS 0x0000000094b00000| PB 0x0000000094b00000| Untracked 
| 332|0x0000000094c00000, 0x0000000094c00000, 0x0000000094d00000|  0%| F|  |TAMS 0x0000000094c00000| PB 0x0000000094c00000| Untracked 
| 333|0x0000000094d00000, 0x0000000094d00000, 0x0000000094e00000|  0%| F|  |TAMS 0x0000000094d00000| PB 0x0000000094d00000| Untracked 
| 334|0x0000000094e00000, 0x0000000094e00000, 0x0000000094f00000|  0%| F|  |TAMS 0x0000000094e00000| PB 0x0000000094e00000| Untracked 
| 335|0x0000000094f00000, 0x0000000094f00000, 0x0000000095000000|  0%| F|  |TAMS 0x0000000094f00000| PB 0x0000000094f00000| Untracked 
| 336|0x0000000095000000, 0x0000000095000000, 0x0000000095100000|  0%| F|  |TAMS 0x0000000095000000| PB 0x0000000095000000| Untracked 
| 337|0x0000000095100000, 0x0000000095100000, 0x0000000095200000|  0%| F|  |TAMS 0x0000000095100000| PB 0x0000000095100000| Untracked 
| 338|0x0000000095200000, 0x0000000095200000, 0x0000000095300000|  0%| F|  |TAMS 0x0000000095200000| PB 0x0000000095200000| Untracked 
| 339|0x0000000095300000, 0x0000000095300000, 0x0000000095400000|  0%| F|  |TAMS 0x0000000095300000| PB 0x0000000095300000| Untracked 
| 340|0x0000000095400000, 0x0000000095400000, 0x0000000095500000|  0%| F|  |TAMS 0x0000000095400000| PB 0x0000000095400000| Untracked 
| 341|0x0000000095500000, 0x0000000095500000, 0x0000000095600000|  0%| F|  |TAMS 0x0000000095500000| PB 0x0000000095500000| Untracked 
| 342|0x0000000095600000, 0x0000000095600000, 0x0000000095700000|  0%| F|  |TAMS 0x0000000095600000| PB 0x0000000095600000| Untracked 
| 343|0x0000000095700000, 0x0000000095700000, 0x0000000095800000|  0%| F|  |TAMS 0x0000000095700000| PB 0x0000000095700000| Untracked 
| 344|0x0000000095800000, 0x0000000095800000, 0x0000000095900000|  0%| F|  |TAMS 0x0000000095800000| PB 0x0000000095800000| Untracked 
| 345|0x0000000095900000, 0x0000000095900000, 0x0000000095a00000|  0%| F|  |TAMS 0x0000000095900000| PB 0x0000000095900000| Untracked 
| 346|0x0000000095a00000, 0x0000000095a00000, 0x0000000095b00000|  0%| F|  |TAMS 0x0000000095a00000| PB 0x0000000095a00000| Untracked 
| 347|0x0000000095b00000, 0x0000000095b00000, 0x0000000095c00000|  0%| F|  |TAMS 0x0000000095b00000| PB 0x0000000095b00000| Untracked 
| 348|0x0000000095c00000, 0x0000000095c00000, 0x0000000095d00000|  0%| F|  |TAMS 0x0000000095c00000| PB 0x0000000095c00000| Untracked 
| 349|0x0000000095d00000, 0x0000000095d00000, 0x0000000095e00000|  0%| F|  |TAMS 0x0000000095d00000| PB 0x0000000095d00000| Untracked 
| 350|0x0000000095e00000, 0x0000000095e00000, 0x0000000095f00000|  0%| F|  |TAMS 0x0000000095e00000| PB 0x0000000095e00000| Untracked 
| 351|0x0000000095f00000, 0x0000000095f00000, 0x0000000096000000|  0%| F|  |TAMS 0x0000000095f00000| PB 0x0000000095f00000| Untracked 
| 352|0x0000000096000000, 0x0000000096000000, 0x0000000096100000|  0%| F|  |TAMS 0x0000000096000000| PB 0x0000000096000000| Untracked 
| 353|0x0000000096100000, 0x0000000096100000, 0x0000000096200000|  0%| F|  |TAMS 0x0000000096100000| PB 0x0000000096100000| Untracked 
| 354|0x0000000096200000, 0x0000000096200000, 0x0000000096300000|  0%| F|  |TAMS 0x0000000096200000| PB 0x0000000096200000| Untracked 
| 355|0x0000000096300000, 0x0000000096300000, 0x0000000096400000|  0%| F|  |TAMS 0x0000000096300000| PB 0x0000000096300000| Untracked 
| 356|0x0000000096400000, 0x0000000096400000, 0x0000000096500000|  0%| F|  |TAMS 0x0000000096400000| PB 0x0000000096400000| Untracked 
| 357|0x0000000096500000, 0x0000000096500000, 0x0000000096600000|  0%| F|  |TAMS 0x0000000096500000| PB 0x0000000096500000| Untracked 
| 358|0x0000000096600000, 0x0000000096600000, 0x0000000096700000|  0%| F|  |TAMS 0x0000000096600000| PB 0x0000000096600000| Untracked 
| 359|0x0000000096700000, 0x0000000096700000, 0x0000000096800000|  0%| F|  |TAMS 0x0000000096700000| PB 0x0000000096700000| Untracked 
| 360|0x0000000096800000, 0x0000000096800000, 0x0000000096900000|  0%| F|  |TAMS 0x0000000096800000| PB 0x0000000096800000| Untracked 
| 361|0x0000000096900000, 0x0000000096900000, 0x0000000096a00000|  0%| F|  |TAMS 0x0000000096900000| PB 0x0000000096900000| Untracked 
| 362|0x0000000096a00000, 0x0000000096a00000, 0x0000000096b00000|  0%| F|  |TAMS 0x0000000096a00000| PB 0x0000000096a00000| Untracked 
| 363|0x0000000096b00000, 0x0000000096b00000, 0x0000000096c00000|  0%| F|  |TAMS 0x0000000096b00000| PB 0x0000000096b00000| Untracked 
| 364|0x0000000096c00000, 0x0000000096c00000, 0x0000000096d00000|  0%| F|  |TAMS 0x0000000096c00000| PB 0x0000000096c00000| Untracked 
| 365|0x0000000096d00000, 0x0000000096d00000, 0x0000000096e00000|  0%| F|  |TAMS 0x0000000096d00000| PB 0x0000000096d00000| Untracked 
| 366|0x0000000096e00000, 0x0000000096e00000, 0x0000000096f00000|  0%| F|  |TAMS 0x0000000096e00000| PB 0x0000000096e00000| Untracked 
| 367|0x0000000096f00000, 0x0000000096f00000, 0x0000000097000000|  0%| F|  |TAMS 0x0000000096f00000| PB 0x0000000096f00000| Untracked 
| 368|0x0000000097000000, 0x0000000097000000, 0x0000000097100000|  0%| F|  |TAMS 0x0000000097000000| PB 0x0000000097000000| Untracked 
| 369|0x0000000097100000, 0x0000000097100000, 0x0000000097200000|  0%| F|  |TAMS 0x0000000097100000| PB 0x0000000097100000| Untracked 
| 370|0x0000000097200000, 0x0000000097200000, 0x0000000097300000|  0%| F|  |TAMS 0x0000000097200000| PB 0x0000000097200000| Untracked 
| 371|0x0000000097300000, 0x0000000097300000, 0x0000000097400000|  0%| F|  |TAMS 0x0000000097300000| PB 0x0000000097300000| Untracked 
| 372|0x0000000097400000, 0x0000000097400000, 0x0000000097500000|  0%| F|  |TAMS 0x0000000097400000| PB 0x0000000097400000| Untracked 
| 373|0x0000000097500000, 0x0000000097500000, 0x0000000097600000|  0%| F|  |TAMS 0x0000000097500000| PB 0x0000000097500000| Untracked 
| 374|0x0000000097600000, 0x0000000097600000, 0x0000000097700000|  0%| F|  |TAMS 0x0000000097600000| PB 0x0000000097600000| Untracked 
| 375|0x0000000097700000, 0x0000000097700000, 0x0000000097800000|  0%| F|  |TAMS 0x0000000097700000| PB 0x0000000097700000| Untracked 
| 376|0x0000000097800000, 0x0000000097800000, 0x0000000097900000|  0%| F|  |TAMS 0x0000000097800000| PB 0x0000000097800000| Untracked 
| 377|0x0000000097900000, 0x0000000097900000, 0x0000000097a00000|  0%| F|  |TAMS 0x0000000097900000| PB 0x0000000097900000| Untracked 
| 378|0x0000000097a00000, 0x0000000097a00000, 0x0000000097b00000|  0%| F|  |TAMS 0x0000000097a00000| PB 0x0000000097a00000| Untracked 
| 379|0x0000000097b00000, 0x0000000097b00000, 0x0000000097c00000|  0%| F|  |TAMS 0x0000000097b00000| PB 0x0000000097b00000| Untracked 
| 380|0x0000000097c00000, 0x0000000097c00000, 0x0000000097d00000|  0%| F|  |TAMS 0x0000000097c00000| PB 0x0000000097c00000| Untracked 
| 381|0x0000000097d00000, 0x0000000097d00000, 0x0000000097e00000|  0%| F|  |TAMS 0x0000000097d00000| PB 0x0000000097d00000| Untracked 
| 382|0x0000000097e00000, 0x0000000097e00000, 0x0000000097f00000|  0%| F|  |TAMS 0x0000000097e00000| PB 0x0000000097e00000| Untracked 
| 383|0x0000000097f00000, 0x0000000097f00000, 0x0000000098000000|  0%| F|  |TAMS 0x0000000097f00000| PB 0x0000000097f00000| Untracked 
| 384|0x0000000098000000, 0x0000000098000000, 0x0000000098100000|  0%| F|  |TAMS 0x0000000098000000| PB 0x0000000098000000| Untracked 
| 385|0x0000000098100000, 0x0000000098100000, 0x0000000098200000|  0%| F|  |TAMS 0x0000000098100000| PB 0x0000000098100000| Untracked 
| 386|0x0000000098200000, 0x0000000098200000, 0x0000000098300000|  0%| F|  |TAMS 0x0000000098200000| PB 0x0000000098200000| Untracked 
| 387|0x0000000098300000, 0x0000000098300000, 0x0000000098400000|  0%| F|  |TAMS 0x0000000098300000| PB 0x0000000098300000| Untracked 
| 388|0x0000000098400000, 0x0000000098400000, 0x0000000098500000|  0%| F|  |TAMS 0x0000000098400000| PB 0x0000000098400000| Untracked 
| 389|0x0000000098500000, 0x0000000098500000, 0x0000000098600000|  0%| F|  |TAMS 0x0000000098500000| PB 0x0000000098500000| Untracked 
| 390|0x0000000098600000, 0x0000000098600000, 0x0000000098700000|  0%| F|  |TAMS 0x0000000098600000| PB 0x0000000098600000| Untracked 
| 391|0x0000000098700000, 0x0000000098700000, 0x0000000098800000|  0%| F|  |TAMS 0x0000000098700000| PB 0x0000000098700000| Untracked 
| 392|0x0000000098800000, 0x0000000098800000, 0x0000000098900000|  0%| F|  |TAMS 0x0000000098800000| PB 0x0000000098800000| Untracked 
| 393|0x0000000098900000, 0x0000000098900000, 0x0000000098a00000|  0%| F|  |TAMS 0x0000000098900000| PB 0x0000000098900000| Untracked 
| 394|0x0000000098a00000, 0x0000000098a00000, 0x0000000098b00000|  0%| F|  |TAMS 0x0000000098a00000| PB 0x0000000098a00000| Untracked 
| 395|0x0000000098b00000, 0x0000000098b00000, 0x0000000098c00000|  0%| F|  |TAMS 0x0000000098b00000| PB 0x0000000098b00000| Untracked 
| 396|0x0000000098c00000, 0x0000000098c00000, 0x0000000098d00000|  0%| F|  |TAMS 0x0000000098c00000| PB 0x0000000098c00000| Untracked 
| 397|0x0000000098d00000, 0x0000000098d00000, 0x0000000098e00000|  0%| F|  |TAMS 0x0000000098d00000| PB 0x0000000098d00000| Untracked 
| 398|0x0000000098e00000, 0x0000000098e00000, 0x0000000098f00000|  0%| F|  |TAMS 0x0000000098e00000| PB 0x0000000098e00000| Untracked 
| 399|0x0000000098f00000, 0x0000000098f00000, 0x0000000099000000|  0%| F|  |TAMS 0x0000000098f00000| PB 0x0000000098f00000| Untracked 
| 400|0x0000000099000000, 0x0000000099000000, 0x0000000099100000|  0%| F|  |TAMS 0x0000000099000000| PB 0x0000000099000000| Untracked 
| 401|0x0000000099100000, 0x0000000099100000, 0x0000000099200000|  0%| F|  |TAMS 0x0000000099100000| PB 0x0000000099100000| Untracked 
| 402|0x0000000099200000, 0x0000000099200000, 0x0000000099300000|  0%| F|  |TAMS 0x0000000099200000| PB 0x0000000099200000| Untracked 
| 403|0x0000000099300000, 0x0000000099300000, 0x0000000099400000|  0%| F|  |TAMS 0x0000000099300000| PB 0x0000000099300000| Untracked 
| 404|0x0000000099400000, 0x0000000099400000, 0x0000000099500000|  0%| F|  |TAMS 0x0000000099400000| PB 0x0000000099400000| Untracked 
| 405|0x0000000099500000, 0x0000000099500000, 0x0000000099600000|  0%| F|  |TAMS 0x0000000099500000| PB 0x0000000099500000| Untracked 
| 406|0x0000000099600000, 0x0000000099600000, 0x0000000099700000|  0%| F|  |TAMS 0x0000000099600000| PB 0x0000000099600000| Untracked 
| 407|0x0000000099700000, 0x0000000099700000, 0x0000000099800000|  0%| F|  |TAMS 0x0000000099700000| PB 0x0000000099700000| Untracked 
| 408|0x0000000099800000, 0x0000000099800000, 0x0000000099900000|  0%| F|  |TAMS 0x0000000099800000| PB 0x0000000099800000| Untracked 
| 409|0x0000000099900000, 0x0000000099900000, 0x0000000099a00000|  0%| F|  |TAMS 0x0000000099900000| PB 0x0000000099900000| Untracked 
| 410|0x0000000099a00000, 0x0000000099a00000, 0x0000000099b00000|  0%| F|  |TAMS 0x0000000099a00000| PB 0x0000000099a00000| Untracked 
| 411|0x0000000099b00000, 0x0000000099b00000, 0x0000000099c00000|  0%| F|  |TAMS 0x0000000099b00000| PB 0x0000000099b00000| Untracked 
| 412|0x0000000099c00000, 0x0000000099c00000, 0x0000000099d00000|  0%| F|  |TAMS 0x0000000099c00000| PB 0x0000000099c00000| Untracked 
| 413|0x0000000099d00000, 0x0000000099d00000, 0x0000000099e00000|  0%| F|  |TAMS 0x0000000099d00000| PB 0x0000000099d00000| Untracked 
| 414|0x0000000099e00000, 0x0000000099e00000, 0x0000000099f00000|  0%| F|  |TAMS 0x0000000099e00000| PB 0x0000000099e00000| Untracked 
| 415|0x0000000099f00000, 0x0000000099f00000, 0x000000009a000000|  0%| F|  |TAMS 0x0000000099f00000| PB 0x0000000099f00000| Untracked 
| 416|0x000000009a000000, 0x000000009a000000, 0x000000009a100000|  0%| F|  |TAMS 0x000000009a000000| PB 0x000000009a000000| Untracked 
| 417|0x000000009a100000, 0x000000009a100000, 0x000000009a200000|  0%| F|  |TAMS 0x000000009a100000| PB 0x000000009a100000| Untracked 
| 418|0x000000009a200000, 0x000000009a200000, 0x000000009a300000|  0%| F|  |TAMS 0x000000009a200000| PB 0x000000009a200000| Untracked 
| 419|0x000000009a300000, 0x000000009a300000, 0x000000009a400000|  0%| F|  |TAMS 0x000000009a300000| PB 0x000000009a300000| Untracked 
| 420|0x000000009a400000, 0x000000009a400000, 0x000000009a500000|  0%| F|  |TAMS 0x000000009a400000| PB 0x000000009a400000| Untracked 
| 421|0x000000009a500000, 0x000000009a500000, 0x000000009a600000|  0%| F|  |TAMS 0x000000009a500000| PB 0x000000009a500000| Untracked 
| 422|0x000000009a600000, 0x000000009a600000, 0x000000009a700000|  0%| F|  |TAMS 0x000000009a600000| PB 0x000000009a600000| Untracked 
| 423|0x000000009a700000, 0x000000009a700000, 0x000000009a800000|  0%| F|  |TAMS 0x000000009a700000| PB 0x000000009a700000| Untracked 
| 424|0x000000009a800000, 0x000000009a800000, 0x000000009a900000|  0%| F|  |TAMS 0x000000009a800000| PB 0x000000009a800000| Untracked 
| 425|0x000000009a900000, 0x000000009a900000, 0x000000009aa00000|  0%| F|  |TAMS 0x000000009a900000| PB 0x000000009a900000| Untracked 
| 426|0x000000009aa00000, 0x000000009aa00000, 0x000000009ab00000|  0%| F|  |TAMS 0x000000009aa00000| PB 0x000000009aa00000| Untracked 
| 427|0x000000009ab00000, 0x000000009ab00000, 0x000000009ac00000|  0%| F|  |TAMS 0x000000009ab00000| PB 0x000000009ab00000| Untracked 
| 428|0x000000009ac00000, 0x000000009ac00000, 0x000000009ad00000|  0%| F|  |TAMS 0x000000009ac00000| PB 0x000000009ac00000| Untracked 
| 429|0x000000009ad00000, 0x000000009ad00000, 0x000000009ae00000|  0%| F|  |TAMS 0x000000009ad00000| PB 0x000000009ad00000| Untracked 
| 430|0x000000009ae00000, 0x000000009ae00000, 0x000000009af00000|  0%| F|  |TAMS 0x000000009ae00000| PB 0x000000009ae00000| Untracked 
| 431|0x000000009af00000, 0x000000009af00000, 0x000000009b000000|  0%| F|  |TAMS 0x000000009af00000| PB 0x000000009af00000| Untracked 
| 432|0x000000009b000000, 0x000000009b000000, 0x000000009b100000|  0%| F|  |TAMS 0x000000009b000000| PB 0x000000009b000000| Untracked 
| 433|0x000000009b100000, 0x000000009b100000, 0x000000009b200000|  0%| F|  |TAMS 0x000000009b100000| PB 0x000000009b100000| Untracked 
| 434|0x000000009b200000, 0x000000009b200000, 0x000000009b300000|  0%| F|  |TAMS 0x000000009b200000| PB 0x000000009b200000| Untracked 
| 435|0x000000009b300000, 0x000000009b300000, 0x000000009b400000|  0%| F|  |TAMS 0x000000009b300000| PB 0x000000009b300000| Untracked 
| 436|0x000000009b400000, 0x000000009b400000, 0x000000009b500000|  0%| F|  |TAMS 0x000000009b400000| PB 0x000000009b400000| Untracked 
| 437|0x000000009b500000, 0x000000009b500000, 0x000000009b600000|  0%| F|  |TAMS 0x000000009b500000| PB 0x000000009b500000| Untracked 
| 438|0x000000009b600000, 0x000000009b600000, 0x000000009b700000|  0%| F|  |TAMS 0x000000009b600000| PB 0x000000009b600000| Untracked 
| 439|0x000000009b700000, 0x000000009b700000, 0x000000009b800000|  0%| F|  |TAMS 0x000000009b700000| PB 0x000000009b700000| Untracked 
| 440|0x000000009b800000, 0x000000009b800000, 0x000000009b900000|  0%| F|  |TAMS 0x000000009b800000| PB 0x000000009b800000| Untracked 
| 441|0x000000009b900000, 0x000000009b900000, 0x000000009ba00000|  0%| F|  |TAMS 0x000000009b900000| PB 0x000000009b900000| Untracked 
| 442|0x000000009ba00000, 0x000000009ba00000, 0x000000009bb00000|  0%| F|  |TAMS 0x000000009ba00000| PB 0x000000009ba00000| Untracked 
| 443|0x000000009bb00000, 0x000000009bb00000, 0x000000009bc00000|  0%| F|  |TAMS 0x000000009bb00000| PB 0x000000009bb00000| Untracked 
| 444|0x000000009bc00000, 0x000000009bc00000, 0x000000009bd00000|  0%| F|  |TAMS 0x000000009bc00000| PB 0x000000009bc00000| Untracked 
| 445|0x000000009bd00000, 0x000000009bd00000, 0x000000009be00000|  0%| F|  |TAMS 0x000000009bd00000| PB 0x000000009bd00000| Untracked 
| 446|0x000000009be00000, 0x000000009be00000, 0x000000009bf00000|  0%| F|  |TAMS 0x000000009be00000| PB 0x000000009be00000| Untracked 
| 447|0x000000009bf00000, 0x000000009bf00000, 0x000000009c000000|  0%| F|  |TAMS 0x000000009bf00000| PB 0x000000009bf00000| Untracked 
| 448|0x000000009c000000, 0x000000009c000000, 0x000000009c100000|  0%| F|  |TAMS 0x000000009c000000| PB 0x000000009c000000| Untracked 
| 449|0x000000009c100000, 0x000000009c100000, 0x000000009c200000|  0%| F|  |TAMS 0x000000009c100000| PB 0x000000009c100000| Untracked 
| 450|0x000000009c200000, 0x000000009c200000, 0x000000009c300000|  0%| F|  |TAMS 0x000000009c200000| PB 0x000000009c200000| Untracked 
| 451|0x000000009c300000, 0x000000009c300000, 0x000000009c400000|  0%| F|  |TAMS 0x000000009c300000| PB 0x000000009c300000| Untracked 
| 452|0x000000009c400000, 0x000000009c400000, 0x000000009c500000|  0%| F|  |TAMS 0x000000009c400000| PB 0x000000009c400000| Untracked 
| 453|0x000000009c500000, 0x000000009c500000, 0x000000009c600000|  0%| F|  |TAMS 0x000000009c500000| PB 0x000000009c500000| Untracked 
| 454|0x000000009c600000, 0x000000009c600000, 0x000000009c700000|  0%| F|  |TAMS 0x000000009c600000| PB 0x000000009c600000| Untracked 
| 455|0x000000009c700000, 0x000000009c700000, 0x000000009c800000|  0%| F|  |TAMS 0x000000009c700000| PB 0x000000009c700000| Untracked 
| 456|0x000000009c800000, 0x000000009c800000, 0x000000009c900000|  0%| F|  |TAMS 0x000000009c800000| PB 0x000000009c800000| Untracked 
| 457|0x000000009c900000, 0x000000009c900000, 0x000000009ca00000|  0%| F|  |TAMS 0x000000009c900000| PB 0x000000009c900000| Untracked 
| 458|0x000000009ca00000, 0x000000009ca00000, 0x000000009cb00000|  0%| F|  |TAMS 0x000000009ca00000| PB 0x000000009ca00000| Untracked 
| 459|0x000000009cb00000, 0x000000009cb00000, 0x000000009cc00000|  0%| F|  |TAMS 0x000000009cb00000| PB 0x000000009cb00000| Untracked 
| 460|0x000000009cc00000, 0x000000009cc00000, 0x000000009cd00000|  0%| F|  |TAMS 0x000000009cc00000| PB 0x000000009cc00000| Untracked 
| 461|0x000000009cd00000, 0x000000009cd00000, 0x000000009ce00000|  0%| F|  |TAMS 0x000000009cd00000| PB 0x000000009cd00000| Untracked 
| 462|0x000000009ce00000, 0x000000009ce00000, 0x000000009cf00000|  0%| F|  |TAMS 0x000000009ce00000| PB 0x000000009ce00000| Untracked 
| 463|0x000000009cf00000, 0x000000009cf00000, 0x000000009d000000|  0%| F|  |TAMS 0x000000009cf00000| PB 0x000000009cf00000| Untracked 
| 464|0x000000009d000000, 0x000000009d000000, 0x000000009d100000|  0%| F|  |TAMS 0x000000009d000000| PB 0x000000009d000000| Untracked 
| 465|0x000000009d100000, 0x000000009d100000, 0x000000009d200000|  0%| F|  |TAMS 0x000000009d100000| PB 0x000000009d100000| Untracked 
| 466|0x000000009d200000, 0x000000009d200000, 0x000000009d300000|  0%| F|  |TAMS 0x000000009d200000| PB 0x000000009d200000| Untracked 
| 467|0x000000009d300000, 0x000000009d300000, 0x000000009d400000|  0%| F|  |TAMS 0x000000009d300000| PB 0x000000009d300000| Untracked 
| 468|0x000000009d400000, 0x000000009d400000, 0x000000009d500000|  0%| F|  |TAMS 0x000000009d400000| PB 0x000000009d400000| Untracked 
| 469|0x000000009d500000, 0x000000009d500000, 0x000000009d600000|  0%| F|  |TAMS 0x000000009d500000| PB 0x000000009d500000| Untracked 
| 470|0x000000009d600000, 0x000000009d600000, 0x000000009d700000|  0%| F|  |TAMS 0x000000009d600000| PB 0x000000009d600000| Untracked 
| 471|0x000000009d700000, 0x000000009d700000, 0x000000009d800000|  0%| F|  |TAMS 0x000000009d700000| PB 0x000000009d700000| Untracked 
| 472|0x000000009d800000, 0x000000009d800000, 0x000000009d900000|  0%| F|  |TAMS 0x000000009d800000| PB 0x000000009d800000| Untracked 
| 473|0x000000009d900000, 0x000000009d900000, 0x000000009da00000|  0%| F|  |TAMS 0x000000009d900000| PB 0x000000009d900000| Untracked 
| 474|0x000000009da00000, 0x000000009da00000, 0x000000009db00000|  0%| F|  |TAMS 0x000000009da00000| PB 0x000000009da00000| Untracked 
| 475|0x000000009db00000, 0x000000009db00000, 0x000000009dc00000|  0%| F|  |TAMS 0x000000009db00000| PB 0x000000009db00000| Untracked 
| 476|0x000000009dc00000, 0x000000009dc00000, 0x000000009dd00000|  0%| F|  |TAMS 0x000000009dc00000| PB 0x000000009dc00000| Untracked 
| 477|0x000000009dd00000, 0x000000009dd00000, 0x000000009de00000|  0%| F|  |TAMS 0x000000009dd00000| PB 0x000000009dd00000| Untracked 
| 478|0x000000009de00000, 0x000000009de00000, 0x000000009df00000|  0%| F|  |TAMS 0x000000009de00000| PB 0x000000009de00000| Untracked 
| 479|0x000000009df00000, 0x000000009df00000, 0x000000009e000000|  0%| F|  |TAMS 0x000000009df00000| PB 0x000000009df00000| Untracked 
| 480|0x000000009e000000, 0x000000009e000000, 0x000000009e100000|  0%| F|  |TAMS 0x000000009e000000| PB 0x000000009e000000| Untracked 
| 481|0x000000009e100000, 0x000000009e100000, 0x000000009e200000|  0%| F|  |TAMS 0x000000009e100000| PB 0x000000009e100000| Untracked 
| 482|0x000000009e200000, 0x000000009e200000, 0x000000009e300000|  0%| F|  |TAMS 0x000000009e200000| PB 0x000000009e200000| Untracked 
| 483|0x000000009e300000, 0x000000009e300000, 0x000000009e400000|  0%| F|  |TAMS 0x000000009e300000| PB 0x000000009e300000| Untracked 
| 484|0x000000009e400000, 0x000000009e400000, 0x000000009e500000|  0%| F|  |TAMS 0x000000009e400000| PB 0x000000009e400000| Untracked 
| 485|0x000000009e500000, 0x000000009e500000, 0x000000009e600000|  0%| F|  |TAMS 0x000000009e500000| PB 0x000000009e500000| Untracked 
| 486|0x000000009e600000, 0x000000009e600000, 0x000000009e700000|  0%| F|  |TAMS 0x000000009e600000| PB 0x000000009e600000| Untracked 
| 487|0x000000009e700000, 0x000000009e700000, 0x000000009e800000|  0%| F|  |TAMS 0x000000009e700000| PB 0x000000009e700000| Untracked 
| 488|0x000000009e800000, 0x000000009e800000, 0x000000009e900000|  0%| F|  |TAMS 0x000000009e800000| PB 0x000000009e800000| Untracked 
| 489|0x000000009e900000, 0x000000009e900000, 0x000000009ea00000|  0%| F|  |TAMS 0x000000009e900000| PB 0x000000009e900000| Untracked 
| 490|0x000000009ea00000, 0x000000009ea00000, 0x000000009eb00000|  0%| F|  |TAMS 0x000000009ea00000| PB 0x000000009ea00000| Untracked 
| 491|0x000000009eb00000, 0x000000009eb00000, 0x000000009ec00000|  0%| F|  |TAMS 0x000000009eb00000| PB 0x000000009eb00000| Untracked 
| 492|0x000000009ec00000, 0x000000009ec00000, 0x000000009ed00000|  0%| F|  |TAMS 0x000000009ec00000| PB 0x000000009ec00000| Untracked 
| 493|0x000000009ed00000, 0x000000009ed00000, 0x000000009ee00000|  0%| F|  |TAMS 0x000000009ed00000| PB 0x000000009ed00000| Untracked 
| 494|0x000000009ee00000, 0x000000009ee00000, 0x000000009ef00000|  0%| F|  |TAMS 0x000000009ee00000| PB 0x000000009ee00000| Untracked 
| 495|0x000000009ef00000, 0x000000009ef00000, 0x000000009f000000|  0%| F|  |TAMS 0x000000009ef00000| PB 0x000000009ef00000| Untracked 
| 496|0x000000009f000000, 0x000000009f000000, 0x000000009f100000|  0%| F|  |TAMS 0x000000009f000000| PB 0x000000009f000000| Untracked 
| 497|0x000000009f100000, 0x000000009f100000, 0x000000009f200000|  0%| F|  |TAMS 0x000000009f100000| PB 0x000000009f100000| Untracked 
| 498|0x000000009f200000, 0x000000009f200000, 0x000000009f300000|  0%| F|  |TAMS 0x000000009f200000| PB 0x000000009f200000| Untracked 
| 499|0x000000009f300000, 0x000000009f300000, 0x000000009f400000|  0%| F|  |TAMS 0x000000009f300000| PB 0x000000009f300000| Untracked 
| 500|0x000000009f400000, 0x000000009f400000, 0x000000009f500000|  0%| F|  |TAMS 0x000000009f400000| PB 0x000000009f400000| Untracked 
| 501|0x000000009f500000, 0x000000009f500000, 0x000000009f600000|  0%| F|  |TAMS 0x000000009f500000| PB 0x000000009f500000| Untracked 
| 502|0x000000009f600000, 0x000000009f600000, 0x000000009f700000|  0%| F|  |TAMS 0x000000009f600000| PB 0x000000009f600000| Untracked 
| 503|0x000000009f700000, 0x000000009f700000, 0x000000009f800000|  0%| F|  |TAMS 0x000000009f700000| PB 0x000000009f700000| Untracked 
| 504|0x000000009f800000, 0x000000009f800000, 0x000000009f900000|  0%| F|  |TAMS 0x000000009f800000| PB 0x000000009f800000| Untracked 
| 505|0x000000009f900000, 0x000000009f900000, 0x000000009fa00000|  0%| F|  |TAMS 0x000000009f900000| PB 0x000000009f900000| Untracked 
| 506|0x000000009fa00000, 0x000000009fa00000, 0x000000009fb00000|  0%| F|  |TAMS 0x000000009fa00000| PB 0x000000009fa00000| Untracked 
| 507|0x000000009fb00000, 0x000000009fb00000, 0x000000009fc00000|  0%| F|  |TAMS 0x000000009fb00000| PB 0x000000009fb00000| Untracked 
| 508|0x000000009fc00000, 0x000000009fc00000, 0x000000009fd00000|  0%| F|  |TAMS 0x000000009fc00000| PB 0x000000009fc00000| Untracked 
| 509|0x000000009fd00000, 0x000000009fd00000, 0x000000009fe00000|  0%| F|  |TAMS 0x000000009fd00000| PB 0x000000009fd00000| Untracked 
| 510|0x000000009fe00000, 0x000000009fe00000, 0x000000009ff00000|  0%| F|  |TAMS 0x000000009fe00000| PB 0x000000009fe00000| Untracked 
| 511|0x000000009ff00000, 0x000000009ff00000, 0x00000000a0000000|  0%| F|  |TAMS 0x000000009ff00000| PB 0x000000009ff00000| Untracked 
| 512|0x00000000a0000000, 0x00000000a0000000, 0x00000000a0100000|  0%| F|  |TAMS 0x00000000a0000000| PB 0x00000000a0000000| Untracked 
| 513|0x00000000a0100000, 0x00000000a0100000, 0x00000000a0200000|  0%| F|  |TAMS 0x00000000a0100000| PB 0x00000000a0100000| Untracked 
| 514|0x00000000a0200000, 0x00000000a0200000, 0x00000000a0300000|  0%| F|  |TAMS 0x00000000a0200000| PB 0x00000000a0200000| Untracked 
| 515|0x00000000a0300000, 0x00000000a0300000, 0x00000000a0400000|  0%| F|  |TAMS 0x00000000a0300000| PB 0x00000000a0300000| Untracked 
| 516|0x00000000a0400000, 0x00000000a0400000, 0x00000000a0500000|  0%| F|  |TAMS 0x00000000a0400000| PB 0x00000000a0400000| Untracked 
| 517|0x00000000a0500000, 0x00000000a0500000, 0x00000000a0600000|  0%| F|  |TAMS 0x00000000a0500000| PB 0x00000000a0500000| Untracked 
| 518|0x00000000a0600000, 0x00000000a0600000, 0x00000000a0700000|  0%| F|  |TAMS 0x00000000a0600000| PB 0x00000000a0600000| Untracked 
| 519|0x00000000a0700000, 0x00000000a0700000, 0x00000000a0800000|  0%| F|  |TAMS 0x00000000a0700000| PB 0x00000000a0700000| Untracked 
| 520|0x00000000a0800000, 0x00000000a0800000, 0x00000000a0900000|  0%| F|  |TAMS 0x00000000a0800000| PB 0x00000000a0800000| Untracked 
| 521|0x00000000a0900000, 0x00000000a0900000, 0x00000000a0a00000|  0%| F|  |TAMS 0x00000000a0900000| PB 0x00000000a0900000| Untracked 
| 522|0x00000000a0a00000, 0x00000000a0a00000, 0x00000000a0b00000|  0%| F|  |TAMS 0x00000000a0a00000| PB 0x00000000a0a00000| Untracked 
| 523|0x00000000a0b00000, 0x00000000a0b00000, 0x00000000a0c00000|  0%| F|  |TAMS 0x00000000a0b00000| PB 0x00000000a0b00000| Untracked 
| 524|0x00000000a0c00000, 0x00000000a0c00000, 0x00000000a0d00000|  0%| F|  |TAMS 0x00000000a0c00000| PB 0x00000000a0c00000| Untracked 
| 525|0x00000000a0d00000, 0x00000000a0d00000, 0x00000000a0e00000|  0%| F|  |TAMS 0x00000000a0d00000| PB 0x00000000a0d00000| Untracked 
| 526|0x00000000a0e00000, 0x00000000a0e00000, 0x00000000a0f00000|  0%| F|  |TAMS 0x00000000a0e00000| PB 0x00000000a0e00000| Untracked 
| 527|0x00000000a0f00000, 0x00000000a0f00000, 0x00000000a1000000|  0%| F|  |TAMS 0x00000000a0f00000| PB 0x00000000a0f00000| Untracked 
| 528|0x00000000a1000000, 0x00000000a1000000, 0x00000000a1100000|  0%| F|  |TAMS 0x00000000a1000000| PB 0x00000000a1000000| Untracked 
| 529|0x00000000a1100000, 0x00000000a1100000, 0x00000000a1200000|  0%| F|  |TAMS 0x00000000a1100000| PB 0x00000000a1100000| Untracked 
| 530|0x00000000a1200000, 0x00000000a1200000, 0x00000000a1300000|  0%| F|  |TAMS 0x00000000a1200000| PB 0x00000000a1200000| Untracked 
| 531|0x00000000a1300000, 0x00000000a1300000, 0x00000000a1400000|  0%| F|  |TAMS 0x00000000a1300000| PB 0x00000000a1300000| Untracked 
| 532|0x00000000a1400000, 0x00000000a1400000, 0x00000000a1500000|  0%| F|  |TAMS 0x00000000a1400000| PB 0x00000000a1400000| Untracked 
| 533|0x00000000a1500000, 0x00000000a1500000, 0x00000000a1600000|  0%| F|  |TAMS 0x00000000a1500000| PB 0x00000000a1500000| Untracked 
| 534|0x00000000a1600000, 0x00000000a1600000, 0x00000000a1700000|  0%| F|  |TAMS 0x00000000a1600000| PB 0x00000000a1600000| Untracked 
| 535|0x00000000a1700000, 0x00000000a1700000, 0x00000000a1800000|  0%| F|  |TAMS 0x00000000a1700000| PB 0x00000000a1700000| Untracked 
| 536|0x00000000a1800000, 0x00000000a1800000, 0x00000000a1900000|  0%| F|  |TAMS 0x00000000a1800000| PB 0x00000000a1800000| Untracked 
| 537|0x00000000a1900000, 0x00000000a1900000, 0x00000000a1a00000|  0%| F|  |TAMS 0x00000000a1900000| PB 0x00000000a1900000| Untracked 
| 538|0x00000000a1a00000, 0x00000000a1a00000, 0x00000000a1b00000|  0%| F|  |TAMS 0x00000000a1a00000| PB 0x00000000a1a00000| Untracked 
| 539|0x00000000a1b00000, 0x00000000a1b00000, 0x00000000a1c00000|  0%| F|  |TAMS 0x00000000a1b00000| PB 0x00000000a1b00000| Untracked 
| 540|0x00000000a1c00000, 0x00000000a1c00000, 0x00000000a1d00000|  0%| F|  |TAMS 0x00000000a1c00000| PB 0x00000000a1c00000| Untracked 
| 541|0x00000000a1d00000, 0x00000000a1d00000, 0x00000000a1e00000|  0%| F|  |TAMS 0x00000000a1d00000| PB 0x00000000a1d00000| Untracked 
| 542|0x00000000a1e00000, 0x00000000a1e00000, 0x00000000a1f00000|  0%| F|  |TAMS 0x00000000a1e00000| PB 0x00000000a1e00000| Untracked 
| 543|0x00000000a1f00000, 0x00000000a1f00000, 0x00000000a2000000|  0%| F|  |TAMS 0x00000000a1f00000| PB 0x00000000a1f00000| Untracked 
| 544|0x00000000a2000000, 0x00000000a2000000, 0x00000000a2100000|  0%| F|  |TAMS 0x00000000a2000000| PB 0x00000000a2000000| Untracked 
| 545|0x00000000a2100000, 0x00000000a2100000, 0x00000000a2200000|  0%| F|  |TAMS 0x00000000a2100000| PB 0x00000000a2100000| Untracked 
| 546|0x00000000a2200000, 0x00000000a2200000, 0x00000000a2300000|  0%| F|  |TAMS 0x00000000a2200000| PB 0x00000000a2200000| Untracked 
| 547|0x00000000a2300000, 0x00000000a2300000, 0x00000000a2400000|  0%| F|  |TAMS 0x00000000a2300000| PB 0x00000000a2300000| Untracked 
| 548|0x00000000a2400000, 0x00000000a2400000, 0x00000000a2500000|  0%| F|  |TAMS 0x00000000a2400000| PB 0x00000000a2400000| Untracked 
| 549|0x00000000a2500000, 0x00000000a2500000, 0x00000000a2600000|  0%| F|  |TAMS 0x00000000a2500000| PB 0x00000000a2500000| Untracked 
| 550|0x00000000a2600000, 0x00000000a2600000, 0x00000000a2700000|  0%| F|  |TAMS 0x00000000a2600000| PB 0x00000000a2600000| Untracked 
| 551|0x00000000a2700000, 0x00000000a2700000, 0x00000000a2800000|  0%| F|  |TAMS 0x00000000a2700000| PB 0x00000000a2700000| Untracked 
| 552|0x00000000a2800000, 0x00000000a2800000, 0x00000000a2900000|  0%| F|  |TAMS 0x00000000a2800000| PB 0x00000000a2800000| Untracked 
| 553|0x00000000a2900000, 0x00000000a2900000, 0x00000000a2a00000|  0%| F|  |TAMS 0x00000000a2900000| PB 0x00000000a2900000| Untracked 
| 554|0x00000000a2a00000, 0x00000000a2a00000, 0x00000000a2b00000|  0%| F|  |TAMS 0x00000000a2a00000| PB 0x00000000a2a00000| Untracked 
| 555|0x00000000a2b00000, 0x00000000a2b00000, 0x00000000a2c00000|  0%| F|  |TAMS 0x00000000a2b00000| PB 0x00000000a2b00000| Untracked 
| 556|0x00000000a2c00000, 0x00000000a2c00000, 0x00000000a2d00000|  0%| F|  |TAMS 0x00000000a2c00000| PB 0x00000000a2c00000| Untracked 
| 557|0x00000000a2d00000, 0x00000000a2d00000, 0x00000000a2e00000|  0%| F|  |TAMS 0x00000000a2d00000| PB 0x00000000a2d00000| Untracked 
| 558|0x00000000a2e00000, 0x00000000a2e00000, 0x00000000a2f00000|  0%| F|  |TAMS 0x00000000a2e00000| PB 0x00000000a2e00000| Untracked 
| 559|0x00000000a2f00000, 0x00000000a2f00000, 0x00000000a3000000|  0%| F|  |TAMS 0x00000000a2f00000| PB 0x00000000a2f00000| Untracked 
| 560|0x00000000a3000000, 0x00000000a3000000, 0x00000000a3100000|  0%| F|  |TAMS 0x00000000a3000000| PB 0x00000000a3000000| Untracked 
| 561|0x00000000a3100000, 0x00000000a3100000, 0x00000000a3200000|  0%| F|  |TAMS 0x00000000a3100000| PB 0x00000000a3100000| Untracked 
| 562|0x00000000a3200000, 0x00000000a3200000, 0x00000000a3300000|  0%| F|  |TAMS 0x00000000a3200000| PB 0x00000000a3200000| Untracked 
| 563|0x00000000a3300000, 0x00000000a3300000, 0x00000000a3400000|  0%| F|  |TAMS 0x00000000a3300000| PB 0x00000000a3300000| Untracked 
| 564|0x00000000a3400000, 0x00000000a3400000, 0x00000000a3500000|  0%| F|  |TAMS 0x00000000a3400000| PB 0x00000000a3400000| Untracked 
| 565|0x00000000a3500000, 0x00000000a3500000, 0x00000000a3600000|  0%| F|  |TAMS 0x00000000a3500000| PB 0x00000000a3500000| Untracked 
| 566|0x00000000a3600000, 0x00000000a3600000, 0x00000000a3700000|  0%| F|  |TAMS 0x00000000a3600000| PB 0x00000000a3600000| Untracked 
| 567|0x00000000a3700000, 0x00000000a3700000, 0x00000000a3800000|  0%| F|  |TAMS 0x00000000a3700000| PB 0x00000000a3700000| Untracked 
| 568|0x00000000a3800000, 0x00000000a3800000, 0x00000000a3900000|  0%| F|  |TAMS 0x00000000a3800000| PB 0x00000000a3800000| Untracked 
| 569|0x00000000a3900000, 0x00000000a3900000, 0x00000000a3a00000|  0%| F|  |TAMS 0x00000000a3900000| PB 0x00000000a3900000| Untracked 
| 570|0x00000000a3a00000, 0x00000000a3a00000, 0x00000000a3b00000|  0%| F|  |TAMS 0x00000000a3a00000| PB 0x00000000a3a00000| Untracked 
| 571|0x00000000a3b00000, 0x00000000a3b00000, 0x00000000a3c00000|  0%| F|  |TAMS 0x00000000a3b00000| PB 0x00000000a3b00000| Untracked 
| 572|0x00000000a3c00000, 0x00000000a3c00000, 0x00000000a3d00000|  0%| F|  |TAMS 0x00000000a3c00000| PB 0x00000000a3c00000| Untracked 
| 573|0x00000000a3d00000, 0x00000000a3d00000, 0x00000000a3e00000|  0%| F|  |TAMS 0x00000000a3d00000| PB 0x00000000a3d00000| Untracked 
| 574|0x00000000a3e00000, 0x00000000a3e00000, 0x00000000a3f00000|  0%| F|  |TAMS 0x00000000a3e00000| PB 0x00000000a3e00000| Untracked 
| 575|0x00000000a3f00000, 0x00000000a3f00000, 0x00000000a4000000|  0%| F|  |TAMS 0x00000000a3f00000| PB 0x00000000a3f00000| Untracked 
| 576|0x00000000a4000000, 0x00000000a4000000, 0x00000000a4100000|  0%| F|  |TAMS 0x00000000a4000000| PB 0x00000000a4000000| Untracked 
| 577|0x00000000a4100000, 0x00000000a4100000, 0x00000000a4200000|  0%| F|  |TAMS 0x00000000a4100000| PB 0x00000000a4100000| Untracked 
| 578|0x00000000a4200000, 0x00000000a4200000, 0x00000000a4300000|  0%| F|  |TAMS 0x00000000a4200000| PB 0x00000000a4200000| Untracked 
| 579|0x00000000a4300000, 0x00000000a4300000, 0x00000000a4400000|  0%| F|  |TAMS 0x00000000a4300000| PB 0x00000000a4300000| Untracked 
| 580|0x00000000a4400000, 0x00000000a4400000, 0x00000000a4500000|  0%| F|  |TAMS 0x00000000a4400000| PB 0x00000000a4400000| Untracked 
| 581|0x00000000a4500000, 0x00000000a4500000, 0x00000000a4600000|  0%| F|  |TAMS 0x00000000a4500000| PB 0x00000000a4500000| Untracked 
| 582|0x00000000a4600000, 0x00000000a4600000, 0x00000000a4700000|  0%| F|  |TAMS 0x00000000a4600000| PB 0x00000000a4600000| Untracked 
| 583|0x00000000a4700000, 0x00000000a4700000, 0x00000000a4800000|  0%| F|  |TAMS 0x00000000a4700000| PB 0x00000000a4700000| Untracked 
| 584|0x00000000a4800000, 0x00000000a4800000, 0x00000000a4900000|  0%| F|  |TAMS 0x00000000a4800000| PB 0x00000000a4800000| Untracked 
| 585|0x00000000a4900000, 0x00000000a4900000, 0x00000000a4a00000|  0%| F|  |TAMS 0x00000000a4900000| PB 0x00000000a4900000| Untracked 
| 586|0x00000000a4a00000, 0x00000000a4a00000, 0x00000000a4b00000|  0%| F|  |TAMS 0x00000000a4a00000| PB 0x00000000a4a00000| Untracked 
| 587|0x00000000a4b00000, 0x00000000a4b00000, 0x00000000a4c00000|  0%| F|  |TAMS 0x00000000a4b00000| PB 0x00000000a4b00000| Untracked 
| 588|0x00000000a4c00000, 0x00000000a4c00000, 0x00000000a4d00000|  0%| F|  |TAMS 0x00000000a4c00000| PB 0x00000000a4c00000| Untracked 
| 589|0x00000000a4d00000, 0x00000000a4d00000, 0x00000000a4e00000|  0%| F|  |TAMS 0x00000000a4d00000| PB 0x00000000a4d00000| Untracked 
| 590|0x00000000a4e00000, 0x00000000a4e00000, 0x00000000a4f00000|  0%| F|  |TAMS 0x00000000a4e00000| PB 0x00000000a4e00000| Untracked 
| 591|0x00000000a4f00000, 0x00000000a4f00000, 0x00000000a5000000|  0%| F|  |TAMS 0x00000000a4f00000| PB 0x00000000a4f00000| Untracked 
| 592|0x00000000a5000000, 0x00000000a5000000, 0x00000000a5100000|  0%| F|  |TAMS 0x00000000a5000000| PB 0x00000000a5000000| Untracked 
| 593|0x00000000a5100000, 0x00000000a5100000, 0x00000000a5200000|  0%| F|  |TAMS 0x00000000a5100000| PB 0x00000000a5100000| Untracked 
| 594|0x00000000a5200000, 0x00000000a5200000, 0x00000000a5300000|  0%| F|  |TAMS 0x00000000a5200000| PB 0x00000000a5200000| Untracked 
| 595|0x00000000a5300000, 0x00000000a5300000, 0x00000000a5400000|  0%| F|  |TAMS 0x00000000a5300000| PB 0x00000000a5300000| Untracked 
| 596|0x00000000a5400000, 0x00000000a5400000, 0x00000000a5500000|  0%| F|  |TAMS 0x00000000a5400000| PB 0x00000000a5400000| Untracked 
| 597|0x00000000a5500000, 0x00000000a5500000, 0x00000000a5600000|  0%| F|  |TAMS 0x00000000a5500000| PB 0x00000000a5500000| Untracked 
| 598|0x00000000a5600000, 0x00000000a5600000, 0x00000000a5700000|  0%| F|  |TAMS 0x00000000a5600000| PB 0x00000000a5600000| Untracked 
| 599|0x00000000a5700000, 0x00000000a5700000, 0x00000000a5800000|  0%| F|  |TAMS 0x00000000a5700000| PB 0x00000000a5700000| Untracked 
| 600|0x00000000a5800000, 0x00000000a5800000, 0x00000000a5900000|  0%| F|  |TAMS 0x00000000a5800000| PB 0x00000000a5800000| Untracked 
| 601|0x00000000a5900000, 0x00000000a5900000, 0x00000000a5a00000|  0%| F|  |TAMS 0x00000000a5900000| PB 0x00000000a5900000| Untracked 
| 602|0x00000000a5a00000, 0x00000000a5a00000, 0x00000000a5b00000|  0%| F|  |TAMS 0x00000000a5a00000| PB 0x00000000a5a00000| Untracked 
| 603|0x00000000a5b00000, 0x00000000a5b00000, 0x00000000a5c00000|  0%| F|  |TAMS 0x00000000a5b00000| PB 0x00000000a5b00000| Untracked 
| 604|0x00000000a5c00000, 0x00000000a5c00000, 0x00000000a5d00000|  0%| F|  |TAMS 0x00000000a5c00000| PB 0x00000000a5c00000| Untracked 
| 605|0x00000000a5d00000, 0x00000000a5d00000, 0x00000000a5e00000|  0%| F|  |TAMS 0x00000000a5d00000| PB 0x00000000a5d00000| Untracked 
| 606|0x00000000a5e00000, 0x00000000a5e00000, 0x00000000a5f00000|  0%| F|  |TAMS 0x00000000a5e00000| PB 0x00000000a5e00000| Untracked 
| 607|0x00000000a5f00000, 0x00000000a5f00000, 0x00000000a6000000|  0%| F|  |TAMS 0x00000000a5f00000| PB 0x00000000a5f00000| Untracked 
| 608|0x00000000a6000000, 0x00000000a6000000, 0x00000000a6100000|  0%| F|  |TAMS 0x00000000a6000000| PB 0x00000000a6000000| Untracked 
| 609|0x00000000a6100000, 0x00000000a6100000, 0x00000000a6200000|  0%| F|  |TAMS 0x00000000a6100000| PB 0x00000000a6100000| Untracked 
| 610|0x00000000a6200000, 0x00000000a6200000, 0x00000000a6300000|  0%| F|  |TAMS 0x00000000a6200000| PB 0x00000000a6200000| Untracked 
| 611|0x00000000a6300000, 0x00000000a6300000, 0x00000000a6400000|  0%| F|  |TAMS 0x00000000a6300000| PB 0x00000000a6300000| Untracked 
| 612|0x00000000a6400000, 0x00000000a6400000, 0x00000000a6500000|  0%| F|  |TAMS 0x00000000a6400000| PB 0x00000000a6400000| Untracked 
| 613|0x00000000a6500000, 0x00000000a6500000, 0x00000000a6600000|  0%| F|  |TAMS 0x00000000a6500000| PB 0x00000000a6500000| Untracked 
| 614|0x00000000a6600000, 0x00000000a6600000, 0x00000000a6700000|  0%| F|  |TAMS 0x00000000a6600000| PB 0x00000000a6600000| Untracked 
| 615|0x00000000a6700000, 0x00000000a6700000, 0x00000000a6800000|  0%| F|  |TAMS 0x00000000a6700000| PB 0x00000000a6700000| Untracked 
| 616|0x00000000a6800000, 0x00000000a6800000, 0x00000000a6900000|  0%| F|  |TAMS 0x00000000a6800000| PB 0x00000000a6800000| Untracked 
| 617|0x00000000a6900000, 0x00000000a6900000, 0x00000000a6a00000|  0%| F|  |TAMS 0x00000000a6900000| PB 0x00000000a6900000| Untracked 
| 618|0x00000000a6a00000, 0x00000000a6a00000, 0x00000000a6b00000|  0%| F|  |TAMS 0x00000000a6a00000| PB 0x00000000a6a00000| Untracked 
| 619|0x00000000a6b00000, 0x00000000a6b00000, 0x00000000a6c00000|  0%| F|  |TAMS 0x00000000a6b00000| PB 0x00000000a6b00000| Untracked 
| 620|0x00000000a6c00000, 0x00000000a6c00000, 0x00000000a6d00000|  0%| F|  |TAMS 0x00000000a6c00000| PB 0x00000000a6c00000| Untracked 
| 621|0x00000000a6d00000, 0x00000000a6d00000, 0x00000000a6e00000|  0%| F|  |TAMS 0x00000000a6d00000| PB 0x00000000a6d00000| Untracked 
| 622|0x00000000a6e00000, 0x00000000a6e00000, 0x00000000a6f00000|  0%| F|  |TAMS 0x00000000a6e00000| PB 0x00000000a6e00000| Untracked 
| 623|0x00000000a6f00000, 0x00000000a6f00000, 0x00000000a7000000|  0%| F|  |TAMS 0x00000000a6f00000| PB 0x00000000a6f00000| Untracked 
| 624|0x00000000a7000000, 0x00000000a7000000, 0x00000000a7100000|  0%| F|  |TAMS 0x00000000a7000000| PB 0x00000000a7000000| Untracked 
| 625|0x00000000a7100000, 0x00000000a7100000, 0x00000000a7200000|  0%| F|  |TAMS 0x00000000a7100000| PB 0x00000000a7100000| Untracked 
| 626|0x00000000a7200000, 0x00000000a7200000, 0x00000000a7300000|  0%| F|  |TAMS 0x00000000a7200000| PB 0x00000000a7200000| Untracked 
| 627|0x00000000a7300000, 0x00000000a7300000, 0x00000000a7400000|  0%| F|  |TAMS 0x00000000a7300000| PB 0x00000000a7300000| Untracked 
| 628|0x00000000a7400000, 0x00000000a7400000, 0x00000000a7500000|  0%| F|  |TAMS 0x00000000a7400000| PB 0x00000000a7400000| Untracked 
| 629|0x00000000a7500000, 0x00000000a7500000, 0x00000000a7600000|  0%| F|  |TAMS 0x00000000a7500000| PB 0x00000000a7500000| Untracked 
| 630|0x00000000a7600000, 0x00000000a7600000, 0x00000000a7700000|  0%| F|  |TAMS 0x00000000a7600000| PB 0x00000000a7600000| Untracked 
| 631|0x00000000a7700000, 0x00000000a7700000, 0x00000000a7800000|  0%| F|  |TAMS 0x00000000a7700000| PB 0x00000000a7700000| Untracked 
| 632|0x00000000a7800000, 0x00000000a7800000, 0x00000000a7900000|  0%| F|  |TAMS 0x00000000a7800000| PB 0x00000000a7800000| Untracked 
| 633|0x00000000a7900000, 0x00000000a7900000, 0x00000000a7a00000|  0%| F|  |TAMS 0x00000000a7900000| PB 0x00000000a7900000| Untracked 
| 634|0x00000000a7a00000, 0x00000000a7a00000, 0x00000000a7b00000|  0%| F|  |TAMS 0x00000000a7a00000| PB 0x00000000a7a00000| Untracked 
| 635|0x00000000a7b00000, 0x00000000a7b00000, 0x00000000a7c00000|  0%| F|  |TAMS 0x00000000a7b00000| PB 0x00000000a7b00000| Untracked 
| 636|0x00000000a7c00000, 0x00000000a7c00000, 0x00000000a7d00000|  0%| F|  |TAMS 0x00000000a7c00000| PB 0x00000000a7c00000| Untracked 
| 637|0x00000000a7d00000, 0x00000000a7d00000, 0x00000000a7e00000|  0%| F|  |TAMS 0x00000000a7d00000| PB 0x00000000a7d00000| Untracked 
| 638|0x00000000a7e00000, 0x00000000a7e00000, 0x00000000a7f00000|  0%| F|  |TAMS 0x00000000a7e00000| PB 0x00000000a7e00000| Untracked 
| 639|0x00000000a7f00000, 0x00000000a7f00000, 0x00000000a8000000|  0%| F|  |TAMS 0x00000000a7f00000| PB 0x00000000a7f00000| Untracked 
| 640|0x00000000a8000000, 0x00000000a8000000, 0x00000000a8100000|  0%| F|  |TAMS 0x00000000a8000000| PB 0x00000000a8000000| Untracked 
| 641|0x00000000a8100000, 0x00000000a8100000, 0x00000000a8200000|  0%| F|  |TAMS 0x00000000a8100000| PB 0x00000000a8100000| Untracked 
| 642|0x00000000a8200000, 0x00000000a8200000, 0x00000000a8300000|  0%| F|  |TAMS 0x00000000a8200000| PB 0x00000000a8200000| Untracked 
| 643|0x00000000a8300000, 0x00000000a8300000, 0x00000000a8400000|  0%| F|  |TAMS 0x00000000a8300000| PB 0x00000000a8300000| Untracked 
| 644|0x00000000a8400000, 0x00000000a8400000, 0x00000000a8500000|  0%| F|  |TAMS 0x00000000a8400000| PB 0x00000000a8400000| Untracked 
| 645|0x00000000a8500000, 0x00000000a8500000, 0x00000000a8600000|  0%| F|  |TAMS 0x00000000a8500000| PB 0x00000000a8500000| Untracked 
| 646|0x00000000a8600000, 0x00000000a8600000, 0x00000000a8700000|  0%| F|  |TAMS 0x00000000a8600000| PB 0x00000000a8600000| Untracked 
| 647|0x00000000a8700000, 0x00000000a8700000, 0x00000000a8800000|  0%| F|  |TAMS 0x00000000a8700000| PB 0x00000000a8700000| Untracked 
| 648|0x00000000a8800000, 0x00000000a8800000, 0x00000000a8900000|  0%| F|  |TAMS 0x00000000a8800000| PB 0x00000000a8800000| Untracked 
| 649|0x00000000a8900000, 0x00000000a8900000, 0x00000000a8a00000|  0%| F|  |TAMS 0x00000000a8900000| PB 0x00000000a8900000| Untracked 
| 650|0x00000000a8a00000, 0x00000000a8a00000, 0x00000000a8b00000|  0%| F|  |TAMS 0x00000000a8a00000| PB 0x00000000a8a00000| Untracked 
| 651|0x00000000a8b00000, 0x00000000a8b00000, 0x00000000a8c00000|  0%| F|  |TAMS 0x00000000a8b00000| PB 0x00000000a8b00000| Untracked 
| 652|0x00000000a8c00000, 0x00000000a8c00000, 0x00000000a8d00000|  0%| F|  |TAMS 0x00000000a8c00000| PB 0x00000000a8c00000| Untracked 
| 653|0x00000000a8d00000, 0x00000000a8d00000, 0x00000000a8e00000|  0%| F|  |TAMS 0x00000000a8d00000| PB 0x00000000a8d00000| Untracked 
| 654|0x00000000a8e00000, 0x00000000a8e00000, 0x00000000a8f00000|  0%| F|  |TAMS 0x00000000a8e00000| PB 0x00000000a8e00000| Untracked 
| 655|0x00000000a8f00000, 0x00000000a8f00000, 0x00000000a9000000|  0%| F|  |TAMS 0x00000000a8f00000| PB 0x00000000a8f00000| Untracked 
| 656|0x00000000a9000000, 0x00000000a9000000, 0x00000000a9100000|  0%| F|  |TAMS 0x00000000a9000000| PB 0x00000000a9000000| Untracked 
| 657|0x00000000a9100000, 0x00000000a9100000, 0x00000000a9200000|  0%| F|  |TAMS 0x00000000a9100000| PB 0x00000000a9100000| Untracked 
| 658|0x00000000a9200000, 0x00000000a9200000, 0x00000000a9300000|  0%| F|  |TAMS 0x00000000a9200000| PB 0x00000000a9200000| Untracked 
| 659|0x00000000a9300000, 0x00000000a9300000, 0x00000000a9400000|  0%| F|  |TAMS 0x00000000a9300000| PB 0x00000000a9300000| Untracked 
| 660|0x00000000a9400000, 0x00000000a9400000, 0x00000000a9500000|  0%| F|  |TAMS 0x00000000a9400000| PB 0x00000000a9400000| Untracked 
| 661|0x00000000a9500000, 0x00000000a9500000, 0x00000000a9600000|  0%| F|  |TAMS 0x00000000a9500000| PB 0x00000000a9500000| Untracked 
| 662|0x00000000a9600000, 0x00000000a9600000, 0x00000000a9700000|  0%| F|  |TAMS 0x00000000a9600000| PB 0x00000000a9600000| Untracked 
| 663|0x00000000a9700000, 0x00000000a9700000, 0x00000000a9800000|  0%| F|  |TAMS 0x00000000a9700000| PB 0x00000000a9700000| Untracked 
| 664|0x00000000a9800000, 0x00000000a9800000, 0x00000000a9900000|  0%| F|  |TAMS 0x00000000a9800000| PB 0x00000000a9800000| Untracked 
| 665|0x00000000a9900000, 0x00000000a9900000, 0x00000000a9a00000|  0%| F|  |TAMS 0x00000000a9900000| PB 0x00000000a9900000| Untracked 
| 666|0x00000000a9a00000, 0x00000000a9a00000, 0x00000000a9b00000|  0%| F|  |TAMS 0x00000000a9a00000| PB 0x00000000a9a00000| Untracked 
| 667|0x00000000a9b00000, 0x00000000a9b00000, 0x00000000a9c00000|  0%| F|  |TAMS 0x00000000a9b00000| PB 0x00000000a9b00000| Untracked 
| 668|0x00000000a9c00000, 0x00000000a9c00000, 0x00000000a9d00000|  0%| F|  |TAMS 0x00000000a9c00000| PB 0x00000000a9c00000| Untracked 
| 669|0x00000000a9d00000, 0x00000000a9d00000, 0x00000000a9e00000|  0%| F|  |TAMS 0x00000000a9d00000| PB 0x00000000a9d00000| Untracked 
| 670|0x00000000a9e00000, 0x00000000a9e00000, 0x00000000a9f00000|  0%| F|  |TAMS 0x00000000a9e00000| PB 0x00000000a9e00000| Untracked 
| 671|0x00000000a9f00000, 0x00000000a9f00000, 0x00000000aa000000|  0%| F|  |TAMS 0x00000000a9f00000| PB 0x00000000a9f00000| Untracked 
| 672|0x00000000aa000000, 0x00000000aa000000, 0x00000000aa100000|  0%| F|  |TAMS 0x00000000aa000000| PB 0x00000000aa000000| Untracked 
| 673|0x00000000aa100000, 0x00000000aa100000, 0x00000000aa200000|  0%| F|  |TAMS 0x00000000aa100000| PB 0x00000000aa100000| Untracked 
| 674|0x00000000aa200000, 0x00000000aa200000, 0x00000000aa300000|  0%| F|  |TAMS 0x00000000aa200000| PB 0x00000000aa200000| Untracked 
| 675|0x00000000aa300000, 0x00000000aa300000, 0x00000000aa400000|  0%| F|  |TAMS 0x00000000aa300000| PB 0x00000000aa300000| Untracked 
| 676|0x00000000aa400000, 0x00000000aa400000, 0x00000000aa500000|  0%| F|  |TAMS 0x00000000aa400000| PB 0x00000000aa400000| Untracked 
| 677|0x00000000aa500000, 0x00000000aa500000, 0x00000000aa600000|  0%| F|  |TAMS 0x00000000aa500000| PB 0x00000000aa500000| Untracked 
| 678|0x00000000aa600000, 0x00000000aa600000, 0x00000000aa700000|  0%| F|  |TAMS 0x00000000aa600000| PB 0x00000000aa600000| Untracked 
| 679|0x00000000aa700000, 0x00000000aa700000, 0x00000000aa800000|  0%| F|  |TAMS 0x00000000aa700000| PB 0x00000000aa700000| Untracked 
| 680|0x00000000aa800000, 0x00000000aa800000, 0x00000000aa900000|  0%| F|  |TAMS 0x00000000aa800000| PB 0x00000000aa800000| Untracked 
| 681|0x00000000aa900000, 0x00000000aa900000, 0x00000000aaa00000|  0%| F|  |TAMS 0x00000000aa900000| PB 0x00000000aa900000| Untracked 
| 682|0x00000000aaa00000, 0x00000000aaa00000, 0x00000000aab00000|  0%| F|  |TAMS 0x00000000aaa00000| PB 0x00000000aaa00000| Untracked 
| 683|0x00000000aab00000, 0x00000000aab00000, 0x00000000aac00000|  0%| F|  |TAMS 0x00000000aab00000| PB 0x00000000aab00000| Untracked 
| 684|0x00000000aac00000, 0x00000000aacbfe80, 0x00000000aad00000| 74%| E|  |TAMS 0x00000000aac00000| PB 0x00000000aac00000| Complete 
| 685|0x00000000aad00000, 0x00000000aae00000, 0x00000000aae00000|100%| E|CS|TAMS 0x00000000aad00000| PB 0x00000000aad00000| Complete 
|2032|0x00000000ff000000, 0x00000000ff100000, 0x00000000ff100000|100%| E|CS|TAMS 0x00000000ff000000| PB 0x00000000ff000000| Complete 
|2033|0x00000000ff100000, 0x00000000ff200000, 0x00000000ff200000|100%| O|  |TAMS 0x00000000ff100000| PB 0x00000000ff100000| Untracked 
|2034|0x00000000ff200000, 0x00000000ff300000, 0x00000000ff300000|100%| O|  |TAMS 0x00000000ff200000| PB 0x00000000ff200000| Untracked 
|2035|0x00000000ff300000, 0x00000000ff400000, 0x00000000ff400000|100%| O|  |TAMS 0x00000000ff300000| PB 0x00000000ff300000| Untracked 
|2036|0x00000000ff400000, 0x00000000ff500000, 0x00000000ff500000|100%| O|  |TAMS 0x00000000ff400000| PB 0x00000000ff400000| Untracked 
|2037|0x00000000ff500000, 0x00000000ff600000, 0x00000000ff600000|100%| E|CS|TAMS 0x00000000ff500000| PB 0x00000000ff500000| Complete 
|2038|0x00000000ff600000, 0x00000000ff700000, 0x00000000ff700000|100%| E|CS|TAMS 0x00000000ff600000| PB 0x00000000ff600000| Complete 
|2039|0x00000000ff700000, 0x00000000ff800000, 0x00000000ff800000|100%| E|CS|TAMS 0x00000000ff700000| PB 0x00000000ff700000| Complete 
|2040|0x00000000ff800000, 0x00000000ff900000, 0x00000000ff900000|100%| O|  |TAMS 0x00000000ff800000| PB 0x00000000ff800000| Untracked 
|2041|0x00000000ff900000, 0x00000000ffa00000, 0x00000000ffa00000|100%| O|  |TAMS 0x00000000ff900000| PB 0x00000000ff900000| Untracked 
|2042|0x00000000ffa00000, 0x00000000ffb00000, 0x00000000ffb00000|100%| E|CS|TAMS 0x00000000ffa00000| PB 0x00000000ffa00000| Complete 
|2043|0x00000000ffb00000, 0x00000000ffc00000, 0x00000000ffc00000|100%| E|CS|TAMS 0x00000000ffb00000| PB 0x00000000ffb00000| Complete 
|2044|0x00000000ffc00000, 0x00000000ffd00000, 0x00000000ffd00000|100%| E|CS|TAMS 0x00000000ffc00000| PB 0x00000000ffc00000| Complete 
|2045|0x00000000ffd00000, 0x00000000ffe00000, 0x00000000ffe00000|100%| E|CS|TAMS 0x00000000ffd00000| PB 0x00000000ffd00000| Complete 
|2046|0x00000000ffe00000, 0x00000000fff00000, 0x00000000fff00000|100%| E|CS|TAMS 0x00000000ffe00000| PB 0x00000000ffe00000| Complete 
|2047|0x00000000fff00000, 0x0000000100000000, 0x0000000100000000|100%| O|  |TAMS 0x00000000fff00000| PB 0x00000000fff00000| Untracked 

Card table byte_map: [0x00000217bee70000,0x00000217bf270000] _byte_map_base: 0x00000217bea70000

Marking Bits: (CMBitMap*) 0x00000217aa39e680
 Bits: [0x00000217bf270000, 0x00000217c1270000)

Polling page: 0x00000217aa520000

Metaspace:

Usage:
  Non-class:     79.62 MB used.
      Class:     13.02 MB used.
       Both:     92.64 MB used.

Virtual space:
  Non-class space:      128.00 MB reserved,      80.44 MB ( 63%) committed,  2 nodes.
      Class space:        1.00 GB reserved,      13.81 MB (  1%) committed,  1 nodes.
             Both:        1.12 GB reserved,      94.25 MB (  8%) committed. 

Chunk freelists:
   Non-Class:  15.17 MB
       Class:  2.12 MB
        Both:  17.30 MB

MaxMetaspaceSize: unlimited
CompressedClassSpaceSize: 1.00 GB
Initial GC threshold: 21.00 MB
Current GC threshold: 155.56 MB
CDS: off
 - commit_granule_bytes: 65536.
 - commit_granule_words: 8192.
 - virtual_space_node_default_size: 8388608.
 - enlarge_chunks_in_place: 1.
 - use_allocation_guard: 0.


Internal statistics:

num_allocs_failed_limit: 6.
num_arena_births: 3512.
num_arena_deaths: 8.
num_vsnodes_births: 3.
num_vsnodes_deaths: 0.
num_space_committed: 1507.
num_space_uncommitted: 0.
num_chunks_returned_to_freelist: 16.
num_chunks_taken_from_freelist: 7945.
num_chunk_merges: 7.
num_chunk_splits: 4835.
num_chunks_enlarged: 2655.
num_inconsistent_stats: 0.

CodeHeap 'non-profiled nmethods': size=120000Kb used=5564Kb max_used=5786Kb free=114435Kb
 bounds [0x00000217b6ac0000, 0x00000217b7080000, 0x00000217bdff0000]
CodeHeap 'profiled nmethods': size=120000Kb used=17622Kb max_used=17660Kb free=102377Kb
 bounds [0x00000217aeff0000, 0x00000217b0150000, 0x00000217b6520000]
CodeHeap 'non-nmethods': size=5760Kb used=1922Kb max_used=2008Kb free=3837Kb
 bounds [0x00000217b6520000, 0x00000217b6790000, 0x00000217b6ac0000]
CodeCache: size=245760Kb, used=25108Kb, max_used=25454Kb, free=220649Kb
 total_blobs=10217, nmethods=9412, adapters=709, full_count=0
Compilation: enabled, stopped_count=0, restarted_count=0

Compilation events (20 events):
Event: 27.414 Thread 0x00000217c80d4810 nmethod 11587 0x00000217af44db90 code [0x00000217af44dd40, 0x00000217af44de90]
Event: 27.424 Thread 0x00000217cb14adc0 nmethod 11115 0x00000217b7066990 code [0x00000217b70670a0, 0x00000217b706ddb8]
Event: 27.424 Thread 0x00000217cb14adc0 11287       4       com.android.tools.r8.graph.i6::a (145 bytes)
Event: 27.424 Thread 0x00000217c80d4810 11588       2       com.android.tools.r8.internal.f71::a (61 bytes)
Event: 27.424 Thread 0x00000217c80d4810 nmethod 11588 0x00000217af5b9710 code [0x00000217af5b9900, 0x00000217af5b9b78]
Event: 27.424 Thread 0x00000217c80d4810 11589       2       com.android.tools.r8.internal.g71::b (57 bytes)
Event: 27.425 Thread 0x00000217c80d4810 nmethod 11589 0x00000217af5b9090 code [0x00000217af5b9260, 0x00000217af5b9540]
Event: 27.426 Thread 0x00000217c80d4810 11590       1       java.lang.invoke.MethodHandle::isInvokeSpecial (2 bytes)
Event: 27.426 Thread 0x00000217c80d4810 nmethod 11590 0x00000217b6b98d90 code [0x00000217b6b98f20, 0x00000217b6b98fe8]
Event: 27.428 Thread 0x00000217cb14adc0 nmethod 11287 0x00000217b6d8be10 code [0x00000217b6d8bfc0, 0x00000217b6d8c350]
Event: 27.428 Thread 0x00000217cb14adc0 10997       4       com.android.tools.r8.internal.vf1::a (71 bytes)
Event: 27.430 Thread 0x00000217cb14adc0 nmethod 10997 0x00000217b6d1c190 code [0x00000217b6d1c320, 0x00000217b6d1c4c8]
Event: 27.430 Thread 0x00000217cb14adc0 11255       4       com.android.tools.r8.dex.c0::a (881 bytes)
Event: 27.821 Thread 0x00000217c80d4810 11591       2       java.util.HashMap$ValueSpliterator::characteristics (28 bytes)
Event: 29.490 Thread 0x00000217c80d4810 nmethod 11591 0x00000217afe81f10 code [0x00000217afe820c0, 0x00000217afe82218]
Event: 29.490 Thread 0x00000217c80d4810 11592       2       java.lang.invoke.LambdaForm$MH/0x00000001001d3400::invoke (110 bytes)
Event: 29.490 Thread 0x00000217c80d4810 nmethod 11592 0x00000217afe84190 code [0x00000217afe843a0, 0x00000217afe84730]
Event: 29.490 Thread 0x00000217c80d4810 11593       2       java.lang.invoke.LambdaForm$MH/0x00000001001d2c00::invoke (46 bytes)
Event: 29.490 Thread 0x00000217c80d4810 nmethod 11593 0x00000217af5b8a10 code [0x00000217af5b8be0, 0x00000217af5b8de0]
Event: 31.815 Thread 0x00000217c80d4810 11594       2       javax.management.ObjectName::setCanonicalName (251 bytes)

GC Heap History (20 events):
Event: 21.836 GC heap before
{Heap before GC invocations=40 (full 0):
 garbage-first heap   total 196608K, used 166853K [0x0000000080000000, 0x0000000100000000)
  region size 1024K, 52 young (53248K), 8 survivors (8192K)
 Metaspace       used 84171K, committed 85888K, reserved 1179648K
  class space    used 11610K, committed 12480K, reserved 1048576K
}
Event: 21.850 GC heap after
{Heap after GC invocations=41 (full 0):
 garbage-first heap   total 196608K, used 126353K [0x0000000080000000, 0x0000000100000000)
  region size 1024K, 5 young (5120K), 5 survivors (5120K)
 Metaspace       used 84171K, committed 85888K, reserved 1179648K
  class space    used 11610K, committed 12480K, reserved 1048576K
}
Event: 22.156 GC heap before
{Heap before GC invocations=41 (full 0):
 garbage-first heap   total 196608K, used 170385K [0x0000000080000000, 0x0000000100000000)
  region size 1024K, 49 young (50176K), 5 survivors (5120K)
 Metaspace       used 85569K, committed 87296K, reserved 1179648K
  class space    used 11799K, committed 12672K, reserved 1048576K
}
Event: 22.164 GC heap after
{Heap after GC invocations=42 (full 0):
 garbage-first heap   total 196608K, used 128375K [0x0000000080000000, 0x0000000100000000)
  region size 1024K, 5 young (5120K), 5 survivors (5120K)
 Metaspace       used 85569K, committed 87296K, reserved 1179648K
  class space    used 11799K, committed 12672K, reserved 1048576K
}
Event: 22.259 GC heap before
{Heap before GC invocations=42 (full 0):
 garbage-first heap   total 202752K, used 200055K [0x0000000080000000, 0x0000000100000000)
  region size 1024K, 30 young (30720K), 5 survivors (5120K)
 Metaspace       used 85943K, committed 87680K, reserved 1179648K
  class space    used 11855K, committed 12736K, reserved 1048576K
}
Event: 22.269 GC heap after
{Heap after GC invocations=43 (full 0):
 garbage-first heap   total 257024K, used 154431K [0x0000000080000000, 0x0000000100000000)
  region size 1024K, 7 young (7168K), 7 survivors (7168K)
 Metaspace       used 85943K, committed 87680K, reserved 1179648K
  class space    used 11855K, committed 12736K, reserved 1048576K
}
Event: 23.077 GC heap before
{Heap before GC invocations=44 (full 0):
 garbage-first heap   total 258048K, used 223039K [0x0000000080000000, 0x0000000100000000)
  region size 1024K, 73 young (74752K), 7 survivors (7168K)
 Metaspace       used 89705K, committed 91392K, reserved 1179648K
  class space    used 12387K, committed 13248K, reserved 1048576K
}
Event: 23.115 GC heap after
{Heap after GC invocations=45 (full 0):
 garbage-first heap   total 258048K, used 174973K [0x0000000080000000, 0x0000000100000000)
  region size 1024K, 10 young (10240K), 10 survivors (10240K)
 Metaspace       used 89705K, committed 91392K, reserved 1179648K
  class space    used 12387K, committed 13248K, reserved 1048576K
}
Event: 23.717 GC heap before
{Heap before GC invocations=45 (full 0):
 garbage-first heap   total 258048K, used 230269K [0x0000000080000000, 0x0000000100000000)
  region size 1024K, 60 young (61440K), 10 survivors (10240K)
 Metaspace       used 90208K, committed 91904K, reserved 1179648K
  class space    used 12492K, committed 13376K, reserved 1048576K
}
Event: 23.765 GC heap after
{Heap after GC invocations=46 (full 0):
 garbage-first heap   total 259072K, used 194334K [0x0000000080000000, 0x0000000100000000)
  region size 1024K, 8 young (8192K), 8 survivors (8192K)
 Metaspace       used 90208K, committed 91904K, reserved 1179648K
  class space    used 12492K, committed 13376K, reserved 1048576K
}
Event: 24.891 GC heap before
{Heap before GC invocations=46 (full 0):
 garbage-first heap   total 259072K, used 230174K [0x0000000080000000, 0x0000000100000000)
  region size 1024K, 44 young (45056K), 8 survivors (8192K)
 Metaspace       used 93741K, committed 95424K, reserved 1179648K
  class space    used 13182K, committed 14016K, reserved 1048576K
}
Event: 24.909 GC heap after
{Heap after GC invocations=47 (full 0):
 garbage-first heap   total 259072K, used 201080K [0x0000000080000000, 0x0000000100000000)
  region size 1024K, 6 young (6144K), 6 survivors (6144K)
 Metaspace       used 93741K, committed 95424K, reserved 1179648K
  class space    used 13182K, committed 14016K, reserved 1048576K
}
Event: 25.130 GC heap before
{Heap before GC invocations=47 (full 0):
 garbage-first heap   total 259072K, used 233848K [0x0000000080000000, 0x0000000100000000)
  region size 1024K, 39 young (39936K), 6 survivors (6144K)
 Metaspace       used 93864K, committed 95552K, reserved 1179648K
  class space    used 13186K, committed 14016K, reserved 1048576K
}
Event: 25.157 GC heap after
{Heap after GC invocations=48 (full 0):
 garbage-first heap   total 259072K, used 219085K [0x0000000080000000, 0x0000000100000000)
  region size 1024K, 5 young (5120K), 5 survivors (5120K)
 Metaspace       used 93864K, committed 95552K, reserved 1179648K
  class space    used 13186K, committed 14016K, reserved 1048576K
}
Event: 25.300 GC heap before
{Heap before GC invocations=48 (full 0):
 garbage-first heap   total 362496K, used 237517K [0x0000000080000000, 0x0000000100000000)
  region size 1024K, 25 young (25600K), 5 survivors (5120K)
 Metaspace       used 93868K, committed 95552K, reserved 1179648K
  class space    used 13186K, committed 14016K, reserved 1048576K
}
Event: 25.321 GC heap after
{Heap after GC invocations=49 (full 0):
 garbage-first heap   total 362496K, used 227689K [0x0000000080000000, 0x0000000100000000)
  region size 1024K, 4 young (4096K), 4 survivors (4096K)
 Metaspace       used 93868K, committed 95552K, reserved 1179648K
  class space    used 13186K, committed 14016K, reserved 1048576K
}
Event: 25.694 GC heap before
{Heap before GC invocations=50 (full 0):
 garbage-first heap   total 362496K, used 306537K [0x0000000080000000, 0x0000000100000000)
  region size 1024K, 81 young (82944K), 4 survivors (4096K)
 Metaspace       used 93979K, committed 95744K, reserved 1179648K
  class space    used 13196K, committed 14080K, reserved 1048576K
}
Event: 25.744 GC heap after
{Heap after GC invocations=51 (full 0):
 garbage-first heap   total 362496K, used 267264K [0x0000000080000000, 0x0000000100000000)
  region size 1024K, 11 young (11264K), 11 survivors (11264K)
 Metaspace       used 93979K, committed 95744K, reserved 1179648K
  class space    used 13196K, committed 14080K, reserved 1048576K
}
Event: 26.059 GC heap before
{Heap before GC invocations=51 (full 0):
 garbage-first heap   total 362496K, used 315392K [0x0000000080000000, 0x0000000100000000)
  region size 1024K, 58 young (59392K), 11 survivors (11264K)
 Metaspace       used 93981K, committed 95744K, reserved 1179648K
  class space    used 13196K, committed 14080K, reserved 1048576K
}
Event: 26.119 GC heap after
{Heap after GC invocations=52 (full 0):
 garbage-first heap   total 718848K, used 290304K [0x0000000080000000, 0x0000000100000000)
  region size 1024K, 8 young (8192K), 8 survivors (8192K)
 Metaspace       used 93981K, committed 95744K, reserved 1179648K
  class space    used 13196K, committed 14080K, reserved 1048576K
}

Dll operation events (3 events):
Event: 0.013 Loaded shared library C:\Program Files\Android\Android Studio1\jbr\bin\java.dll
Event: 0.019 Loaded shared library C:\Program Files\Android\Android Studio1\jbr\bin\zip.dll
Event: 1.342 Loaded shared library C:\Program Files\Android\Android Studio1\jbr\bin\verify.dll

Deoptimization events (20 events):
Event: 24.794 Thread 0x00000217ceba17e0 Uncommon trap: trap_request=0xffffff45 fr.pc=0x00000217b6e8cea0 relative=0x00000000000003e0
Event: 24.794 Thread 0x00000217ceba17e0 Uncommon trap: reason=unstable_if action=reinterpret pc=0x00000217b6e8cea0 method=java.util.concurrent.ConcurrentLinkedQueue.offer(Ljava/lang/Object;)Z @ 96 c2
Event: 24.794 Thread 0x00000217ceba17e0 DEOPT PACKING pc=0x00000217b6e8cea0 sp=0x0000007f40ffedc0
Event: 24.794 Thread 0x00000217ceba17e0 DEOPT UNPACKING pc=0x00000217b65743a2 sp=0x0000007f40ffed00 mode 2
Event: 24.820 Thread 0x00000217cb4be160 Uncommon trap: trap_request=0xffffff45 fr.pc=0x00000217b7019e90 relative=0x00000000000003b0
Event: 24.820 Thread 0x00000217cb4be160 Uncommon trap: reason=unstable_if action=reinterpret pc=0x00000217b7019e90 method=com.android.tools.r8.internal.vf1.a(ILjava/lang/Object;)Ljava/lang/Object; @ 1 c2
Event: 24.820 Thread 0x00000217cb4be160 DEOPT PACKING pc=0x00000217b7019e90 sp=0x0000007f40afe480
Event: 24.820 Thread 0x00000217cb4be160 DEOPT UNPACKING pc=0x00000217b65743a2 sp=0x0000007f40afe448 mode 2
Event: 24.822 Thread 0x00000217cc75b6c0 Uncommon trap: trap_request=0xffffff45 fr.pc=0x00000217b6e48830 relative=0x0000000000000170
Event: 24.822 Thread 0x00000217cc75b6c0 Uncommon trap: reason=unstable_if action=reinterpret pc=0x00000217b6e48830 method=com.android.tools.r8.internal.vf1.get(I)Ljava/lang/Object; @ 1 c2
Event: 24.822 Thread 0x00000217cc75b6c0 DEOPT PACKING pc=0x00000217b6e48830 sp=0x0000007f40bfe790
Event: 24.822 Thread 0x00000217cc75b6c0 DEOPT UNPACKING pc=0x00000217b65743a2 sp=0x0000007f40bfe728 mode 2
Event: 25.093 Thread 0x00000217cb4bcdb0 DEOPT PACKING pc=0x00000217afd29a05 sp=0x0000007f409fe740
Event: 25.093 Thread 0x00000217cb4bcdb0 DEOPT UNPACKING pc=0x00000217b6574b42 sp=0x0000007f409fdc58 mode 0
Event: 25.447 Thread 0x00000217cdea45a0 Uncommon trap: trap_request=0xffffff45 fr.pc=0x00000217b6f71ec4 relative=0x00000000000068a4
Event: 25.448 Thread 0x00000217cdea45a0 Uncommon trap: reason=unstable_if action=reinterpret pc=0x00000217b6f71ec4 method=com.android.tools.r8.internal.kc0.a(IILcom/android/tools/r8/internal/ah0;Lcom/android/tools/r8/graph/xb;)Lcom/android/tools/r8/internal/zg0; @ 1 c2
Event: 25.448 Thread 0x00000217cdea45a0 DEOPT PACKING pc=0x00000217b6f71ec4 sp=0x0000007f40efe8f0
Event: 25.448 Thread 0x00000217cdea45a0 DEOPT UNPACKING pc=0x00000217b65743a2 sp=0x0000007f40efe8d0 mode 2
Event: 25.794 Thread 0x00000217cd41d4c0 DEOPT PACKING pc=0x00000217b00f8e86 sp=0x0000007f40cfe190
Event: 25.795 Thread 0x00000217cd41d4c0 DEOPT UNPACKING pc=0x00000217b6574b42 sp=0x0000007f40cfd650 mode 0

Classes loaded (20 events):
Event: 24.484 Loading class java/util/AbstractList$RandomAccessSubList
Event: 24.484 Loading class java/util/AbstractList$SubList
Event: 24.485 Loading class java/util/AbstractList$SubList done
Event: 24.485 Loading class java/util/AbstractList$RandomAccessSubList done
Event: 24.485 Loading class java/util/AbstractList$SubList$1
Event: 24.485 Loading class java/util/AbstractList$SubList$1 done
Event: 24.518 Loading class java/lang/ProcessHandleImpl
Event: 24.519 Loading class java/lang/ProcessHandleImpl done
Event: 24.520 Loading class java/lang/ProcessImpl$2
Event: 24.520 Loading class java/lang/ProcessImpl$2 done
Event: 24.520 Loading class java/lang/Process$PipeInputStream
Event: 24.521 Loading class java/lang/Process$PipeInputStream done
Event: 24.524 Loading class jdk/internal/event/ProcessStartEvent
Event: 24.525 Loading class jdk/internal/event/ProcessStartEvent done
Event: 24.770 Loading class java/nio/ShortBuffer
Event: 24.771 Loading class java/nio/ShortBuffer done
Event: 24.771 Loading class java/nio/HeapShortBuffer
Event: 24.772 Loading class java/nio/HeapShortBuffer done
Event: 26.141 Loading class java/util/concurrent/ConcurrentLinkedQueue$Itr
Event: 26.142 Loading class java/util/concurrent/ConcurrentLinkedQueue$Itr done

Classes unloaded (4 events):
Event: 17.648 Thread 0x00000217c800b6b0 Unloading class 0x0000000100a38c00 'java/lang/invoke/LambdaForm$DMH+0x0000000100a38c00'
Event: 17.648 Thread 0x00000217c800b6b0 Unloading class 0x0000000100a38400 'java/lang/invoke/LambdaForm$DMH+0x0000000100a38400'
Event: 17.648 Thread 0x00000217c800b6b0 Unloading class 0x0000000100a30800 'java/lang/invoke/LambdaForm$DMH+0x0000000100a30800'
Event: 17.648 Thread 0x00000217c800b6b0 Unloading class 0x0000000100a30400 'java/lang/invoke/LambdaForm$DMH+0x0000000100a30400'

Classes redefined (0 events):
No events

Internal exceptions (20 events):
Event: 27.460 Thread 0x00000217cec6fb00 Exception <a 'sun/nio/fs/WindowsException'{0x00000000aad48160}> (0x00000000aad48160) 
thrown [s\src\hotspot\share\prims\jni.cpp, line 537]
Event: 27.462 Thread 0x00000217cec6fb00 Exception <a 'sun/nio/fs/WindowsException'{0x00000000aad4ed30}> (0x00000000aad4ed30) 
thrown [s\src\hotspot\share\prims\jni.cpp, line 537]
Event: 27.464 Thread 0x00000217cec6fb00 Exception <a 'sun/nio/fs/WindowsException'{0x00000000aad55900}> (0x00000000aad55900) 
thrown [s\src\hotspot\share\prims\jni.cpp, line 537]
Event: 27.466 Thread 0x00000217cec6fb00 Exception <a 'sun/nio/fs/WindowsException'{0x00000000aad5c4b0}> (0x00000000aad5c4b0) 
thrown [s\src\hotspot\share\prims\jni.cpp, line 537]
Event: 27.468 Thread 0x00000217cec6fb00 Exception <a 'sun/nio/fs/WindowsException'{0x00000000aad66ee8}> (0x00000000aad66ee8) 
thrown [s\src\hotspot\share\prims\jni.cpp, line 537]
Event: 27.469 Thread 0x00000217cec6fb00 Exception <a 'sun/nio/fs/WindowsException'{0x00000000aad6f480}> (0x00000000aad6f480) 
thrown [s\src\hotspot\share\prims\jni.cpp, line 537]
Event: 27.471 Thread 0x00000217cec6fb00 Exception <a 'sun/nio/fs/WindowsException'{0x00000000aad85570}> (0x00000000aad85570) 
thrown [s\src\hotspot\share\prims\jni.cpp, line 537]
Event: 27.473 Thread 0x00000217cec6fb00 Exception <a 'sun/nio/fs/WindowsException'{0x00000000aad8c0e0}> (0x00000000aad8c0e0) 
thrown [s\src\hotspot\share\prims\jni.cpp, line 537]
Event: 27.475 Thread 0x00000217cec6fb00 Exception <a 'sun/nio/fs/WindowsException'{0x00000000aada3e48}> (0x00000000aada3e48) 
thrown [s\src\hotspot\share\prims\jni.cpp, line 537]
Event: 27.476 Thread 0x00000217cec6fb00 Exception <a 'sun/nio/fs/WindowsException'{0x00000000aadabdf8}> (0x00000000aadabdf8) 
thrown [s\src\hotspot\share\prims\jni.cpp, line 537]
Event: 27.477 Thread 0x00000217cec6fb00 Exception <a 'sun/nio/fs/WindowsException'{0x00000000aadb41b0}> (0x00000000aadb41b0) 
thrown [s\src\hotspot\share\prims\jni.cpp, line 537]
Event: 27.479 Thread 0x00000217cec6fb00 Exception <a 'sun/nio/fs/WindowsException'{0x00000000aadbd280}> (0x00000000aadbd280) 
thrown [s\src\hotspot\share\prims\jni.cpp, line 537]
Event: 27.481 Thread 0x00000217cec6fb00 Exception <a 'sun/nio/fs/WindowsException'{0x00000000aadc5238}> (0x00000000aadc5238) 
thrown [s\src\hotspot\share\prims\jni.cpp, line 537]
Event: 27.482 Thread 0x00000217cec6fb00 Exception <a 'sun/nio/fs/WindowsException'{0x00000000aadccb40}> (0x00000000aadccb40) 
thrown [s\src\hotspot\share\prims\jni.cpp, line 537]
Event: 27.484 Thread 0x00000217cec6fb00 Exception <a 'sun/nio/fs/WindowsException'{0x00000000aadddb88}> (0x00000000aadddb88) 
thrown [s\src\hotspot\share\prims\jni.cpp, line 537]
Event: 27.485 Thread 0x00000217cec6fb00 Exception <a 'sun/nio/fs/WindowsException'{0x00000000aade4610}> (0x00000000aade4610) 
thrown [s\src\hotspot\share\prims\jni.cpp, line 537]
Event: 27.486 Thread 0x00000217cec6fb00 Exception <a 'sun/nio/fs/WindowsException'{0x00000000aadebd48}> (0x00000000aadebd48) 
thrown [s\src\hotspot\share\prims\jni.cpp, line 537]
Event: 27.488 Thread 0x00000217cec6fb00 Exception <a 'sun/nio/fs/WindowsException'{0x00000000aadfd858}> (0x00000000aadfd858) 
thrown [s\src\hotspot\share\prims\jni.cpp, line 537]
Event: 29.491 Thread 0x00000217cec6fb00 Exception <a 'sun/nio/fs/WindowsException'{0x00000000aac18168}> (0x00000000aac18168) 
thrown [s\src\hotspot\share\prims\jni.cpp, line 537]
Event: 29.493 Thread 0x00000217cec6fb00 Exception <a 'sun/nio/fs/WindowsException'{0x00000000aac1f9c0}> (0x00000000aac1f9c0) 
thrown [s\src\hotspot\share\prims\jni.cpp, line 537]

ZGC Phase Switch (0 events):
No events

VM Operations (20 events):
Event: 24.523 Executing non-safepoint VM operation: HandshakeAllThreads (Deoptimize)
Event: 24.524 Executing non-safepoint VM operation: HandshakeAllThreads (Deoptimize) done
Event: 24.890 Executing safepoint VM operation: G1CollectForAllocation (G1 Evacuation Pause)
Event: 24.909 Executing safepoint VM operation: G1CollectForAllocation (G1 Evacuation Pause) done
Event: 25.100 Executing non-safepoint VM operation: HandshakeAllThreads (Deoptimize)
Event: 25.119 Executing non-safepoint VM operation: HandshakeAllThreads (Deoptimize) done
Event: 25.130 Executing safepoint VM operation: G1CollectForAllocation (G1 Evacuation Pause)
Event: 25.157 Executing safepoint VM operation: G1CollectForAllocation (G1 Evacuation Pause) done
Event: 25.179 Executing safepoint VM operation: G1PauseRemark
Event: 25.189 Executing safepoint VM operation: G1PauseRemark done
Event: 25.300 Executing safepoint VM operation: G1CollectForAllocation (G1 Evacuation Pause)
Event: 25.321 Executing safepoint VM operation: G1CollectForAllocation (G1 Evacuation Pause) done
Event: 25.358 Executing safepoint VM operation: G1PauseCleanup
Event: 25.359 Executing safepoint VM operation: G1PauseCleanup done
Event: 25.694 Executing safepoint VM operation: G1CollectForAllocation (G1 Evacuation Pause)
Event: 25.745 Executing safepoint VM operation: G1CollectForAllocation (G1 Evacuation Pause) done
Event: 26.059 Executing safepoint VM operation: G1CollectForAllocation (G1 Evacuation Pause)
Event: 26.119 Executing safepoint VM operation: G1CollectForAllocation (G1 Evacuation Pause) done
Event: 28.145 Executing safepoint VM operation: Cleanup
Event: 28.504 Executing safepoint VM operation: Cleanup done

Memory protections (0 events):
No events

Nmethod flushes (20 events):
Event: 25.186 Thread 0x00000217c800b6b0 flushing  nmethod 0x00000217af42e490
Event: 25.186 Thread 0x00000217c800b6b0 flushing  nmethod 0x00000217af4b3e10
Event: 25.186 Thread 0x00000217c800b6b0 flushing  nmethod 0x00000217af50ac10
Event: 25.186 Thread 0x00000217c800b6b0 flushing  nmethod 0x00000217af553990
Event: 25.186 Thread 0x00000217c800b6b0 flushing  nmethod 0x00000217af5b8a10
Event: 25.186 Thread 0x00000217c800b6b0 flushing  nmethod 0x00000217af5ec490
Event: 25.186 Thread 0x00000217c800b6b0 flushing  nmethod 0x00000217af715190
Event: 25.186 Thread 0x00000217c800b6b0 flushing  nmethod 0x00000217af719990
Event: 25.186 Thread 0x00000217c800b6b0 flushing  nmethod 0x00000217af71b610
Event: 25.186 Thread 0x00000217c800b6b0 flushing  nmethod 0x00000217af84f010
Event: 25.186 Thread 0x00000217c800b6b0 flushing  nmethod 0x00000217af8f0f90
Event: 25.186 Thread 0x00000217c800b6b0 flushing  nmethod 0x00000217af8f2310
Event: 25.186 Thread 0x00000217c800b6b0 flushing  nmethod 0x00000217af94c710
Event: 25.186 Thread 0x00000217c800b6b0 flushing  nmethod 0x00000217afa0f190
Event: 25.186 Thread 0x00000217c800b6b0 flushing  nmethod 0x00000217afad0b10
Event: 25.186 Thread 0x00000217c800b6b0 flushing  nmethod 0x00000217afbd7c10
Event: 25.186 Thread 0x00000217c800b6b0 flushing  nmethod 0x00000217afc4bc10
Event: 25.186 Thread 0x00000217c800b6b0 flushing  nmethod 0x00000217afca2690
Event: 25.186 Thread 0x00000217c800b6b0 flushing  nmethod 0x00000217afe66790
Event: 25.186 Thread 0x00000217c800b6b0 flushing  nmethod 0x00000217afe66d10

Events (20 events):
Event: 18.533 Thread 0x00000217cc2a5f60 Thread added: 0x00000217cc81bba0
Event: 18.584 Thread 0x00000217cc2a79a0 Thread added: 0x00000217cd41db50
Event: 18.585 Thread 0x00000217cc2a79a0 Thread added: 0x00000217cd41ce30
Event: 20.230 Thread 0x00000217cc2a79a0 Thread added: 0x00000217cb5366f0
Event: 20.409 Thread 0x00000217cb5366f0 Thread added: 0x00000217cec6fb00
Event: 20.410 Thread 0x00000217cb5366f0 Thread added: 0x00000217cb536d80
Event: 22.211 Thread 0x00000217cc2a5240 Thread added: 0x00000217cb4bfba0
Event: 23.688 Thread 0x00000217cec6fb00 Thread added: 0x00000217cb4bcdb0
Event: 23.689 Thread 0x00000217cec6fb00 Thread added: 0x00000217cb4be160
Event: 23.689 Thread 0x00000217cb4bcdb0 Thread added: 0x00000217cc75b6c0
Event: 23.690 Thread 0x00000217cb4be160 Thread added: 0x00000217cd41d4c0
Event: 23.691 Thread 0x00000217cc75b6c0 Thread added: 0x00000217cc75de20
Event: 23.692 Thread 0x00000217cd41d4c0 Thread added: 0x00000217cdea45a0
Event: 23.692 Thread 0x00000217cc75de20 Thread added: 0x00000217ceba17e0
Event: 23.693 Thread 0x00000217ceba17e0 Thread added: 0x00000217cc75c3e0
Event: 24.360 Thread 0x00000217cb14adc0 Thread exited: 0x00000217cb14adc0
Event: 24.471 Thread 0x00000217cb536d80 Thread added: 0x00000217cd91cfb0
Event: 24.533 Thread 0x00000217cb536d80 Thread added: 0x00000217cec6e0c0
Event: 24.534 Thread 0x00000217cb536d80 Thread added: 0x00000217cec6c680
Event: 24.827 Thread 0x00000217c80d4810 Thread added: 0x00000217cb14adc0


Dynamic libraries:
0x00007ff64e9e0000 - 0x00007ff64e9ea000 	C:\Program Files\Android\Android Studio1\jbr\bin\java.exe
0x00007ffb8dd00000 - 0x00007ffb8df66000 	C:\WINDOWS\SYSTEM32\ntdll.dll
0x00007ffb8c960000 - 0x00007ffb8ca29000 	C:\WINDOWS\System32\KERNEL32.DLL
0x00007ffb8b540000 - 0x00007ffb8b940000 	C:\WINDOWS\System32\KERNELBASE.dll
0x00007ffb8b2b0000 - 0x00007ffb8b3fc000 	C:\WINDOWS\System32\ucrtbase.dll
0x00007ffb6f510000 - 0x00007ffb6f528000 	C:\Program Files\Android\Android Studio1\jbr\bin\jli.dll
0x00007ffb82840000 - 0x00007ffb8285b000 	C:\Program Files\Android\Android Studio1\jbr\bin\VCRUNTIME140.dll
0x00007ffb8bb70000 - 0x00007ffb8bd37000 	C:\WINDOWS\System32\USER32.dll
0x00007ffb8ba00000 - 0x00007ffb8ba27000 	C:\WINDOWS\System32\win32u.dll
0x00007ffb72bd0000 - 0x00007ffb72e62000 	C:\WINDOWS\WinSxS\amd64_microsoft.windows.common-controls_6595b64144ccf1df_6.0.26100.8737_none_3e092eaee333b772\COMCTL32.dll
0x00007ffb8c930000 - 0x00007ffb8c95b000 	C:\WINDOWS\System32\GDI32.dll
0x00007ffb8bac0000 - 0x00007ffb8bb69000 	C:\WINDOWS\System32\msvcrt.dll
0x00007ffb8b410000 - 0x00007ffb8b539000 	C:\WINDOWS\System32\gdi32full.dll
0x00007ffb8b950000 - 0x00007ffb8b9f3000 	C:\WINDOWS\System32\msvcp_win.dll
0x00007ffb8da10000 - 0x00007ffb8da42000 	C:\WINDOWS\System32\IMM32.DLL
0x00007ffb84770000 - 0x00007ffb8477c000 	C:\Program Files\Android\Android Studio1\jbr\bin\vcruntime140_1.dll
0x00007ffb55980000 - 0x00007ffb55a0d000 	C:\Program Files\Android\Android Studio1\jbr\bin\msvcp140.dll
0x00007ffb16130000 - 0x00007ffb16dc6000 	C:\Program Files\Android\Android Studio1\jbr\bin\server\jvm.dll
0x00007ffb8d1b0000 - 0x00007ffb8d267000 	C:\WINDOWS\System32\ADVAPI32.dll
0x00007ffb8ca30000 - 0x00007ffb8cada000 	C:\WINDOWS\System32\sechost.dll
0x00007ffb8c2b0000 - 0x00007ffb8c3c8000 	C:\WINDOWS\System32\RPCRT4.dll
0x00007ffb8da50000 - 0x00007ffb8dad0000 	C:\WINDOWS\System32\WS2_32.dll
0x00007ffb8ad80000 - 0x00007ffb8adde000 	C:\WINDOWS\SYSTEM32\POWRPROF.dll
0x00007ffb79620000 - 0x00007ffb7962b000 	C:\WINDOWS\SYSTEM32\VERSION.dll
0x00007ffb68540000 - 0x00007ffb68576000 	C:\WINDOWS\SYSTEM32\WINMM.dll
0x00007ffb8ad60000 - 0x00007ffb8ad74000 	C:\WINDOWS\SYSTEM32\UMPDC.dll
0x00007ffb89c00000 - 0x00007ffb89c1b000 	C:\WINDOWS\SYSTEM32\kernel.appcore.dll
0x00007ffb7a550000 - 0x00007ffb7a55a000 	C:\Program Files\Android\Android Studio1\jbr\bin\jimage.dll
0x00007ffb85650000 - 0x00007ffb85892000 	C:\WINDOWS\SYSTEM32\DBGHELP.DLL
0x00007ffb8c400000 - 0x00007ffb8c783000 	C:\WINDOWS\System32\combase.dll
0x00007ffb8bd40000 - 0x00007ffb8be19000 	C:\WINDOWS\System32\OLEAUT32.dll
0x00007ffb722a0000 - 0x00007ffb722db000 	C:\WINDOWS\SYSTEM32\dbgcore.DLL
0x00007ffb8af20000 - 0x00007ffb8afcc000 	C:\WINDOWS\System32\bcryptPrimitives.dll
0x00007ffb78ab0000 - 0x00007ffb78abe000 	C:\Program Files\Android\Android Studio1\jbr\bin\instrument.dll
0x00007ffb7a530000 - 0x00007ffb7a550000 	C:\Program Files\Android\Android Studio1\jbr\bin\java.dll
0x00007ffb7a190000 - 0x00007ffb7a1a8000 	C:\Program Files\Android\Android Studio1\jbr\bin\zip.dll
0x00007ffb8d270000 - 0x00007ffb8da02000 	C:\WINDOWS\System32\SHELL32.dll
0x00007ffb889e0000 - 0x00007ffb89272000 	C:\WINDOWS\SYSTEM32\windows.storage.dll
0x00007ffb8cfc0000 - 0x00007ffb8d0b7000 	C:\WINDOWS\System32\SHCORE.dll
0x00007ffb8ba40000 - 0x00007ffb8baa7000 	C:\WINDOWS\System32\shlwapi.dll
0x00007ffb8ae40000 - 0x00007ffb8ae69000 	C:\WINDOWS\SYSTEM32\profapi.dll
0x00007ffb789e0000 - 0x00007ffb789f0000 	C:\Program Files\Android\Android Studio1\jbr\bin\net.dll
0x00007ffb7ea20000 - 0x00007ffb7eb49000 	C:\WINDOWS\SYSTEM32\WINHTTP.dll
0x00007ffb8a1b0000 - 0x00007ffb8a21c000 	C:\WINDOWS\system32\mswsock.dll
0x00007ffb77a60000 - 0x00007ffb77a76000 	C:\Program Files\Android\Android Studio1\jbr\bin\nio.dll
0x00007ffb769a0000 - 0x00007ffb769b0000 	C:\Program Files\Android\Android Studio1\jbr\bin\verify.dll
0x00007ffb755c0000 - 0x00007ffb755e7000 	C:\Users\nickine chrise.j\.gradle\native\1def1411415f61bf3af743bc5b6707747c0891f09f0c88961ee8f79bc544acac\windows-amd64\native-platform.dll
0x00007ffb63860000 - 0x00007ffb638d8000 	C:\Users\nickine chrise.j\.gradle\native\0.2.7\x86_64-windows-gnu\gradle-fileevents.dll
0x00007ffb76a30000 - 0x00007ffb76a39000 	C:\Program Files\Android\Android Studio1\jbr\bin\management.dll
0x00007ffb76a20000 - 0x00007ffb76a2b000 	C:\Program Files\Android\Android Studio1\jbr\bin\management_ext.dll
0x00007ffb8ba30000 - 0x00007ffb8ba38000 	C:\WINDOWS\System32\PSAPI.DLL
0x00007ffb895d0000 - 0x00007ffb89603000 	C:\WINDOWS\SYSTEM32\IPHLPAPI.DLL
0x00007ffb8bab0000 - 0x00007ffb8baba000 	C:\WINDOWS\System32\NSI.dll
0x00007ffb78990000 - 0x00007ffb78999000 	C:\Program Files\Android\Android Studio1\jbr\bin\extnet.dll
0x00007ffb8a4d0000 - 0x00007ffb8a4eb000 	C:\WINDOWS\SYSTEM32\CRYPTSP.dll
0x00007ffb89b60000 - 0x00007ffb89b99000 	C:\WINDOWS\system32\rsaenh.dll
0x00007ffb8a270000 - 0x00007ffb8a2a2000 	C:\WINDOWS\SYSTEM32\USERENV.dll
0x00007ffb8ae10000 - 0x00007ffb8ae3a000 	C:\WINDOWS\SYSTEM32\bcrypt.dll
0x00007ffb8a4b0000 - 0x00007ffb8a4bc000 	C:\WINDOWS\SYSTEM32\CRYPTBASE.dll
0x00007ffb6c760000 - 0x00007ffb6c768000 	C:\WINDOWS\system32\wshunix.dll

JVMTI agents:
C:\Users\nickine chrise.j\.gradle\wrapper\dists\gradle-8.13-bin\5xuhj0ry160q40clulazy9h7d\gradle-8.13\lib\agents\gradle-instrumentation-agent-8.13.jar path:C:\Program Files\Android\Android Studio1\jbr\bin\instrument.dll, loaded, initialized, instrumentlib options:none

dbghelp: loaded successfully - version: 4.0.5 - missing functions: none
symbol engine: initialized successfully - sym options: 0x614 - pdb path: .;C:\Program Files\Android\Android Studio1\jbr\bin;C:\WINDOWS\SYSTEM32;C:\WINDOWS\WinSxS\amd64_microsoft.windows.common-controls_6595b64144ccf1df_6.0.26100.8737_none_3e092eaee333b772;C:\Program Files\Android\Android Studio1\jbr\bin\server;C:\Users\nickine chrise.j\.gradle\native\1def1411415f61bf3af743bc5b6707747c0891f09f0c88961ee8f79bc544acac\windows-amd64;C:\Users\nickine chrise.j\.gradle\native\0.2.7\x86_64-windows-gnu

VM Arguments:
jvm_args: --add-opens=java.base/java.lang=ALL-UNNAMED --add-opens=java.base/java.lang.invoke=ALL-UNNAMED --add-opens=java.base/java.util=ALL-UNNAMED --add-opens=java.prefs/java.util.prefs=ALL-UNNAMED --add-exports=jdk.compiler/com.sun.tools.javac.api=ALL-UNNAMED --add-exports=jdk.compiler/com.sun.tools.javac.util=ALL-UNNAMED --add-opens=java.base/java.util=ALL-UNNAMED --add-opens=java.prefs/java.util.prefs=ALL-UNNAMED --add-opens=java.base/java.nio.charset=ALL-UNNAMED --add-opens=java.base/java.net=ALL-UNNAMED --add-opens=java.base/java.util.concurrent.atomic=ALL-UNNAMED --add-opens=java.xml/javax.xml.namespace=ALL-UNNAMED -Xmx2048m -Dfile.encoding=UTF-8 -Duser.country=IN -Duser.language=en -Duser.variant -javaagent:C:\Users\nickine chrise.j\.gradle\wrapper\dists\gradle-8.13-bin\5xuhj0ry160q40clulazy9h7d\gradle-8.13\lib\agents\gradle-instrumentation-agent-8.13.jar 
java_command: org.gradle.launcher.daemon.bootstrap.GradleDaemon 8.13
java_class_path (initial): C:\Users\nickine chrise.j\.gradle\wrapper\dists\gradle-8.13-bin\5xuhj0ry160q40clulazy9h7d\gradle-8.13\lib\gradle-daemon-main-8.13.jar
Launcher Type: SUN_STANDARD

[Global flags]
     intx CICompilerCount                          = 4                                         {product} {ergonomic}
     uint ConcGCThreads                            = 2                                         {product} {ergonomic}
     uint G1ConcRefinementThreads                  = 8                                         {product} {ergonomic}
   size_t G1HeapRegionSize                         = 1048576                                   {product} {ergonomic}
    uintx GCDrainStackTargetSize                   = 64                                        {product} {ergonomic}
   size_t InitialHeapSize                          = 132120576                                 {product} {ergonomic}
   size_t MarkStackSize                            = 4194304                                   {product} {ergonomic}
   size_t MaxHeapSize                              = 2147483648                                {product} {command line}
   size_t MaxNewSize                               = 1287651328                                {product} {ergonomic}
   size_t MinHeapDeltaBytes                        = 1048576                                   {product} {ergonomic}
   size_t MinHeapSize                              = 8388608                                   {product} {ergonomic}
    uintx NonNMethodCodeHeapSize                   = 5839372                                {pd product} {ergonomic}
    uintx NonProfiledCodeHeapSize                  = 122909434                              {pd product} {ergonomic}
    uintx ProfiledCodeHeapSize                     = 122909434                              {pd product} {ergonomic}
    uintx ReservedCodeCacheSize                    = 251658240                              {pd product} {ergonomic}
     bool SegmentedCodeCache                       = true                                      {product} {ergonomic}
   size_t SoftMaxHeapSize                          = 2147483648                             {manageable} {ergonomic}
     bool UseCompressedOops                        = true                           {product lp64_product} {ergonomic}
     bool UseG1GC                                  = true                                      {product} {ergonomic}
     bool UseLargePagesIndividualAllocation        = false                                  {pd product} {ergonomic}

Logging:
Log output configuration:
 #0: stdout all=warning uptime,level,tags foldmultilines=false
 #1: stderr all=off uptime,level,tags foldmultilines=false

Release file:
JAVA_VERSION="21.0.10" 
MODULES="java.base java.compiler java.datatransfer java.xml java.prefs java.desktop java.instrument java.logging java.management java.security.sasl java.naming java.rmi java.management.rmi java.net.http java.scripting java.security.jgss java.transaction.xa java.sql java.sql.rowset java.xml.crypto java.se java.smartcardio jdk.accessibility jdk.internal.jvmstat jdk.attach jdk.charsets jdk.internal.opt jdk.zipfs jdk.compiler jdk.crypto.ec jdk.crypto.cryptoki jdk.dynalink jdk.hotspot.agent jdk.httpserver jdk.internal.ed jdk.internal.le jdk.internal.vm.ci jdk.jartool jdk.javadoc jdk.jcmd jdk.jdeps jdk.jdwp.agent jdk.jdi jdk.jfr jdk.jlink jdk.jsobject jdk.localedata jdk.management jdk.management.agent jdk.management.jfr jdk.naming.dns jdk.naming.rmi jdk.net jdk.sctp jdk.security.auth jdk.security.jgss jdk.unsupported jdk.unsupported.desktop jdk.xml.dom" 
IMPLEMENTOR="JetBrains s.r.o." 
JAVA_RUNTIME_VERSION="21.0.10+-14961533-b1163.108" 
LIBC="default" 
OS_ARCH="x86_64" 
OS_NAME="Windows" 
SOURCE=".:git:1351622c2ff2" 

Environment Variables:
PATH=C:\Program Files\Common Files\Oracle\Java\javapath;C:\WINDOWS\system32;C:\WINDOWS;C:\WINDOWS\System32\Wbem;C:\WINDOWS\System32\WindowsPowerShell\v1.0\;C:\WINDOWS\System32\OpenSSH\;C:\MinGW\bin;C:\Program Files\nodejs\;C:\Users\nickine chrise.j\AppData\Local\Programs\Python\Python311\Scripts\;C:\Users\nickine chrise.j\AppData\Local\Programs\Python\Python311\;C:\Users\nickine chrise.j\AppData\Local\Programs\Python\Python313\Scripts\;C:\Users\nickine chrise.j\AppData\Local\Programs\Python\Python313\;C:\Users\nickine chrise.j\AppData\Local\Programs\Python\Python312\Scripts\;C:\Users\nickine chrise.j\AppData\Local\Programs\Python\Python312\;C:\Users\nickine chrise.j\AppData\Local\Programs\Python\Launcher\;C:\Users\nickine chrise.j\AppData\Local\Microsoft\WindowsApps;C:\Users\nickine chrise.j\AppData\Local\Programs\Microsoft VS Code\bin;C:\Users\nickine chrise.j\Downloads\flutter_windows_3.32.7-stable\flutter\bin;C:\Program Files\IntelliJ IDEA Community Edition 2025.2.5\bin;C:\Users\nickine chrise.j\AppData\Roaming\npm
USERNAME=nickine chrise.j
OS=Windows_NT
PROCESSOR_IDENTIFIER=Intel64 Family 6 Model 142 Stepping 12, GenuineIntel
TMP=C:\Users\NICKIN~1.J\AppData\Local\Temp
TEMP=C:\Users\NICKIN~1.J\AppData\Local\Temp




Periodic native trim disabled

JNI global refs:
JNI global refs: 29, weak refs: 86

JNI global refs memory usage: 835, weak refs: 1465

Process memory usage:
Resident Set Size: 651948K (7% of 8215284K total physical memory with 519528K free physical memory)

OOME stack traces (most recent first):
Classloader memory used:
