#
# There is insufficient memory for the Java Runtime Environment to continue.
# Native memory allocation (mmap) failed to map 60817408 bytes. Error detail: G1 virtual space
# Possible reasons:
#   The system is out of physical RAM or swap space
#   This process is running with CompressedOops enabled, and the Java Heap may be blocking the growth of the native heap
# Possible solutions:
#   Reduce memory load on the system
#   Increase physical memory or swap space
#   Check if swap backing store is full
#   Decrease Java heap size (-Xmx/-Xms)
#   Decrease number of Java threads
#   Decrease Java thread stack sizes (-Xss)
#   Set larger code cache with -XX:ReservedCodeCacheSize=
#   JVM is running with Unscaled Compressed Oops mode in which the Java heap is
#     placed in the first 4GB address space. The Java Heap base address is the
#     maximum limit for the native heap growth. Please use -XX:HeapBaseMinAddress
#     to set the Java Heap base and to place the Java Heap above 4GB virtual address.
# This output file may be truncated or incomplete.
#
#  Out of Memory Error (os_windows.cpp:3926), pid=19980, tid=4624
#
# JRE version: OpenJDK Runtime Environment (21.0.10) (build 21.0.10+-14961533-b1163.108)
# Java VM: OpenJDK 64-Bit Server VM (21.0.10+-14961533-b1163.108, mixed mode, tiered, compressed oops, compressed class ptrs, g1 gc, windows-amd64)
# No core dump will be written. Minidumps are not enabled by default on client versions of Windows
#

---------------  S U M M A R Y ------------

Command Line: --add-opens=java.base/java.lang=ALL-UNNAMED --add-opens=java.base/java.lang.invoke=ALL-UNNAMED --add-opens=java.base/java.util=ALL-UNNAMED --add-opens=java.prefs/java.util.prefs=ALL-UNNAMED --add-exports=jdk.compiler/com.sun.tools.javac.api=ALL-UNNAMED --add-exports=jdk.compiler/com.sun.tools.javac.util=ALL-UNNAMED --add-opens=java.base/java.util=ALL-UNNAMED --add-opens=java.prefs/java.util.prefs=ALL-UNNAMED --add-opens=java.base/java.nio.charset=ALL-UNNAMED --add-opens=java.base/java.net=ALL-UNNAMED --add-opens=java.base/java.util.concurrent.atomic=ALL-UNNAMED --add-opens=java.xml/javax.xml.namespace=ALL-UNNAMED -Xmx2048m -Dfile.encoding=UTF-8 -Duser.country=IN -Duser.language=en -Duser.variant -javaagent:C:\Users\nickine chrise.j\.gradle\wrapper\dists\gradle-8.13-bin\5xuhj0ry160q40clulazy9h7d\gradle-8.13\lib\agents\gradle-instrumentation-agent-8.13.jar org.gradle.launcher.daemon.bootstrap.GradleDaemon 8.13

Host: Intel(R) Core(TM) i5-10210U CPU @ 1.60GHz, 8 cores, 7G,  Windows 11 , 64 bit Build 26100 (10.0.26100.8737)
Time: Sat Jul 25 21:52:28 2026 India Standard Time elapsed time: 8521.323717 seconds (0d 2h 22m 1s)

---------------  T H R E A D  ---------------

Current thread (0x000001b6bc9fb470):  VMThread "VM Thread"          [id=4624, stack(0x000000357d900000,0x000000357da00000) (1024K)]

Stack: [0x000000357d900000,0x000000357da00000]
Native frames: (J=compiled Java code, j=interpreted, Vv=VM code, C=native code)
V  [jvm.dll+0x6d78a9]
V  [jvm.dll+0x8665b3]
V  [jvm.dll+0x868bde]
V  [jvm.dll+0x8692c3]
V  [jvm.dll+0x280ee6]
V  [jvm.dll+0x6d4165]
V  [jvm.dll+0x6c77fa]
V  [jvm.dll+0x358f4b]
V  [jvm.dll+0x360bc6]
V  [jvm.dll+0x3b2ea6]
V  [jvm.dll+0x3b3178]
V  [jvm.dll+0x32b65c]
V  [jvm.dll+0x32e066]
V  [jvm.dll+0x337f3d]
V  [jvm.dll+0x36f6a5]
V  [jvm.dll+0x86f048]
V  [jvm.dll+0x870394]
V  [jvm.dll+0x8708d0]
V  [jvm.dll+0x870b63]
V  [jvm.dll+0x80fd28]
V  [jvm.dll+0x6d60fd]
C  [ucrtbase.dll+0x2cd30]
C  [KERNEL32.DLL+0x2e957]
C  [ntdll.dll+0xaad6c]

VM_Operation (0x000000357d4ff3a0): G1PauseRemark, mode: safepoint, requested by thread 0x000001b6a5205a70


---------------  P R O C E S S  ---------------

Threads class SMR info:
_java_thread_list=0x000001b6d8c8fd10, length=157, elements={
0x000001b6a519a5a0, 0x000001b6bca42e80, 0x000001b6bca467f0, 0x000001b6bca613d0,
0x000001b6bca73b80, 0x000001b6bca745e0, 0x000001b6bca75040, 0x000001b6bca63290,
0x000001b6bca67910, 0x000001b6bca76c10, 0x000001b6bcd04ea0, 0x000001b6c1ecf120,
0x000001b6c1fd7000, 0x000001b6c25b5370, 0x000001b6c38c6ce0, 0x000001b6c38c6650,
0x000001b6c38c52a0, 0x000001b6c14af180, 0x000001b6c14af810, 0x000001b6c14afea0,
0x000001b6c14b0530, 0x000001b6c14b0bc0, 0x000001b6c14b1250, 0x000001b6c14b18e0,
0x000001b6c14b1f70, 0x000001b6c14aeaf0, 0x000001b6c3b61ce0, 0x000001b6c3b62a00,
0x000001b6ceb8ab40, 0x000001b6d0dd7da0, 0x000001b6d0dd69f0, 0x000001b6d7f18450,
0x000001b6d7f12870, 0x000001b6d7f12f00, 0x000001b6d7f121e0, 0x000001b6d7f13590,
0x000001b6d7f114c0, 0x000001b6d7f13c20, 0x000001b6d7f11b50, 0x000001b6d7f142b0,
0x000001b6d7f10e30, 0x000001b6d7f170a0, 0x000001b6d7f16380, 0x000001b6d7f16a10,
0x000001b6d7f14940, 0x000001b6d7f15660, 0x000001b6d7f15cf0, 0x000001b6d1d21f70,
0x000001b6d7f17730, 0x000001b6d7f14fd0, 0x000001b6d7f19170, 0x000001b6d7f19800,
0x000001b6d7f17dc0, 0x000001b6d7f1abb0, 0x000001b6d7f1c5f0, 0x000001b6d7f1cc80,
0x000001b6d7f1b240, 0x000001b6d7f1a520, 0x000001b6d7f1b8d0, 0x000001b6d7f1bf60,
0x000001b6d7f1d310, 0x000001b6d7f19e90, 0x000001b6d7f1fa70, 0x000001b6d7f20e20,
0x000001b6d7f1d9a0, 0x000001b6d7f1f3e0, 0x000001b6d7f20100, 0x000001b6d7f20790,
0x000001b6d7f214b0, 0x000001b6d7f1e030, 0x000001b6d7f21b40, 0x000001b6d7f1e6c0,
0x000001b6d7f221d0, 0x000001b6d7f1ed50, 0x000001b6d7f24fc0, 0x000001b6d7f24930,
0x000001b6d7f23580, 0x000001b6d0dd97e0, 0x000001b6d0ddb8b0, 0x000001b6d0dd9150,
0x000001b6d0ddd2f0, 0x000001b6d0ddbf40, 0x000001b6d0dd8ac0, 0x000001b6d0dda500,
0x000001b6d0ddcc60, 0x000001b6d0dd9e70, 0x000001b6d0ddd980, 0x000001b6d0dde010,
0x000001b6d0ddab90, 0x000001b6d0ddfa50, 0x000001b6d0de0770, 0x000001b6d0de00e0,
0x000001b6d0de0e00, 0x000001b6d0ddf3c0, 0x000001b6d0de1490, 0x000001b6d0de1b20,
0x000001b6d0de21b0, 0x000001b6d0dded30, 0x000001b6d0de2840, 0x000001b6d0de2ed0,
0x000001b6d0de3560, 0x000001b6ce88c2a0, 0x000001b6ce88dce0, 0x000001b6ce88bc10,
0x000001b6ce88f720, 0x000001b6ce88d650, 0x000001b6ce88fdb0, 0x000001b6ce88cfc0,
0x000001b6ce88ea00, 0x000001b6ce890ad0, 0x000001b6ce891160, 0x000001b6ce8917f0,
0x000001b6ce88e370, 0x000001b6ce892510, 0x000001b6ce891e80, 0x000001b6ce88f090,
0x000001b6ce890440, 0x000001b6ce8966b0, 0x000001b6ce896020, 0x000001b6ce893230,
0x000001b6ce8938c0, 0x000001b6ce8973d0, 0x000001b6ce893f50, 0x000001b6ce897a60,
0x000001b6ce8945e0, 0x000001b6ce8980f0, 0x000001b6ce894c70, 0x000001b6ce8994a0,
0x000001b6ce898e10, 0x000001b6ce89aee0, 0x000001b6ce899b30, 0x000001b6ce89a1c0,
0x000001b6ce89a850, 0x000001b6d7f25650, 0x000001b6d7f22860, 0x000001b6d7f242a0,
0x000001b6d7f25ce0, 0x000001b6d7f26370, 0x000001b6d7f22ef0, 0x000001b6d7f27090,
0x000001b6d7f29160, 0x000001b6d7f27720, 0x000001b6d7f29e80, 0x000001b6d7f27db0,
0x000001b6d7f28440, 0x000001b6d7f28ad0, 0x000001b6d8124530, 0x000001b6d8123ea0,
0x000001b6d8125250, 0x000001b6d9fe8770, 0x000001b6d7f2b230, 0x000001b6d78a25d0,
0x000001b6d8124bc0, 0x000001b6d9f6be00, 0x000001b6c42c7df0, 0x000001b6d87911d0,
0x000001b6d878dd50
}

Java Threads: ( => current thread )
  0x000001b6a519a5a0 JavaThread "main"                              [_thread_blocked, id=20384, stack(0x000000357d200000,0x000000357d300000) (1024K)]
  0x000001b6bca42e80 JavaThread "Common-Cleaner"             daemon [_thread_blocked, id=11400, stack(0x000000357da00000,0x000000357db00000) (1024K)]
  0x000001b6bca467f0 JavaThread "Reference Handler"          daemon [_thread_blocked, id=29428, stack(0x000000357db00000,0x000000357dc00000) (1024K)]
  0x000001b6bca613d0 JavaThread "Finalizer"                  daemon [_thread_blocked, id=24140, stack(0x000000357dc00000,0x000000357dd00000) (1024K)]
  0x000001b6bca73b80 JavaThread "Signal Dispatcher"          daemon [_thread_blocked, id=31440, stack(0x000000357dd00000,0x000000357de00000) (1024K)]
  0x000001b6bca745e0 JavaThread "Attach Listener"            daemon [_thread_blocked, id=20216, stack(0x000000357de00000,0x000000357df00000) (1024K)]
  0x000001b6bca75040 JavaThread "Service Thread"             daemon [_thread_blocked, id=31216, stack(0x000000357df00000,0x000000357e000000) (1024K)]
  0x000001b6bca63290 JavaThread "Monitor Deflation Thread"   daemon [_thread_blocked, id=17752, stack(0x000000357e000000,0x000000357e100000) (1024K)]
  0x000001b6bca67910 JavaThread "C2 CompilerThread0"         daemon [_thread_blocked, id=18328, stack(0x000000357e100000,0x000000357e200000) (1024K)]
  0x000001b6bca76c10 JavaThread "C1 CompilerThread0"         daemon [_thread_blocked, id=10012, stack(0x000000357e200000,0x000000357e300000) (1024K)]
  0x000001b6bcd04ea0 JavaThread "Notification Thread"        daemon [_thread_blocked, id=12632, stack(0x000000357e300000,0x000000357e400000) (1024K)]
  0x000001b6c1ecf120 JavaThread "Daemon health stats"               [_thread_blocked, id=18440, stack(0x000000357e800000,0x000000357e900000) (1024K)]
  0x000001b6c1fd7000 JavaThread "Incoming local TCP Connector on port 60486"        [_thread_in_native, id=27144, stack(0x000000357e900000,0x000000357ea00000) (1024K)]
  0x000001b6c25b5370 JavaThread "Daemon periodic checks"            [_thread_blocked, id=12584, stack(0x000000357ea00000,0x000000357eb00000) (1024K)]
  0x000001b6c38c6ce0 JavaThread "Cache worker for journal cache (C:\Users\nickine chrise.j\.gradle\caches\journal-1)"        [_thread_blocked, id=17984, stack(0x000000357f600000,0x000000357f700000) (1024K)]
  0x000001b6c38c6650 JavaThread "File lock request listener"        [_thread_in_native, id=26072, stack(0x000000357f700000,0x000000357f800000) (1024K)]
  0x000001b6c38c52a0 JavaThread "Cache worker for file hash cache (C:\Users\nickine chrise.j\.gradle\caches\8.13\fileHashes)"        [_thread_blocked, id=19880, stack(0x000000357f800000,0x000000357f900000) (1024K)]
  0x000001b6c14af180 JavaThread "File watcher server"        daemon [_thread_blocked, id=18612, stack(0x000000357fb00000,0x000000357fc00000) (1024K)]
  0x000001b6c14af810 JavaThread "File watcher consumer"      daemon [_thread_blocked, id=25276, stack(0x000000357fc00000,0x000000357fd00000) (1024K)]
  0x000001b6c14afea0 JavaThread "jar transforms"                    [_thread_blocked, id=16492, stack(0x000000357fd00000,0x000000357fe00000) (1024K)]
  0x000001b6c14b0530 JavaThread "jar transforms Thread 2"           [_thread_blocked, id=25232, stack(0x000000357fe00000,0x000000357ff00000) (1024K)]
  0x000001b6c14b0bc0 JavaThread "jar transforms Thread 3"           [_thread_blocked, id=1968, stack(0x000000357ff00000,0x0000003580000000) (1024K)]
  0x000001b6c14b1250 JavaThread "jar transforms Thread 4"           [_thread_blocked, id=13116, stack(0x0000003500000000,0x0000003500100000) (1024K)]
  0x000001b6c14b18e0 JavaThread "jar transforms Thread 5"           [_thread_blocked, id=27932, stack(0x0000003500100000,0x0000003500200000) (1024K)]
  0x000001b6c14b1f70 JavaThread "jar transforms Thread 6"           [_thread_blocked, id=25168, stack(0x0000003500200000,0x0000003500300000) (1024K)]
  0x000001b6c14aeaf0 JavaThread "jar transforms Thread 7"           [_thread_blocked, id=12788, stack(0x0000003500300000,0x0000003500400000) (1024K)]
  0x000001b6c3b61ce0 JavaThread "jar transforms Thread 8"           [_thread_blocked, id=29020, stack(0x0000003500400000,0x0000003500500000) (1024K)]
  0x000001b6c3b62a00 JavaThread "Cache worker for file content cache (C:\Users\nickine chrise.j\.gradle\caches\8.13\fileContent)"        [_thread_blocked, id=28392, stack(0x0000003500600000,0x0000003500700000) (1024K)]
  0x000001b6ceb8ab40 JavaThread "Memory manager"                    [_thread_blocked, id=12124, stack(0x0000003503400000,0x0000003503500000) (1024K)]
  0x000001b6d0dd7da0 JavaThread "Daemon Thread 5"                   [_thread_blocked, id=1436, stack(0x0000003500500000,0x0000003500600000) (1024K)]
  0x000001b6d0dd69f0 JavaThread "Daemon worker Thread 5"            [_thread_blocked, id=12476, stack(0x0000003500900000,0x0000003500a00000) (1024K)]
  0x000001b6d7f18450 JavaThread "included builds"                   [_thread_blocked, id=16408, stack(0x0000003503600000,0x0000003503700000) (1024K)]
  0x000001b6d7f12870 JavaThread "VFS cleanup Thread 5"              [_thread_blocked, id=31696, stack(0x0000003500a00000,0x0000003500b00000) (1024K)]
  0x000001b6d7f12f00 JavaThread "Handler for socket connection from /127.0.0.1:60486 to /127.0.0.1:56588"        [_thread_in_native, id=24860, stack(0x0000003500700000,0x0000003500800000) (1024K)]
  0x000001b6d7f121e0 JavaThread "Cancel handler"                    [_thread_blocked, id=15084, stack(0x0000003500800000,0x0000003500900000) (1024K)]
  0x000001b6d7f13590 JavaThread "Asynchronous log dispatcher for DefaultDaemonConnection: socket connection from /127.0.0.1:60486 to /127.0.0.1:56588"        [_thread_blocked, id=25428, stack(0x0000003500b00000,0x0000003500c00000) (1024K)]
  0x000001b6d7f114c0 JavaThread "Stdin handler"                     [_thread_blocked, id=14864, stack(0x0000003500c00000,0x0000003500d00000) (1024K)]
  0x000001b6d7f13c20 JavaThread "Daemon client event forwarder"        [_thread_blocked, id=25580, stack(0x0000003500d00000,0x0000003500e00000) (1024K)]
  0x000001b6d7f11b50 JavaThread "Cache worker for file hash cache (C:\Users\nickine chrise.j\AndroidStudioProjects\AngelGuard\.gradle\8.13\fileHashes)"        [_thread_blocked, id=12256, stack(0x0000003500e00000,0x0000003500f00000) (1024K)]
  0x000001b6d7f142b0 JavaThread "Cache worker for checksums cache (C:\Users\nickine chrise.j\AndroidStudioProjects\AngelGuard\.gradle\8.13\checksums)"        [_thread_blocked, id=22824, stack(0x0000003500f00000,0x0000003501000000) (1024K)]
  0x000001b6d7f10e30 JavaThread "Cache worker for Build Output Cleanup Cache (C:\Users\nickine chrise.j\AndroidStudioProjects\AngelGuard\.gradle\buildOutputCleanup)"        [_thread_blocked, id=29004, stack(0x0000003501000000,0x0000003501100000) (1024K)]
  0x000001b6d7f170a0 JavaThread "Cache worker for cache directory md-supplier (C:\Users\nickine chrise.j\.gradle\caches\8.13\md-supplier)"        [_thread_blocked, id=14296, stack(0x0000003501100000,0x0000003501200000) (1024K)]
  0x000001b6d7f16380 JavaThread "Cache worker for cache directory md-rule (C:\Users\nickine chrise.j\.gradle\caches\8.13\md-rule)"        [_thread_blocked, id=14596, stack(0x0000003501200000,0x0000003501300000) (1024K)]
  0x000001b6d7f16a10 JavaThread "Unconstrained build operations"        [_thread_blocked, id=25304, stack(0x0000003501300000,0x0000003501400000) (1024K)]
  0x000001b6d7f14940 JavaThread "Unconstrained build operations Thread 2"        [_thread_blocked, id=20332, stack(0x0000003501400000,0x0000003501500000) (1024K)]
  0x000001b6d7f15660 JavaThread "Unconstrained build operations Thread 3"        [_thread_blocked, id=28988, stack(0x0000003501500000,0x0000003501600000) (1024K)]
  0x000001b6d7f15cf0 JavaThread "Unconstrained build operations Thread 4"        [_thread_blocked, id=20288, stack(0x0000003501600000,0x0000003501700000) (1024K)]
  0x000001b6d1d21f70 JavaThread "C2 CompilerThread1"         daemon [_thread_blocked, id=3952, stack(0x0000003501700000,0x0000003501800000) (1024K)]
  0x000001b6d7f17730 JavaThread "Unconstrained build operations Thread 5"        [_thread_blocked, id=12020, stack(0x0000003501800000,0x0000003501900000) (1024K)]
  0x000001b6d7f14fd0 JavaThread "Unconstrained build operations Thread 6"        [_thread_blocked, id=16600, stack(0x0000003501900000,0x0000003501a00000) (1024K)]
  0x000001b6d7f19170 JavaThread "Unconstrained build operations Thread 7"        [_thread_blocked, id=16616, stack(0x0000003501a00000,0x0000003501b00000) (1024K)]
  0x000001b6d7f19800 JavaThread "Unconstrained build operations Thread 8"        [_thread_blocked, id=26988, stack(0x0000003501b00000,0x0000003501c00000) (1024K)]
  0x000001b6d7f17dc0 JavaThread "Unconstrained build operations Thread 9"        [_thread_blocked, id=19384, stack(0x0000003501c00000,0x0000003501d00000) (1024K)]
  0x000001b6d7f1abb0 JavaThread "Unconstrained build operations Thread 10"        [_thread_blocked, id=17732, stack(0x0000003501d00000,0x0000003501e00000) (1024K)]
  0x000001b6d7f1c5f0 JavaThread "Unconstrained build operations Thread 11"        [_thread_blocked, id=28224, stack(0x0000003501e00000,0x0000003501f00000) (1024K)]
  0x000001b6d7f1cc80 JavaThread "Unconstrained build operations Thread 12"        [_thread_blocked, id=23204, stack(0x0000003501f00000,0x0000003502000000) (1024K)]
  0x000001b6d7f1b240 JavaThread "Unconstrained build operations Thread 13"        [_thread_blocked, id=22104, stack(0x0000003502000000,0x0000003502100000) (1024K)]
  0x000001b6d7f1a520 JavaThread "Unconstrained build operations Thread 14"        [_thread_blocked, id=18908, stack(0x0000003502100000,0x0000003502200000) (1024K)]
  0x000001b6d7f1b8d0 JavaThread "Unconstrained build operations Thread 15"        [_thread_blocked, id=15988, stack(0x0000003502200000,0x0000003502300000) (1024K)]
  0x000001b6d7f1bf60 JavaThread "Unconstrained build operations Thread 16"        [_thread_blocked, id=17964, stack(0x0000003502300000,0x0000003502400000) (1024K)]
  0x000001b6d7f1d310 JavaThread "Configuration cache report writer"        [_thread_blocked, id=22060, stack(0x0000003502400000,0x0000003502500000) (1024K)]
  0x000001b6d7f19e90 JavaThread "Unconstrained build operations Thread 17"        [_thread_blocked, id=20860, stack(0x0000003502500000,0x0000003502600000) (1024K)]
  0x000001b6d7f1fa70 JavaThread "Unconstrained build operations Thread 18"        [_thread_blocked, id=6120, stack(0x0000003502600000,0x0000003502700000) (1024K)]
  0x000001b6d7f20e20 JavaThread "Unconstrained build operations Thread 19"        [_thread_blocked, id=30644, stack(0x0000003502700000,0x0000003502800000) (1024K)]
  0x000001b6d7f1d9a0 JavaThread "Unconstrained build operations Thread 20"        [_thread_blocked, id=27948, stack(0x0000003502800000,0x0000003502900000) (1024K)]
  0x000001b6d7f1f3e0 JavaThread "Unconstrained build operations Thread 21"        [_thread_blocked, id=22152, stack(0x0000003502900000,0x0000003502a00000) (1024K)]
  0x000001b6d7f20100 JavaThread "Unconstrained build operations Thread 22"        [_thread_blocked, id=380, stack(0x0000003502a00000,0x0000003502b00000) (1024K)]
  0x000001b6d7f20790 JavaThread "Unconstrained build operations Thread 23"        [_thread_blocked, id=30064, stack(0x0000003502b00000,0x0000003502c00000) (1024K)]
  0x000001b6d7f214b0 JavaThread "Unconstrained build operations Thread 24"        [_thread_blocked, id=29236, stack(0x0000003502c00000,0x0000003502d00000) (1024K)]
  0x000001b6d7f1e030 JavaThread "Unconstrained build operations Thread 25"        [_thread_blocked, id=18992, stack(0x0000003502d00000,0x0000003502e00000) (1024K)]
  0x000001b6d7f21b40 JavaThread "Unconstrained build operations Thread 26"        [_thread_blocked, id=13408, stack(0x0000003502e00000,0x0000003502f00000) (1024K)]
  0x000001b6d7f1e6c0 JavaThread "Unconstrained build operations Thread 27"        [_thread_blocked, id=26656, stack(0x0000003502f00000,0x0000003503000000) (1024K)]
  0x000001b6d7f221d0 JavaThread "Unconstrained build operations Thread 28"        [_thread_blocked, id=16644, stack(0x0000003503000000,0x0000003503100000) (1024K)]
  0x000001b6d7f1ed50 JavaThread "Unconstrained build operations Thread 29"        [_thread_blocked, id=15752, stack(0x0000003503100000,0x0000003503200000) (1024K)]
  0x000001b6d7f24fc0 JavaThread "Unconstrained build operations Thread 30"        [_thread_blocked, id=21108, stack(0x0000003503200000,0x0000003503300000) (1024K)]
  0x000001b6d7f24930 JavaThread "build event listener"              [_thread_blocked, id=31616, stack(0x0000003503300000,0x0000003503400000) (1024K)]
  0x000001b6d7f23580 JavaThread "Problems report writer"            [_thread_blocked, id=14228, stack(0x0000003503500000,0x0000003503600000) (1024K)]
  0x000001b6d0dd97e0 JavaThread "Build operations"                  [_thread_blocked, id=30508, stack(0x0000003503700000,0x0000003503800000) (1024K)]
  0x000001b6d0ddb8b0 JavaThread "Unconstrained build operations Thread 31"        [_thread_blocked, id=5084, stack(0x0000003503800000,0x0000003503900000) (1024K)]
  0x000001b6d0dd9150 JavaThread "Unconstrained build operations Thread 32"        [_thread_blocked, id=13428, stack(0x0000003503900000,0x0000003503a00000) (1024K)]
  0x000001b6d0ddd2f0 JavaThread "Build operations Thread 2"         [_thread_blocked, id=8728, stack(0x0000003503b00000,0x0000003503c00000) (1024K)]
  0x000001b6d0ddbf40 JavaThread "included builds"                   [_thread_blocked, id=21340, stack(0x0000003503a00000,0x0000003503b00000) (1024K)]
  0x000001b6d0dd8ac0 JavaThread "Execution worker"                  [_thread_blocked, id=27768, stack(0x0000003503c00000,0x0000003503d00000) (1024K)]
  0x000001b6d0dda500 JavaThread "Execution worker Thread 2"         [_thread_blocked, id=16388, stack(0x0000003503d00000,0x0000003503e00000) (1024K)]
  0x000001b6d0ddcc60 JavaThread "Execution worker Thread 3"         [_thread_blocked, id=27788, stack(0x0000003503e00000,0x0000003503f00000) (1024K)]
  0x000001b6d0dd9e70 JavaThread "Execution worker Thread 4"         [_thread_blocked, id=17228, stack(0x0000003503f00000,0x0000003504000000) (1024K)]
  0x000001b6d0ddd980 JavaThread "Execution worker Thread 5"         [_thread_blocked, id=31456, stack(0x0000003504000000,0x0000003504100000) (1024K)]
  0x000001b6d0dde010 JavaThread "Execution worker Thread 6"         [_thread_blocked, id=29700, stack(0x0000003504100000,0x0000003504200000) (1024K)]
  0x000001b6d0ddab90 JavaThread "Execution worker Thread 7"         [_thread_blocked, id=21412, stack(0x0000003504200000,0x0000003504300000) (1024K)]
  0x000001b6d0ddfa50 JavaThread "Cache worker for execution history cache (C:\Users\nickine chrise.j\AndroidStudioProjects\AngelGuard\.gradle\8.13\executionHistory)"        [_thread_blocked, id=9484, stack(0x0000003504300000,0x0000003504400000) (1024K)]
  0x000001b6d0de0770 JavaThread "Unconstrained build operations Thread 33"        [_thread_blocked, id=27076, stack(0x0000003504400000,0x0000003504500000) (1024K)]
  0x000001b6d0de00e0 JavaThread "Unconstrained build operations Thread 34"        [_thread_blocked, id=27720, stack(0x0000003504500000,0x0000003504600000) (1024K)]
  0x000001b6d0de0e00 JavaThread "Unconstrained build operations Thread 35"        [_thread_blocked, id=29764, stack(0x0000003504600000,0x0000003504700000) (1024K)]
  0x000001b6d0ddf3c0 JavaThread "Unconstrained build operations Thread 36"        [_thread_blocked, id=28032, stack(0x0000003504700000,0x0000003504800000) (1024K)]
  0x000001b6d0de1490 JavaThread "Unconstrained build operations Thread 38"        [_thread_blocked, id=16516, stack(0x0000003504800000,0x0000003504900000) (1024K)]
  0x000001b6d0de1b20 JavaThread "Unconstrained build operations Thread 37"        [_thread_blocked, id=24068, stack(0x0000003504900000,0x0000003504a00000) (1024K)]
  0x000001b6d0de21b0 JavaThread "Unconstrained build operations Thread 40"        [_thread_blocked, id=30940, stack(0x0000003504a00000,0x0000003504b00000) (1024K)]
  0x000001b6d0dded30 JavaThread "Unconstrained build operations Thread 41"        [_thread_blocked, id=17140, stack(0x0000003504b00000,0x0000003504c00000) (1024K)]
  0x000001b6d0de2840 JavaThread "Unconstrained build operations Thread 42"        [_thread_blocked, id=30572, stack(0x0000003504c00000,0x0000003504d00000) (1024K)]
  0x000001b6d0de2ed0 JavaThread "Unconstrained build operations Thread 39"        [_thread_blocked, id=25820, stack(0x0000003504d00000,0x0000003504e00000) (1024K)]
  0x000001b6d0de3560 JavaThread "Unconstrained build operations Thread 43"        [_thread_blocked, id=14064, stack(0x0000003504e00000,0x0000003504f00000) (1024K)]
  0x000001b6ce88c2a0 JavaThread "Unconstrained build operations Thread 44"        [_thread_blocked, id=15240, stack(0x0000003504f00000,0x0000003505000000) (1024K)]
  0x000001b6ce88dce0 JavaThread "Unconstrained build operations Thread 45"        [_thread_blocked, id=28280, stack(0x0000003505000000,0x0000003505100000) (1024K)]
  0x000001b6ce88bc10 JavaThread "Unconstrained build operations Thread 46"        [_thread_blocked, id=31344, stack(0x0000003505100000,0x0000003505200000) (1024K)]
  0x000001b6ce88f720 JavaThread "Unconstrained build operations Thread 47"        [_thread_blocked, id=29900, stack(0x0000003505200000,0x0000003505300000) (1024K)]
  0x000001b6ce88d650 JavaThread "Unconstrained build operations Thread 48"        [_thread_blocked, id=30944, stack(0x0000003505300000,0x0000003505400000) (1024K)]
  0x000001b6ce88fdb0 JavaThread "Unconstrained build operations Thread 49"        [_thread_blocked, id=16036, stack(0x0000003505400000,0x0000003505500000) (1024K)]
  0x000001b6ce88cfc0 JavaThread "Unconstrained build operations Thread 50"        [_thread_blocked, id=15480, stack(0x0000003505500000,0x0000003505600000) (1024K)]
  0x000001b6ce88ea00 JavaThread "Unconstrained build operations Thread 51"        [_thread_blocked, id=16468, stack(0x0000003505600000,0x0000003505700000) (1024K)]
  0x000001b6ce890ad0 JavaThread "Unconstrained build operations Thread 52"        [_thread_blocked, id=29136, stack(0x0000003505700000,0x0000003505800000) (1024K)]
  0x000001b6ce891160 JavaThread "Unconstrained build operations Thread 53"        [_thread_blocked, id=9184, stack(0x0000003505800000,0x0000003505900000) (1024K)]
  0x000001b6ce8917f0 JavaThread "WorkerExecutor Queue"              [_thread_blocked, id=4816, stack(0x0000003505900000,0x0000003505a00000) (1024K)]
  0x000001b6ce88e370 JavaThread "Unconstrained build operations Thread 54"        [_thread_blocked, id=27660, stack(0x0000003505a00000,0x0000003505b00000) (1024K)]
  0x000001b6ce892510 JavaThread "Unconstrained build operations Thread 55"        [_thread_blocked, id=8716, stack(0x0000003505b00000,0x0000003505c00000) (1024K)]
  0x000001b6ce891e80 JavaThread "Unconstrained build operations Thread 56"        [_thread_blocked, id=10256, stack(0x0000003505c00000,0x0000003505d00000) (1024K)]
  0x000001b6ce88f090 JavaThread "Unconstrained build operations Thread 57"        [_thread_blocked, id=29312, stack(0x0000003505d00000,0x0000003505e00000) (1024K)]
  0x000001b6ce890440 JavaThread "Unconstrained build operations Thread 58"        [_thread_blocked, id=18520, stack(0x0000003505e00000,0x0000003505f00000) (1024K)]
  0x000001b6ce8966b0 JavaThread "Unconstrained build operations Thread 59"        [_thread_blocked, id=20224, stack(0x0000003505f00000,0x0000003506000000) (1024K)]
  0x000001b6ce896020 JavaThread "Unconstrained build operations Thread 60"        [_thread_blocked, id=21464, stack(0x0000003506000000,0x0000003506100000) (1024K)]
  0x000001b6ce893230 JavaThread "WorkerExecutor Queue Thread 2"        [_thread_blocked, id=22120, stack(0x0000003506100000,0x0000003506200000) (1024K)]
  0x000001b6ce8938c0 JavaThread "WorkerExecutor Queue Thread 3"        [_thread_blocked, id=8628, stack(0x0000003506200000,0x0000003506300000) (1024K)]
  0x000001b6ce8973d0 JavaThread "Unconstrained build operations Thread 61"        [_thread_blocked, id=19976, stack(0x0000003506300000,0x0000003506400000) (1024K)]
  0x000001b6ce893f50 JavaThread "Unconstrained build operations Thread 62"        [_thread_blocked, id=29780, stack(0x0000003506400000,0x0000003506500000) (1024K)]
  0x000001b6ce897a60 JavaThread "Unconstrained build operations Thread 63"        [_thread_blocked, id=6876, stack(0x0000003506500000,0x0000003506600000) (1024K)]
  0x000001b6ce8945e0 JavaThread "Unconstrained build operations Thread 64"        [_thread_blocked, id=5748, stack(0x0000003506600000,0x0000003506700000) (1024K)]
  0x000001b6ce8980f0 JavaThread "Unconstrained build operations Thread 65"        [_thread_blocked, id=22748, stack(0x0000003506700000,0x0000003506800000) (1024K)]
  0x000001b6ce894c70 JavaThread "Unconstrained build operations Thread 66"        [_thread_blocked, id=23752, stack(0x0000003506800000,0x0000003506900000) (1024K)]
  0x000001b6ce8994a0 JavaThread "Unconstrained build operations Thread 67"        [_thread_blocked, id=7768, stack(0x0000003506900000,0x0000003506a00000) (1024K)]
  0x000001b6ce898e10 JavaThread "Unconstrained build operations Thread 68"        [_thread_blocked, id=31224, stack(0x0000003506a00000,0x0000003506b00000) (1024K)]
  0x000001b6ce89aee0 JavaThread "Unconstrained build operations Thread 69"        [_thread_blocked, id=4836, stack(0x0000003506b00000,0x0000003506c00000) (1024K)]
  0x000001b6ce899b30 JavaThread "Unconstrained build operations Thread 70"        [_thread_blocked, id=1792, stack(0x0000003506c00000,0x0000003506d00000) (1024K)]
  0x000001b6ce89a1c0 JavaThread "Unconstrained build operations Thread 71"        [_thread_blocked, id=12996, stack(0x0000003506d00000,0x0000003506e00000) (1024K)]
  0x000001b6ce89a850 JavaThread "Unconstrained build operations Thread 72"        [_thread_blocked, id=20504, stack(0x0000003506e00000,0x0000003506f00000) (1024K)]
  0x000001b6d7f25650 JavaThread "Unconstrained build operations Thread 73"        [_thread_blocked, id=11596, stack(0x0000003506f00000,0x0000003507000000) (1024K)]
  0x000001b6d7f22860 JavaThread "Unconstrained build operations Thread 74"        [_thread_blocked, id=18052, stack(0x0000003507000000,0x0000003507100000) (1024K)]
  0x000001b6d7f242a0 JavaThread "WorkerExecutor Queue Thread 4"        [_thread_blocked, id=14164, stack(0x0000003507100000,0x0000003507200000) (1024K)]
  0x000001b6d7f25ce0 JavaThread "Unconstrained build operations Thread 75"        [_thread_blocked, id=3936, stack(0x0000003507200000,0x0000003507300000) (1024K)]
  0x000001b6d7f26370 JavaThread "Unconstrained build operations Thread 76"        [_thread_blocked, id=29660, stack(0x0000003507300000,0x0000003507400000) (1024K)]
  0x000001b6d7f22ef0 JavaThread "Unconstrained build operations Thread 77"        [_thread_blocked, id=23840, stack(0x0000003507400000,0x0000003507500000) (1024K)]
  0x000001b6d7f27090 JavaThread "Unconstrained build operations Thread 78"        [_thread_blocked, id=21968, stack(0x0000003507500000,0x0000003507600000) (1024K)]
  0x000001b6d7f29160 JavaThread "Unconstrained build operations Thread 79"        [_thread_blocked, id=17064, stack(0x0000003507600000,0x0000003507700000) (1024K)]
  0x000001b6d7f27720 JavaThread "Unconstrained build operations Thread 80"        [_thread_blocked, id=23888, stack(0x0000003507700000,0x0000003507800000) (1024K)]
  0x000001b6d7f29e80 JavaThread "WorkerExecutor Queue Thread 5"        [_thread_blocked, id=31132, stack(0x0000003507800000,0x0000003507900000) (1024K)]
  0x000001b6d7f27db0 JavaThread "WorkerExecutor Queue Thread 6"        [_thread_blocked, id=14236, stack(0x0000003507a00000,0x0000003507b00000) (1024K)]
  0x000001b6d7f28440 JavaThread "WorkerExecutor Queue Thread 7"        [_thread_blocked, id=28304, stack(0x0000003507b00000,0x0000003507c00000) (1024K)]
  0x000001b6d7f28ad0 JavaThread "WorkerExecutor Queue Thread 9"        [_thread_blocked, id=25208, stack(0x0000003507d00000,0x0000003507e00000) (1024K)]
  0x000001b6d8124530 JavaThread "ForkJoinPool-1-worker-1"    daemon [_thread_blocked, id=28352, stack(0x0000003507c00000,0x0000003507d00000) (1024K)]
  0x000001b6d8123ea0 JavaThread "ForkJoinPool-1-worker-2"    daemon [_thread_blocked, id=22272, stack(0x0000003507e00000,0x0000003507f00000) (1024K)]
  0x000001b6d8125250 JavaThread "ForkJoinPool-1-worker-3"    daemon [_thread_blocked, id=29472, stack(0x0000003507f00000,0x0000003508000000) (1024K)]
  0x000001b6d9fe8770 JavaThread "ForkJoinPool-1-worker-4"    daemon [_thread_blocked, id=7632, stack(0x0000003508000000,0x0000003508100000) (1024K)]
  0x000001b6d7f2b230 JavaThread "ForkJoinPool-1-worker-5"    daemon [_thread_blocked, id=29040, stack(0x0000003508100000,0x0000003508200000) (1024K)]
  0x000001b6d78a25d0 JavaThread "ForkJoinPool-1-worker-6"    daemon [_thread_blocked, id=14812, stack(0x0000003508200000,0x0000003508300000) (1024K)]
  0x000001b6d8124bc0 JavaThread "ForkJoinPool-1-worker-7"    daemon [_thread_blocked, id=26420, stack(0x0000003508300000,0x0000003508400000) (1024K)]
  0x000001b6d9f6be00 JavaThread "ForkJoinPool-1-worker-8"    daemon [_thread_blocked, id=24744, stack(0x0000003508400000,0x0000003508500000) (1024K)]
  0x000001b6c42c7df0 JavaThread "pool-12-thread-1"                  [_thread_blocked, id=29576, stack(0x0000003508500000,0x0000003508600000) (1024K)]
  0x000001b6d87911d0 JavaThread "stderr"                            [_thread_in_native, id=8324, stack(0x0000003508600000,0x0000003508700000) (1024K)]
  0x000001b6d878dd50 JavaThread "stdout"                            [_thread_in_native, id=31104, stack(0x0000003508700000,0x0000003508800000) (1024K)]
Total: 157

Other Threads:
=>0x000001b6bc9fb470 VMThread "VM Thread"                           [id=4624, stack(0x000000357d900000,0x000000357da00000) (1024K)]
  0x000001b6bc834630 WatcherThread "VM Periodic Task Thread"        [id=30012, stack(0x000000357d800000,0x000000357d900000) (1024K)]
  0x000001b6a51f4b70 WorkerThread "GC Thread#0"                     [id=21688, stack(0x000000357d300000,0x000000357d400000) (1024K)]
  0x000001b6c12ef420 WorkerThread "GC Thread#1"                     [id=24896, stack(0x000000357e400000,0x000000357e500000) (1024K)]
  0x000001b6c11cc400 WorkerThread "GC Thread#2"                     [id=18036, stack(0x000000357e500000,0x000000357e600000) (1024K)]
  0x000001b6c1cc2a60 WorkerThread "GC Thread#3"                     [id=25612, stack(0x000000357e600000,0x000000357e700000) (1024K)]
  0x000001b6c1cc2e10 WorkerThread "GC Thread#4"                     [id=10584, stack(0x000000357e700000,0x000000357e800000) (1024K)]
  0x000001b6c22d32f0 WorkerThread "GC Thread#5"                     [id=6764, stack(0x000000357eb00000,0x000000357ec00000) (1024K)]
  0x000001b6c25809b0 WorkerThread "GC Thread#6"                     [id=6716, stack(0x000000357ec00000,0x000000357ed00000) (1024K)]
  0x000001b6c2580d60 WorkerThread "GC Thread#7"                     [id=11300, stack(0x000000357ed00000,0x000000357ee00000) (1024K)]
  0x000001b6a5205a70 ConcurrentGCThread "G1 Main Marker"            [id=26856, stack(0x000000357d400000,0x000000357d500000) (1024K)]
  0x000001b6a52072d0 WorkerThread "G1 Conc#0"                       [id=2100, stack(0x000000357d500000,0x000000357d600000) (1024K)]
  0x000001b6c3742b00 WorkerThread "G1 Conc#1"                       [id=19832, stack(0x000000357f000000,0x000000357f100000) (1024K)]
  0x000001b6bc6f5590 ConcurrentGCThread "G1 Refine#0"               [id=26712, stack(0x000000357d600000,0x000000357d700000) (1024K)]
  0x000001b6bc6f6dd0 ConcurrentGCThread "G1 Service"                [id=13572, stack(0x000000357d700000,0x000000357d800000) (1024K)]
Total: 15

Threads with active compile tasks:
C2 CompilerThread0  8521387 36271       4       com.android.tools.r8.graph.j2::a (19 bytes)
C2 CompilerThread1  8521387 36440       4       com.android.tools.r8.dex.w::a (227 bytes)
Total: 2

VM state: at safepoint (normal execution)

VM Mutex/Monitor currently owned by a thread:  ([mutex/lock_event])
[0x00007ffb16d286d0] Threads_lock - owner thread: 0x000001b6bc9fb470
[0x00007ffb16d287d0] Heap_lock - owner thread: 0x000001b6a5205a70

Heap address: 0x0000000080000000, size: 2048 MB, Compressed Oops mode: 32-bit

CDS archive(s) not mapped
Compressed class space mapped at: 0x0000000100000000-0x0000000140000000, reserved size: 1073741824
Narrow klass base: 0x0000000000000000, Narrow klass shift: 3, Narrow klass range: 0x140000000

GC Precious Log:
 CardTable entry size: 512
 Card Set container configuration: InlinePtr #cards 5 size 8 Array Of Cards #cards 12 size 40 Howl #buckets 4 coarsen threshold 1843 Howl Bitmap #cards 512 size 80 coarsen threshold 460 Card regions per heap region 1 cards per card region 2048
 CPUs: 8 total, 8 available
 Memory: 8022M
 Large Page Support: Disabled
 NUMA Support: Disabled
 Compressed Oops: Enabled (32-bit)
 Heap Region Size: 1M
 Heap Min Capacity: 8M
 Heap Initial Capacity: 126M
 Heap Max Capacity: 2G
 Pre-touch: Disabled
 Parallel Workers: 8
 Concurrent Workers: 2
 Concurrent Refinement Workers: 8
 Periodic GC: Disabled

Heap:
 garbage-first heap   total 805888K, used 621952K [0x0000000080000000, 0x0000000100000000)
  region size 1024K, 108 young (110592K), 5 survivors (5120K)
 Metaspace       used 261117K, committed 263040K, reserved 1310720K
  class space    used 33704K, committed 34624K, reserved 1048576K

Heap Regions: E=young(eden), S=young(survivor), O=old, HS=humongous(starts), HC=humongous(continues), CS=collection set, F=free, TAMS=top-at-mark-start, PB=parsable bottom
|   0|0x0000000080000000, 0x0000000080100000, 0x0000000080100000|100%|HS|  |TAMS 0x0000000080100000| PB 0x0000000080000000| Complete 
|   1|0x0000000080100000, 0x0000000080200000, 0x0000000080200000|100%|HC|  |TAMS 0x0000000080200000| PB 0x0000000080100000| Complete 
|   2|0x0000000080200000, 0x0000000080300000, 0x0000000080300000|100%|HC|  |TAMS 0x0000000080300000| PB 0x0000000080200000| Complete 
|   3|0x0000000080300000, 0x0000000080400000, 0x0000000080400000|100%| O|  |TAMS 0x0000000080400000| PB 0x0000000080400000| Untracked 
|   4|0x0000000080400000, 0x0000000080500000, 0x0000000080500000|100%| O|  |TAMS 0x0000000080500000| PB 0x0000000080500000| Untracked 
|   5|0x0000000080500000, 0x0000000080600000, 0x0000000080600000|100%| O|  |TAMS 0x0000000080600000| PB 0x0000000080600000| Untracked 
|   6|0x0000000080600000, 0x0000000080700000, 0x0000000080700000|100%|HS|  |TAMS 0x0000000080700000| PB 0x0000000080600000| Complete 
|   7|0x0000000080700000, 0x0000000080800000, 0x0000000080800000|100%| O|  |TAMS 0x0000000080800000| PB 0x0000000080800000| Updating 
|   8|0x0000000080800000, 0x0000000080900000, 0x0000000080900000|100%| O|  |TAMS 0x0000000080900000| PB 0x0000000080900000| Untracked 
|   9|0x0000000080900000, 0x0000000080a00000, 0x0000000080a00000|100%| O|  |TAMS 0x0000000080a00000| PB 0x0000000080a00000| Untracked 
|  10|0x0000000080a00000, 0x0000000080b00000, 0x0000000080b00000|100%| O|  |TAMS 0x0000000080b00000| PB 0x0000000080b00000| Untracked 
|  11|0x0000000080b00000, 0x0000000080c00000, 0x0000000080c00000|100%| O|  |TAMS 0x0000000080c00000| PB 0x0000000080c00000| Untracked 
|  12|0x0000000080c00000, 0x0000000080d00000, 0x0000000080d00000|100%| O|  |TAMS 0x0000000080d00000| PB 0x0000000080d00000| Untracked 
|  13|0x0000000080d00000, 0x0000000080e00000, 0x0000000080e00000|100%| O|  |TAMS 0x0000000080e00000| PB 0x0000000080e00000| Untracked 
|  14|0x0000000080e00000, 0x0000000080f00000, 0x0000000080f00000|100%| O|  |TAMS 0x0000000080f00000| PB 0x0000000080f00000| Untracked 
|  15|0x0000000080f00000, 0x0000000081000000, 0x0000000081000000|100%| O|  |TAMS 0x0000000081000000| PB 0x0000000081000000| Untracked 
|  16|0x0000000081000000, 0x0000000081100000, 0x0000000081100000|100%| O|  |TAMS 0x0000000081100000| PB 0x0000000081100000| Untracked 
|  17|0x0000000081100000, 0x0000000081200000, 0x0000000081200000|100%| O|  |TAMS 0x0000000081200000| PB 0x0000000081200000| Untracked 
|  18|0x0000000081200000, 0x0000000081300000, 0x0000000081300000|100%| O|  |TAMS 0x0000000081300000| PB 0x0000000081300000| Updating 
|  19|0x0000000081300000, 0x0000000081400000, 0x0000000081400000|100%| O|  |TAMS 0x0000000081400000| PB 0x0000000081400000| Updating 
|  20|0x0000000081400000, 0x0000000081500000, 0x0000000081500000|100%| O|  |TAMS 0x0000000081500000| PB 0x0000000081500000| Updating 
|  21|0x0000000081500000, 0x0000000081600000, 0x0000000081600000|100%| O|  |TAMS 0x0000000081600000| PB 0x0000000081600000| Updating 
|  22|0x0000000081600000, 0x0000000081700000, 0x0000000081700000|100%|HS|  |TAMS 0x0000000081700000| PB 0x0000000081600000| Complete 
|  23|0x0000000081700000, 0x0000000081800000, 0x0000000081800000|100%|HC|  |TAMS 0x0000000081800000| PB 0x0000000081700000| Complete 
|  24|0x0000000081800000, 0x0000000081900000, 0x0000000081900000|100%|HC|  |TAMS 0x0000000081900000| PB 0x0000000081800000| Complete 
|  25|0x0000000081900000, 0x0000000081a00000, 0x0000000081a00000|100%|HC|  |TAMS 0x0000000081a00000| PB 0x0000000081900000| Complete 
|  26|0x0000000081a00000, 0x0000000081b00000, 0x0000000081b00000|100%|HC|  |TAMS 0x0000000081b00000| PB 0x0000000081a00000| Complete 
|  27|0x0000000081b00000, 0x0000000081c00000, 0x0000000081c00000|100%|HC|  |TAMS 0x0000000081c00000| PB 0x0000000081b00000| Complete 
|  28|0x0000000081c00000, 0x0000000081d00000, 0x0000000081d00000|100%|HS|  |TAMS 0x0000000081d00000| PB 0x0000000081c00000| Complete 
|  29|0x0000000081d00000, 0x0000000081e00000, 0x0000000081e00000|100%|HS|  |TAMS 0x0000000081e00000| PB 0x0000000081d00000| Complete 
|  30|0x0000000081e00000, 0x0000000081f00000, 0x0000000081f00000|100%|HS|  |TAMS 0x0000000081f00000| PB 0x0000000081e00000| Complete 
|  31|0x0000000081f00000, 0x0000000082000000, 0x0000000082000000|100%|HC|  |TAMS 0x0000000082000000| PB 0x0000000081f00000| Complete 
|  32|0x0000000082000000, 0x0000000082100000, 0x0000000082100000|100%|HC|  |TAMS 0x0000000082100000| PB 0x0000000082000000| Complete 
|  33|0x0000000082100000, 0x0000000082200000, 0x0000000082200000|100%|HC|  |TAMS 0x0000000082200000| PB 0x0000000082100000| Complete 
|  34|0x0000000082200000, 0x0000000082300000, 0x0000000082300000|100%|HC|  |TAMS 0x0000000082300000| PB 0x0000000082200000| Complete 
|  35|0x0000000082300000, 0x0000000082400000, 0x0000000082400000|100%|HC|  |TAMS 0x0000000082400000| PB 0x0000000082300000| Complete 
|  36|0x0000000082400000, 0x0000000082500000, 0x0000000082500000|100%|HS|  |TAMS 0x0000000082500000| PB 0x0000000082400000| Complete 
|  37|0x0000000082500000, 0x0000000082600000, 0x0000000082600000|100%|HS|  |TAMS 0x0000000082600000| PB 0x0000000082500000| Complete 
|  38|0x0000000082600000, 0x0000000082700000, 0x0000000082700000|100%| O|  |TAMS 0x0000000082700000| PB 0x0000000082700000| Untracked 
|  39|0x0000000082700000, 0x0000000082800000, 0x0000000082800000|100%| O|  |TAMS 0x0000000082800000| PB 0x0000000082800000| Untracked 
|  40|0x0000000082800000, 0x0000000082900000, 0x0000000082900000|100%| O|  |TAMS 0x0000000082900000| PB 0x0000000082900000| Untracked 
|  41|0x0000000082900000, 0x0000000082a00000, 0x0000000082a00000|100%| O|  |TAMS 0x0000000082a00000| PB 0x0000000082a00000| Updating 
|  42|0x0000000082a00000, 0x0000000082b00000, 0x0000000082b00000|100%| O|  |TAMS 0x0000000082b00000| PB 0x0000000082b00000| Untracked 
|  43|0x0000000082b00000, 0x0000000082c00000, 0x0000000082c00000|100%| O|  |TAMS 0x0000000082c00000| PB 0x0000000082c00000| Untracked 
|  44|0x0000000082c00000, 0x0000000082d00000, 0x0000000082d00000|100%| O|  |TAMS 0x0000000082d00000| PB 0x0000000082d00000| Updating 
|  45|0x0000000082d00000, 0x0000000082e00000, 0x0000000082e00000|100%| O|  |TAMS 0x0000000082e00000| PB 0x0000000082e00000| Updating 
|  46|0x0000000082e00000, 0x0000000082f00000, 0x0000000082f00000|100%| O|  |TAMS 0x0000000082f00000| PB 0x0000000082f00000| Untracked 
|  47|0x0000000082f00000, 0x0000000083000000, 0x0000000083000000|100%| O|  |TAMS 0x0000000083000000| PB 0x0000000083000000| Untracked 
|  48|0x0000000083000000, 0x0000000083100000, 0x0000000083100000|100%| O|  |TAMS 0x0000000083100000| PB 0x0000000083100000| Updating 
|  49|0x0000000083100000, 0x0000000083200000, 0x0000000083200000|100%| O|  |TAMS 0x0000000083200000| PB 0x0000000083200000| Updating 
|  50|0x0000000083200000, 0x0000000083300000, 0x0000000083300000|100%| O|  |TAMS 0x0000000083300000| PB 0x0000000083300000| Updating 
|  51|0x0000000083300000, 0x0000000083400000, 0x0000000083400000|100%| O|  |TAMS 0x0000000083400000| PB 0x0000000083400000| Updating 
|  52|0x0000000083400000, 0x0000000083500000, 0x0000000083500000|100%| O|  |TAMS 0x0000000083500000| PB 0x0000000083500000| Updating 
|  53|0x0000000083500000, 0x0000000083600000, 0x0000000083600000|100%| O|  |TAMS 0x0000000083600000| PB 0x0000000083600000| Updating 
|  54|0x0000000083600000, 0x0000000083700000, 0x0000000083700000|100%| O|  |TAMS 0x0000000083600000| PB 0x0000000083600000| Untracked 
|  55|0x0000000083700000, 0x0000000083800000, 0x0000000083800000|100%| O|  |TAMS 0x0000000083800000| PB 0x0000000083800000| Updating 
|  56|0x0000000083800000, 0x0000000083900000, 0x0000000083900000|100%| O|  |TAMS 0x0000000083900000| PB 0x0000000083900000| Updating 
|  57|0x0000000083900000, 0x0000000083a00000, 0x0000000083a00000|100%| O|  |TAMS 0x0000000083a00000| PB 0x0000000083a00000| Updating 
|  58|0x0000000083a00000, 0x0000000083b00000, 0x0000000083b00000|100%| O|  |TAMS 0x0000000083b00000| PB 0x0000000083b00000| Updating 
|  59|0x0000000083b00000, 0x0000000083c00000, 0x0000000083c00000|100%| O|  |TAMS 0x0000000083c00000| PB 0x0000000083c00000| Updating 
|  60|0x0000000083c00000, 0x0000000083d00000, 0x0000000083d00000|100%| O|  |TAMS 0x0000000083d00000| PB 0x0000000083d00000| Updating 
|  61|0x0000000083d00000, 0x0000000083e00000, 0x0000000083e00000|100%| O|  |TAMS 0x0000000083e00000| PB 0x0000000083e00000| Updating 
|  62|0x0000000083e00000, 0x0000000083f00000, 0x0000000083f00000|100%| O|  |TAMS 0x0000000083f00000| PB 0x0000000083f00000| Updating 
|  63|0x0000000083f00000, 0x0000000084000000, 0x0000000084000000|100%| O|  |TAMS 0x0000000084000000| PB 0x0000000084000000| Updating 
|  64|0x0000000084000000, 0x0000000084100000, 0x0000000084100000|100%| O|  |TAMS 0x0000000084100000| PB 0x0000000084100000| Updating 
|  65|0x0000000084100000, 0x0000000084200000, 0x0000000084200000|100%| O|  |TAMS 0x0000000084200000| PB 0x0000000084200000| Updating 
|  66|0x0000000084200000, 0x0000000084300000, 0x0000000084300000|100%| O|  |TAMS 0x0000000084300000| PB 0x0000000084300000| Updating 
|  67|0x0000000084300000, 0x0000000084400000, 0x0000000084400000|100%| O|  |TAMS 0x0000000084400000| PB 0x0000000084400000| Updating 
|  68|0x0000000084400000, 0x0000000084500000, 0x0000000084500000|100%| O|  |TAMS 0x0000000084500000| PB 0x0000000084500000| Untracked 
|  69|0x0000000084500000, 0x0000000084600000, 0x0000000084600000|100%| O|  |TAMS 0x0000000084600000| PB 0x0000000084600000| Updating 
|  70|0x0000000084600000, 0x0000000084700000, 0x0000000084700000|100%| O|  |TAMS 0x0000000084700000| PB 0x0000000084700000| Untracked 
|  71|0x0000000084700000, 0x0000000084800000, 0x0000000084800000|100%| O|  |TAMS 0x0000000084800000| PB 0x0000000084800000| Untracked 
|  72|0x0000000084800000, 0x0000000084900000, 0x0000000084900000|100%| O|  |TAMS 0x0000000084900000| PB 0x0000000084900000| Updating 
|  73|0x0000000084900000, 0x0000000084a00000, 0x0000000084a00000|100%| O|  |TAMS 0x0000000084a00000| PB 0x0000000084a00000| Updating 
|  74|0x0000000084a00000, 0x0000000084b00000, 0x0000000084b00000|100%| O|  |TAMS 0x0000000084b00000| PB 0x0000000084b00000| Updating 
|  75|0x0000000084b00000, 0x0000000084c00000, 0x0000000084c00000|100%| O|  |TAMS 0x0000000084c00000| PB 0x0000000084c00000| Untracked 
|  76|0x0000000084c00000, 0x0000000084d00000, 0x0000000084d00000|100%| O|  |TAMS 0x0000000084d00000| PB 0x0000000084d00000| Untracked 
|  77|0x0000000084d00000, 0x0000000084e00000, 0x0000000084e00000|100%| O|  |TAMS 0x0000000084e00000| PB 0x0000000084e00000| Updating 
|  78|0x0000000084e00000, 0x0000000084f00000, 0x0000000084f00000|100%| O|  |TAMS 0x0000000084f00000| PB 0x0000000084f00000| Updating 
|  79|0x0000000084f00000, 0x0000000085000000, 0x0000000085000000|100%| O|  |TAMS 0x0000000085000000| PB 0x0000000085000000| Updating 
|  80|0x0000000085000000, 0x0000000085100000, 0x0000000085100000|100%| O|  |TAMS 0x0000000085100000| PB 0x0000000085100000| Untracked 
|  81|0x0000000085100000, 0x0000000085200000, 0x0000000085200000|100%| O|  |TAMS 0x0000000085200000| PB 0x0000000085200000| Updating 
|  82|0x0000000085200000, 0x0000000085300000, 0x0000000085300000|100%| O|  |TAMS 0x0000000085300000| PB 0x0000000085300000| Untracked 
|  83|0x0000000085300000, 0x0000000085400000, 0x0000000085400000|100%| O|  |TAMS 0x0000000085300000| PB 0x0000000085300000| Untracked 
|  84|0x0000000085400000, 0x0000000085500000, 0x0000000085500000|100%| O|  |TAMS 0x0000000085500000| PB 0x0000000085500000| Untracked 
|  85|0x0000000085500000, 0x0000000085600000, 0x0000000085600000|100%|HS|  |TAMS 0x0000000085600000| PB 0x0000000085500000| Complete 
|  86|0x0000000085600000, 0x0000000085700000, 0x0000000085700000|100%|HS|  |TAMS 0x0000000085700000| PB 0x0000000085600000| Complete 
|  87|0x0000000085700000, 0x0000000085800000, 0x0000000085800000|100%|HS|  |TAMS 0x0000000085800000| PB 0x0000000085700000| Complete 
|  88|0x0000000085800000, 0x0000000085900000, 0x0000000085900000|100%|HC|  |TAMS 0x0000000085900000| PB 0x0000000085800000| Complete 
|  89|0x0000000085900000, 0x0000000085a00000, 0x0000000085a00000|100%| O|  |TAMS 0x0000000085a00000| PB 0x0000000085a00000| Untracked 
|  90|0x0000000085a00000, 0x0000000085b00000, 0x0000000085b00000|100%| O|  |TAMS 0x0000000085b00000| PB 0x0000000085b00000| Untracked 
|  91|0x0000000085b00000, 0x0000000085c00000, 0x0000000085c00000|100%| O|  |TAMS 0x0000000085c00000| PB 0x0000000085c00000| Untracked 
|  92|0x0000000085c00000, 0x0000000085d00000, 0x0000000085d00000|100%| O|  |TAMS 0x0000000085d00000| PB 0x0000000085d00000| Untracked 
|  93|0x0000000085d00000, 0x0000000085e00000, 0x0000000085e00000|100%| O|  |TAMS 0x0000000085e00000| PB 0x0000000085e00000| Updating 
|  94|0x0000000085e00000, 0x0000000085f00000, 0x0000000085f00000|100%| O|  |TAMS 0x0000000085f00000| PB 0x0000000085f00000| Untracked 
|  95|0x0000000085f00000, 0x0000000086000000, 0x0000000086000000|100%| O|  |TAMS 0x0000000086000000| PB 0x0000000086000000| Untracked 
|  96|0x0000000086000000, 0x0000000086100000, 0x0000000086100000|100%| O|  |TAMS 0x0000000086100000| PB 0x0000000086100000| Updating 
|  97|0x0000000086100000, 0x0000000086200000, 0x0000000086200000|100%| O|  |TAMS 0x0000000086200000| PB 0x0000000086200000| Updating 
|  98|0x0000000086200000, 0x0000000086300000, 0x0000000086300000|100%| O|  |TAMS 0x0000000086300000| PB 0x0000000086300000| Updating 
|  99|0x0000000086300000, 0x0000000086400000, 0x0000000086400000|100%| O|  |TAMS 0x0000000086400000| PB 0x0000000086400000| Updating 
| 100|0x0000000086400000, 0x0000000086500000, 0x0000000086500000|100%| O|  |TAMS 0x0000000086500000| PB 0x0000000086500000| Untracked 
| 101|0x0000000086500000, 0x0000000086600000, 0x0000000086600000|100%|HS|  |TAMS 0x0000000086600000| PB 0x0000000086500000| Complete 
| 102|0x0000000086600000, 0x0000000086700000, 0x0000000086700000|100%|HC|  |TAMS 0x0000000086700000| PB 0x0000000086600000| Complete 
| 103|0x0000000086700000, 0x0000000086800000, 0x0000000086800000|100%|HC|  |TAMS 0x0000000086800000| PB 0x0000000086700000| Complete 
| 104|0x0000000086800000, 0x0000000086900000, 0x0000000086900000|100%|HC|  |TAMS 0x0000000086900000| PB 0x0000000086800000| Complete 
| 105|0x0000000086900000, 0x0000000086a00000, 0x0000000086a00000|100%| O|  |TAMS 0x0000000086a00000| PB 0x0000000086a00000| Updating 
| 106|0x0000000086a00000, 0x0000000086b00000, 0x0000000086b00000|100%| O|  |TAMS 0x0000000086b00000| PB 0x0000000086b00000| Updating 
| 107|0x0000000086b00000, 0x0000000086c00000, 0x0000000086c00000|100%| O|  |TAMS 0x0000000086c00000| PB 0x0000000086c00000| Updating 
| 108|0x0000000086c00000, 0x0000000086d00000, 0x0000000086d00000|100%| O|  |TAMS 0x0000000086d00000| PB 0x0000000086d00000| Updating 
| 109|0x0000000086d00000, 0x0000000086e00000, 0x0000000086e00000|100%|HS|  |TAMS 0x0000000086e00000| PB 0x0000000086d00000| Complete 
| 110|0x0000000086e00000, 0x0000000086f00000, 0x0000000086f00000|100%| O|  |TAMS 0x0000000086f00000| PB 0x0000000086f00000| Untracked 
| 111|0x0000000086f00000, 0x0000000087000000, 0x0000000087000000|100%| O|  |TAMS 0x0000000087000000| PB 0x0000000087000000| Updating 
| 112|0x0000000087000000, 0x0000000087100000, 0x0000000087100000|100%| O|  |TAMS 0x0000000087100000| PB 0x0000000087100000| Untracked 
| 113|0x0000000087100000, 0x0000000087200000, 0x0000000087200000|100%| O|  |TAMS 0x0000000087200000| PB 0x0000000087200000| Untracked 
| 114|0x0000000087200000, 0x0000000087300000, 0x0000000087300000|100%| O|  |TAMS 0x0000000087300000| PB 0x0000000087300000| Untracked 
| 115|0x0000000087300000, 0x0000000087400000, 0x0000000087400000|100%| O|  |TAMS 0x0000000087400000| PB 0x0000000087400000| Updating 
| 116|0x0000000087400000, 0x0000000087500000, 0x0000000087500000|100%| O|  |TAMS 0x0000000087500000| PB 0x0000000087500000| Untracked 
| 117|0x0000000087500000, 0x0000000087600000, 0x0000000087600000|100%| O|  |TAMS 0x0000000087600000| PB 0x0000000087600000| Updating 
| 118|0x0000000087600000, 0x0000000087700000, 0x0000000087700000|100%| O|  |TAMS 0x0000000087700000| PB 0x0000000087700000| Untracked 
| 119|0x0000000087700000, 0x0000000087800000, 0x0000000087800000|100%| O|  |TAMS 0x0000000087800000| PB 0x0000000087800000| Updating 
| 120|0x0000000087800000, 0x0000000087900000, 0x0000000087900000|100%| O|  |TAMS 0x0000000087900000| PB 0x0000000087900000| Updating 
| 121|0x0000000087900000, 0x0000000087a00000, 0x0000000087a00000|100%| O|  |TAMS 0x0000000087a00000| PB 0x0000000087a00000| Updating 
| 122|0x0000000087a00000, 0x0000000087b00000, 0x0000000087b00000|100%|HS|  |TAMS 0x0000000087b00000| PB 0x0000000087a00000| Complete 
| 123|0x0000000087b00000, 0x0000000087c00000, 0x0000000087c00000|100%|HC|  |TAMS 0x0000000087c00000| PB 0x0000000087b00000| Complete 
| 124|0x0000000087c00000, 0x0000000087d00000, 0x0000000087d00000|100%|HS|  |TAMS 0x0000000087d00000| PB 0x0000000087c00000| Complete 
| 125|0x0000000087d00000, 0x0000000087e00000, 0x0000000087e00000|100%|HS|  |TAMS 0x0000000087e00000| PB 0x0000000087d00000| Complete 
| 126|0x0000000087e00000, 0x0000000087f00000, 0x0000000087f00000|100%|HS|  |TAMS 0x0000000087f00000| PB 0x0000000087e00000| Complete 
| 127|0x0000000087f00000, 0x0000000088000000, 0x0000000088000000|100%| O|  |TAMS 0x0000000088000000| PB 0x0000000088000000| Untracked 
| 128|0x0000000088000000, 0x0000000088100000, 0x0000000088100000|100%|HS|  |TAMS 0x0000000088100000| PB 0x0000000088000000| Complete 
| 129|0x0000000088100000, 0x0000000088200000, 0x0000000088200000|100%| O|  |TAMS 0x0000000088200000| PB 0x0000000088200000| Updating 
| 130|0x0000000088200000, 0x0000000088300000, 0x0000000088300000|100%| O|  |TAMS 0x0000000088300000| PB 0x0000000088300000| Updating 
| 131|0x0000000088300000, 0x0000000088400000, 0x0000000088400000|100%| O|  |TAMS 0x0000000088400000| PB 0x0000000088400000| Updating 
| 132|0x0000000088400000, 0x0000000088500000, 0x0000000088500000|100%| O|  |TAMS 0x0000000088500000| PB 0x0000000088500000| Untracked 
| 133|0x0000000088500000, 0x0000000088600000, 0x0000000088600000|100%| O|  |TAMS 0x0000000088600000| PB 0x0000000088600000| Updating 
| 134|0x0000000088600000, 0x0000000088700000, 0x0000000088700000|100%| O|  |TAMS 0x0000000088700000| PB 0x0000000088700000| Updating 
| 135|0x0000000088700000, 0x0000000088800000, 0x0000000088800000|100%| O|  |TAMS 0x0000000088800000| PB 0x0000000088800000| Updating 
| 136|0x0000000088800000, 0x0000000088900000, 0x0000000088900000|100%|HS|  |TAMS 0x0000000088900000| PB 0x0000000088800000| Complete 
| 137|0x0000000088900000, 0x0000000088a00000, 0x0000000088a00000|100%|HS|  |TAMS 0x0000000088a00000| PB 0x0000000088900000| Complete 
| 138|0x0000000088a00000, 0x0000000088b00000, 0x0000000088b00000|100%|HC|  |TAMS 0x0000000088b00000| PB 0x0000000088a00000| Complete 
| 139|0x0000000088b00000, 0x0000000088c00000, 0x0000000088c00000|100%|HC|  |TAMS 0x0000000088c00000| PB 0x0000000088b00000| Complete 
| 140|0x0000000088c00000, 0x0000000088d00000, 0x0000000088d00000|100%|HC|  |TAMS 0x0000000088d00000| PB 0x0000000088c00000| Complete 
| 141|0x0000000088d00000, 0x0000000088e00000, 0x0000000088e00000|100%| O|  |TAMS 0x0000000088e00000| PB 0x0000000088e00000| Untracked 
| 142|0x0000000088e00000, 0x0000000088f00000, 0x0000000088f00000|100%| O|  |TAMS 0x0000000088f00000| PB 0x0000000088f00000| Untracked 
| 143|0x0000000088f00000, 0x0000000089000000, 0x0000000089000000|100%| O|  |TAMS 0x0000000089000000| PB 0x0000000089000000| Untracked 
| 144|0x0000000089000000, 0x0000000089100000, 0x0000000089100000|100%| O|  |TAMS 0x0000000089100000| PB 0x0000000089100000| Untracked 
| 145|0x0000000089100000, 0x0000000089200000, 0x0000000089200000|100%| O|  |TAMS 0x0000000089200000| PB 0x0000000089200000| Updating 
| 146|0x0000000089200000, 0x0000000089300000, 0x0000000089300000|100%| O|  |TAMS 0x0000000089300000| PB 0x0000000089300000| Updating 
| 147|0x0000000089300000, 0x0000000089400000, 0x0000000089400000|100%| O|  |TAMS 0x0000000089400000| PB 0x0000000089400000| Updating 
| 148|0x0000000089400000, 0x0000000089500000, 0x0000000089500000|100%| O|  |TAMS 0x0000000089500000| PB 0x0000000089500000| Updating 
| 149|0x0000000089500000, 0x0000000089600000, 0x0000000089600000|100%| O|  |TAMS 0x0000000089600000| PB 0x0000000089600000| Untracked 
| 150|0x0000000089600000, 0x0000000089700000, 0x0000000089700000|100%| O|  |TAMS 0x0000000089700000| PB 0x0000000089700000| Updating 
| 151|0x0000000089700000, 0x0000000089800000, 0x0000000089800000|100%| O|  |TAMS 0x0000000089800000| PB 0x0000000089800000| Updating 
| 152|0x0000000089800000, 0x0000000089900000, 0x0000000089900000|100%| O|  |TAMS 0x0000000089900000| PB 0x0000000089900000| Updating 
| 153|0x0000000089900000, 0x0000000089a00000, 0x0000000089a00000|100%| O|  |TAMS 0x0000000089a00000| PB 0x0000000089a00000| Updating 
| 154|0x0000000089a00000, 0x0000000089b00000, 0x0000000089b00000|100%| O|  |TAMS 0x0000000089b00000| PB 0x0000000089b00000| Updating 
| 155|0x0000000089b00000, 0x0000000089c00000, 0x0000000089c00000|100%| O|  |TAMS 0x0000000089c00000| PB 0x0000000089c00000| Updating 
| 156|0x0000000089c00000, 0x0000000089d00000, 0x0000000089d00000|100%| O|  |TAMS 0x0000000089d00000| PB 0x0000000089d00000| Untracked 
| 157|0x0000000089d00000, 0x0000000089e00000, 0x0000000089e00000|100%| O|  |TAMS 0x0000000089e00000| PB 0x0000000089e00000| Updating 
| 158|0x0000000089e00000, 0x0000000089f00000, 0x0000000089f00000|100%| O|  |TAMS 0x0000000089f00000| PB 0x0000000089f00000| Updating 
| 159|0x0000000089f00000, 0x000000008a000000, 0x000000008a000000|100%| O|  |TAMS 0x000000008a000000| PB 0x000000008a000000| Untracked 
| 160|0x000000008a000000, 0x000000008a100000, 0x000000008a100000|100%| O|  |TAMS 0x000000008a100000| PB 0x000000008a100000| Updating 
| 161|0x000000008a100000, 0x000000008a200000, 0x000000008a200000|100%| O|  |TAMS 0x000000008a200000| PB 0x000000008a200000| Updating 
| 162|0x000000008a200000, 0x000000008a300000, 0x000000008a300000|100%| O|  |TAMS 0x000000008a300000| PB 0x000000008a300000| Untracked 
| 163|0x000000008a300000, 0x000000008a400000, 0x000000008a400000|100%| O|  |TAMS 0x000000008a400000| PB 0x000000008a400000| Updating 
| 164|0x000000008a400000, 0x000000008a500000, 0x000000008a500000|100%| O|  |TAMS 0x000000008a500000| PB 0x000000008a500000| Updating 
| 165|0x000000008a500000, 0x000000008a600000, 0x000000008a600000|100%| O|  |TAMS 0x000000008a600000| PB 0x000000008a600000| Untracked 
| 166|0x000000008a600000, 0x000000008a700000, 0x000000008a700000|100%| O|  |TAMS 0x000000008a700000| PB 0x000000008a700000| Untracked 
| 167|0x000000008a700000, 0x000000008a800000, 0x000000008a800000|100%| O|  |TAMS 0x000000008a800000| PB 0x000000008a800000| Updating 
| 168|0x000000008a800000, 0x000000008a900000, 0x000000008a900000|100%| O|  |TAMS 0x000000008a900000| PB 0x000000008a900000| Untracked 
| 169|0x000000008a900000, 0x000000008aa00000, 0x000000008aa00000|100%| O|  |TAMS 0x000000008aa00000| PB 0x000000008aa00000| Updating 
| 170|0x000000008aa00000, 0x000000008ab00000, 0x000000008ab00000|100%| O|  |TAMS 0x000000008ab00000| PB 0x000000008ab00000| Untracked 
| 171|0x000000008ab00000, 0x000000008ac00000, 0x000000008ac00000|100%| O|  |TAMS 0x000000008ac00000| PB 0x000000008ac00000| Updating 
| 172|0x000000008ac00000, 0x000000008ad00000, 0x000000008ad00000|100%| O|  |TAMS 0x000000008ad00000| PB 0x000000008ad00000| Untracked 
| 173|0x000000008ad00000, 0x000000008ae00000, 0x000000008ae00000|100%| O|  |TAMS 0x000000008ae00000| PB 0x000000008ae00000| Updating 
| 174|0x000000008ae00000, 0x000000008af00000, 0x000000008af00000|100%| O|  |TAMS 0x000000008af00000| PB 0x000000008af00000| Untracked 
| 175|0x000000008af00000, 0x000000008b000000, 0x000000008b000000|100%| O|  |TAMS 0x000000008b000000| PB 0x000000008b000000| Untracked 
| 176|0x000000008b000000, 0x000000008b100000, 0x000000008b100000|100%|HS|  |TAMS 0x000000008b100000| PB 0x000000008b000000| Complete 
| 177|0x000000008b100000, 0x000000008b200000, 0x000000008b200000|100%| O|  |TAMS 0x000000008b200000| PB 0x000000008b200000| Untracked 
| 178|0x000000008b200000, 0x000000008b300000, 0x000000008b300000|100%| O|  |TAMS 0x000000008b300000| PB 0x000000008b300000| Untracked 
| 179|0x000000008b300000, 0x000000008b400000, 0x000000008b400000|100%| O|  |TAMS 0x000000008b400000| PB 0x000000008b400000| Untracked 
| 180|0x000000008b400000, 0x000000008b400000, 0x000000008b500000|  0%| F|  |TAMS 0x000000008b400000| PB 0x000000008b400000| Untracked 
| 181|0x000000008b500000, 0x000000008b600000, 0x000000008b600000|100%| O|  |TAMS 0x000000008b600000| PB 0x000000008b600000| Updating 
| 182|0x000000008b600000, 0x000000008b700000, 0x000000008b700000|100%| O|  |TAMS 0x000000008b700000| PB 0x000000008b700000| Updating 
| 183|0x000000008b700000, 0x000000008b800000, 0x000000008b800000|100%| O|  |TAMS 0x000000008b800000| PB 0x000000008b800000| Untracked 
| 184|0x000000008b800000, 0x000000008b900000, 0x000000008b900000|100%| O|  |TAMS 0x000000008b900000| PB 0x000000008b900000| Updating 
| 185|0x000000008b900000, 0x000000008ba00000, 0x000000008ba00000|100%| O|  |TAMS 0x000000008ba00000| PB 0x000000008ba00000| Updating 
| 186|0x000000008ba00000, 0x000000008bb00000, 0x000000008bb00000|100%| O|  |TAMS 0x000000008bb00000| PB 0x000000008bb00000| Untracked 
| 187|0x000000008bb00000, 0x000000008bc00000, 0x000000008bc00000|100%| O|  |TAMS 0x000000008bc00000| PB 0x000000008bc00000| Updating 
| 188|0x000000008bc00000, 0x000000008bd00000, 0x000000008bd00000|100%| O|  |TAMS 0x000000008bd00000| PB 0x000000008bd00000| Untracked 
| 189|0x000000008bd00000, 0x000000008be00000, 0x000000008be00000|100%| O|  |TAMS 0x000000008be00000| PB 0x000000008be00000| Untracked 
| 190|0x000000008be00000, 0x000000008bf00000, 0x000000008bf00000|100%| O|  |TAMS 0x000000008bf00000| PB 0x000000008bf00000| Updating 
| 191|0x000000008bf00000, 0x000000008c000000, 0x000000008c000000|100%| O|  |TAMS 0x000000008c000000| PB 0x000000008c000000| Untracked 
| 192|0x000000008c000000, 0x000000008c100000, 0x000000008c100000|100%| O|  |TAMS 0x000000008c000000| PB 0x000000008c000000| Untracked 
| 193|0x000000008c100000, 0x000000008c200000, 0x000000008c200000|100%| O|  |TAMS 0x000000008c200000| PB 0x000000008c200000| Updating 
| 194|0x000000008c200000, 0x000000008c300000, 0x000000008c300000|100%| O|  |TAMS 0x000000008c300000| PB 0x000000008c300000| Untracked 
| 195|0x000000008c300000, 0x000000008c400000, 0x000000008c400000|100%| O|  |TAMS 0x000000008c400000| PB 0x000000008c400000| Updating 
| 196|0x000000008c400000, 0x000000008c500000, 0x000000008c500000|100%|HS|  |TAMS 0x000000008c500000| PB 0x000000008c400000| Complete 
| 197|0x000000008c500000, 0x000000008c600000, 0x000000008c600000|100%| O|  |TAMS 0x000000008c600000| PB 0x000000008c600000| Untracked 
| 198|0x000000008c600000, 0x000000008c700000, 0x000000008c700000|100%| O|  |TAMS 0x000000008c700000| PB 0x000000008c700000| Updating 
| 199|0x000000008c700000, 0x000000008c800000, 0x000000008c800000|100%|HS|  |TAMS 0x000000008c800000| PB 0x000000008c700000| Complete 
| 200|0x000000008c800000, 0x000000008c900000, 0x000000008c900000|100%|HS|  |TAMS 0x000000008c900000| PB 0x000000008c800000| Complete 
| 201|0x000000008c900000, 0x000000008ca00000, 0x000000008ca00000|100%|HC|  |TAMS 0x000000008ca00000| PB 0x000000008c900000| Complete 
| 202|0x000000008ca00000, 0x000000008cb00000, 0x000000008cb00000|100%| O|  |TAMS 0x000000008cb00000| PB 0x000000008cb00000| Updating 
| 203|0x000000008cb00000, 0x000000008cc00000, 0x000000008cc00000|100%| O|  |TAMS 0x000000008cc00000| PB 0x000000008cc00000| Untracked 
| 204|0x000000008cc00000, 0x000000008cd00000, 0x000000008cd00000|100%| O|  |TAMS 0x000000008cd00000| PB 0x000000008cd00000| Untracked 
| 205|0x000000008cd00000, 0x000000008ce00000, 0x000000008ce00000|100%| O|  |TAMS 0x000000008ce00000| PB 0x000000008ce00000| Updating 
| 206|0x000000008ce00000, 0x000000008cf00000, 0x000000008cf00000|100%| O|  |TAMS 0x000000008cf00000| PB 0x000000008cf00000| Updating 
| 207|0x000000008cf00000, 0x000000008d000000, 0x000000008d000000|100%| O|  |TAMS 0x000000008d000000| PB 0x000000008d000000| Updating 
| 208|0x000000008d000000, 0x000000008d100000, 0x000000008d100000|100%| O|  |TAMS 0x000000008d100000| PB 0x000000008d100000| Updating 
| 209|0x000000008d100000, 0x000000008d200000, 0x000000008d200000|100%| O|  |TAMS 0x000000008d200000| PB 0x000000008d200000| Updating 
| 210|0x000000008d200000, 0x000000008d300000, 0x000000008d300000|100%| O|  |TAMS 0x000000008d300000| PB 0x000000008d300000| Untracked 
| 211|0x000000008d300000, 0x000000008d400000, 0x000000008d400000|100%| O|  |TAMS 0x000000008d400000| PB 0x000000008d400000| Untracked 
| 212|0x000000008d400000, 0x000000008d500000, 0x000000008d500000|100%| O|  |TAMS 0x000000008d500000| PB 0x000000008d500000| Untracked 
| 213|0x000000008d500000, 0x000000008d600000, 0x000000008d600000|100%| O|  |TAMS 0x000000008d600000| PB 0x000000008d600000| Untracked 
| 214|0x000000008d600000, 0x000000008d700000, 0x000000008d700000|100%|HS|  |TAMS 0x000000008d700000| PB 0x000000008d600000| Complete 
| 215|0x000000008d700000, 0x000000008d800000, 0x000000008d800000|100%|HC|  |TAMS 0x000000008d800000| PB 0x000000008d700000| Complete 
| 216|0x000000008d800000, 0x000000008d900000, 0x000000008d900000|100%| O|  |TAMS 0x000000008d900000| PB 0x000000008d900000| Updating 
| 217|0x000000008d900000, 0x000000008da00000, 0x000000008da00000|100%| O|  |TAMS 0x000000008da00000| PB 0x000000008da00000| Updating 
| 218|0x000000008da00000, 0x000000008db00000, 0x000000008db00000|100%| O|  |TAMS 0x000000008db00000| PB 0x000000008db00000| Untracked 
| 219|0x000000008db00000, 0x000000008dc00000, 0x000000008dc00000|100%| O|  |TAMS 0x000000008dc00000| PB 0x000000008dc00000| Untracked 
| 220|0x000000008dc00000, 0x000000008dd00000, 0x000000008dd00000|100%| O|  |TAMS 0x000000008dd00000| PB 0x000000008dd00000| Updating 
| 221|0x000000008dd00000, 0x000000008de00000, 0x000000008de00000|100%| O|  |TAMS 0x000000008de00000| PB 0x000000008de00000| Updating 
| 222|0x000000008de00000, 0x000000008df00000, 0x000000008df00000|100%| O|  |TAMS 0x000000008df00000| PB 0x000000008df00000| Untracked 
| 223|0x000000008df00000, 0x000000008e000000, 0x000000008e000000|100%| O|  |TAMS 0x000000008e000000| PB 0x000000008e000000| Untracked 
| 224|0x000000008e000000, 0x000000008e100000, 0x000000008e100000|100%| O|  |TAMS 0x000000008e100000| PB 0x000000008e100000| Untracked 
| 225|0x000000008e100000, 0x000000008e200000, 0x000000008e200000|100%| O|  |TAMS 0x000000008e200000| PB 0x000000008e200000| Untracked 
| 226|0x000000008e200000, 0x000000008e300000, 0x000000008e300000|100%| O|  |TAMS 0x000000008e300000| PB 0x000000008e300000| Untracked 
| 227|0x000000008e300000, 0x000000008e400000, 0x000000008e400000|100%| O|  |TAMS 0x000000008e400000| PB 0x000000008e400000| Untracked 
| 228|0x000000008e400000, 0x000000008e500000, 0x000000008e500000|100%| O|  |TAMS 0x000000008e500000| PB 0x000000008e500000| Untracked 
| 229|0x000000008e500000, 0x000000008e600000, 0x000000008e600000|100%| O|  |TAMS 0x000000008e600000| PB 0x000000008e600000| Untracked 
| 230|0x000000008e600000, 0x000000008e700000, 0x000000008e700000|100%| O|  |TAMS 0x000000008e700000| PB 0x000000008e700000| Untracked 
| 231|0x000000008e700000, 0x000000008e800000, 0x000000008e800000|100%| O|  |TAMS 0x000000008e700000| PB 0x000000008e700000| Untracked 
| 232|0x000000008e800000, 0x000000008e900000, 0x000000008e900000|100%| O|  |TAMS 0x000000008e900000| PB 0x000000008e900000| Updating 
| 233|0x000000008e900000, 0x000000008ea00000, 0x000000008ea00000|100%| O|  |TAMS 0x000000008ea00000| PB 0x000000008ea00000| Untracked 
| 234|0x000000008ea00000, 0x000000008eb00000, 0x000000008eb00000|100%| O|  |TAMS 0x000000008eb00000| PB 0x000000008eb00000| Untracked 
| 235|0x000000008eb00000, 0x000000008ec00000, 0x000000008ec00000|100%| O|  |TAMS 0x000000008ec00000| PB 0x000000008ec00000| Updating 
| 236|0x000000008ec00000, 0x000000008ed00000, 0x000000008ed00000|100%| O|  |TAMS 0x000000008ed00000| PB 0x000000008ed00000| Updating 
| 237|0x000000008ed00000, 0x000000008ee00000, 0x000000008ee00000|100%| O|  |TAMS 0x000000008ee00000| PB 0x000000008ee00000| Updating 
| 238|0x000000008ee00000, 0x000000008ef00000, 0x000000008ef00000|100%| O|  |TAMS 0x000000008ef00000| PB 0x000000008ef00000| Untracked 
| 239|0x000000008ef00000, 0x000000008f000000, 0x000000008f000000|100%| O|  |TAMS 0x000000008f000000| PB 0x000000008f000000| Updating 
| 240|0x000000008f000000, 0x000000008f100000, 0x000000008f100000|100%|HS|  |TAMS 0x000000008f100000| PB 0x000000008f000000| Complete 
| 241|0x000000008f100000, 0x000000008f200000, 0x000000008f200000|100%|HC|  |TAMS 0x000000008f200000| PB 0x000000008f100000| Complete 
| 242|0x000000008f200000, 0x000000008f300000, 0x000000008f300000|100%|HS|  |TAMS 0x000000008f300000| PB 0x000000008f200000| Complete 
| 243|0x000000008f300000, 0x000000008f400000, 0x000000008f400000|100%|HC|  |TAMS 0x000000008f400000| PB 0x000000008f300000| Complete 
| 244|0x000000008f400000, 0x000000008f500000, 0x000000008f500000|100%|HS|  |TAMS 0x000000008f500000| PB 0x000000008f400000| Complete 
| 245|0x000000008f500000, 0x000000008f600000, 0x000000008f600000|100%|HC|  |TAMS 0x000000008f600000| PB 0x000000008f500000| Complete 
| 246|0x000000008f600000, 0x000000008f700000, 0x000000008f700000|100%| O|  |TAMS 0x000000008f700000| PB 0x000000008f700000| Updating 
| 247|0x000000008f700000, 0x000000008f800000, 0x000000008f800000|100%|HS|  |TAMS 0x000000008f800000| PB 0x000000008f700000| Complete 
| 248|0x000000008f800000, 0x000000008f900000, 0x000000008f900000|100%|HC|  |TAMS 0x000000008f900000| PB 0x000000008f800000| Complete 
| 249|0x000000008f900000, 0x000000008fa00000, 0x000000008fa00000|100%|HC|  |TAMS 0x000000008fa00000| PB 0x000000008f900000| Complete 
| 250|0x000000008fa00000, 0x000000008fb00000, 0x000000008fb00000|100%|HS|  |TAMS 0x000000008fb00000| PB 0x000000008fa00000| Complete 
| 251|0x000000008fb00000, 0x000000008fc00000, 0x000000008fc00000|100%|HC|  |TAMS 0x000000008fc00000| PB 0x000000008fb00000| Complete 
| 252|0x000000008fc00000, 0x000000008fd00000, 0x000000008fd00000|100%|HC|  |TAMS 0x000000008fd00000| PB 0x000000008fc00000| Complete 
| 253|0x000000008fd00000, 0x000000008fe00000, 0x000000008fe00000|100%| O|  |TAMS 0x000000008fe00000| PB 0x000000008fe00000| Untracked 
| 254|0x000000008fe00000, 0x000000008ff00000, 0x000000008ff00000|100%| O|  |TAMS 0x000000008ff00000| PB 0x000000008ff00000| Updating 
| 255|0x000000008ff00000, 0x0000000090000000, 0x0000000090000000|100%| O|  |TAMS 0x0000000090000000| PB 0x0000000090000000| Updating 
| 256|0x0000000090000000, 0x0000000090100000, 0x0000000090100000|100%|HS|  |TAMS 0x0000000090100000| PB 0x0000000090000000| Complete 
| 257|0x0000000090100000, 0x0000000090200000, 0x0000000090200000|100%|HC|  |TAMS 0x0000000090200000| PB 0x0000000090100000| Complete 
| 258|0x0000000090200000, 0x0000000090300000, 0x0000000090300000|100%|HS|  |TAMS 0x0000000090300000| PB 0x0000000090200000| Complete 
| 259|0x0000000090300000, 0x0000000090400000, 0x0000000090400000|100%|HC|  |TAMS 0x0000000090400000| PB 0x0000000090300000| Complete 
| 260|0x0000000090400000, 0x0000000090500000, 0x0000000090500000|100%|HS|  |TAMS 0x0000000090500000| PB 0x0000000090400000| Complete 
| 261|0x0000000090500000, 0x0000000090600000, 0x0000000090600000|100%|HC|  |TAMS 0x0000000090600000| PB 0x0000000090500000| Complete 
| 262|0x0000000090600000, 0x0000000090700000, 0x0000000090700000|100%|HS|  |TAMS 0x0000000090700000| PB 0x0000000090600000| Complete 
| 263|0x0000000090700000, 0x0000000090800000, 0x0000000090800000|100%|HC|  |TAMS 0x0000000090800000| PB 0x0000000090700000| Complete 
| 264|0x0000000090800000, 0x0000000090900000, 0x0000000090900000|100%| O|  |TAMS 0x0000000090900000| PB 0x0000000090900000| Updating 
| 265|0x0000000090900000, 0x0000000090a00000, 0x0000000090a00000|100%| O|  |TAMS 0x0000000090a00000| PB 0x0000000090a00000| Updating 
| 266|0x0000000090a00000, 0x0000000090b00000, 0x0000000090b00000|100%| O|  |TAMS 0x0000000090b00000| PB 0x0000000090b00000| Updating 
| 267|0x0000000090b00000, 0x0000000090c00000, 0x0000000090c00000|100%| O|  |TAMS 0x0000000090c00000| PB 0x0000000090c00000| Updating 
| 268|0x0000000090c00000, 0x0000000090d00000, 0x0000000090d00000|100%| O|  |TAMS 0x0000000090d00000| PB 0x0000000090d00000| Updating 
| 269|0x0000000090d00000, 0x0000000090e00000, 0x0000000090e00000|100%| O|  |TAMS 0x0000000090d00000| PB 0x0000000090d00000| Untracked 
| 270|0x0000000090e00000, 0x0000000090f00000, 0x0000000090f00000|100%| O|  |TAMS 0x0000000090f00000| PB 0x0000000090f00000| Untracked 
| 271|0x0000000090f00000, 0x0000000091000000, 0x0000000091000000|100%| O|  |TAMS 0x0000000091000000| PB 0x0000000091000000| Updating 
| 272|0x0000000091000000, 0x0000000091100000, 0x0000000091100000|100%| O|  |TAMS 0x0000000091100000| PB 0x0000000091100000| Untracked 
| 273|0x0000000091100000, 0x0000000091200000, 0x0000000091200000|100%| O|  |TAMS 0x0000000091200000| PB 0x0000000091200000| Updating 
| 274|0x0000000091200000, 0x0000000091300000, 0x0000000091300000|100%| O|  |TAMS 0x0000000091300000| PB 0x0000000091300000| Updating 
| 275|0x0000000091300000, 0x0000000091400000, 0x0000000091400000|100%| O|  |TAMS 0x0000000091400000| PB 0x0000000091400000| Updating 
| 276|0x0000000091400000, 0x0000000091500000, 0x0000000091500000|100%| O|  |TAMS 0x0000000091500000| PB 0x0000000091500000| Updating 
| 277|0x0000000091500000, 0x0000000091600000, 0x0000000091600000|100%| O|  |TAMS 0x0000000091500000| PB 0x0000000091500000| Untracked 
| 278|0x0000000091600000, 0x0000000091700000, 0x0000000091700000|100%| O|  |TAMS 0x0000000091700000| PB 0x0000000091700000| Untracked 
| 279|0x0000000091700000, 0x0000000091800000, 0x0000000091800000|100%| O|  |TAMS 0x0000000091800000| PB 0x0000000091800000| Untracked 
| 280|0x0000000091800000, 0x0000000091900000, 0x0000000091900000|100%|HS|  |TAMS 0x0000000091900000| PB 0x0000000091800000| Complete 
| 281|0x0000000091900000, 0x0000000091a00000, 0x0000000091a00000|100%| O|  |TAMS 0x0000000091a00000| PB 0x0000000091a00000| Untracked 
| 282|0x0000000091a00000, 0x0000000091b00000, 0x0000000091b00000|100%| O|  |TAMS 0x0000000091b00000| PB 0x0000000091b00000| Untracked 
| 283|0x0000000091b00000, 0x0000000091c00000, 0x0000000091c00000|100%| O|  |TAMS 0x0000000091c00000| PB 0x0000000091c00000| Untracked 
| 284|0x0000000091c00000, 0x0000000091c00000, 0x0000000091d00000|  0%| F|  |TAMS 0x0000000091c00000| PB 0x0000000091c00000| Untracked 
| 285|0x0000000091d00000, 0x0000000091d00000, 0x0000000091e00000|  0%| F|  |TAMS 0x0000000091d00000| PB 0x0000000091d00000| Untracked 
| 286|0x0000000091e00000, 0x0000000091f00000, 0x0000000091f00000|100%| O|  |TAMS 0x0000000091f00000| PB 0x0000000091f00000| Untracked 
| 287|0x0000000091f00000, 0x0000000092000000, 0x0000000092000000|100%| O|  |TAMS 0x0000000091f00000| PB 0x0000000091f00000| Untracked 
| 288|0x0000000092000000, 0x0000000092100000, 0x0000000092100000|100%| O|  |TAMS 0x0000000092100000| PB 0x0000000092100000| Untracked 
| 289|0x0000000092100000, 0x0000000092200000, 0x0000000092200000|100%| O|  |TAMS 0x0000000092100000| PB 0x0000000092100000| Untracked 
| 290|0x0000000092200000, 0x0000000092300000, 0x0000000092300000|100%| O|  |TAMS 0x0000000092300000| PB 0x0000000092300000| Untracked 
| 291|0x0000000092300000, 0x0000000092400000, 0x0000000092400000|100%| O|  |TAMS 0x0000000092400000| PB 0x0000000092400000| Updating 
| 292|0x0000000092400000, 0x0000000092500000, 0x0000000092500000|100%| O|  |TAMS 0x0000000092500000| PB 0x0000000092500000| Updating 
| 293|0x0000000092500000, 0x0000000092600000, 0x0000000092600000|100%|HS|  |TAMS 0x0000000092600000| PB 0x0000000092500000| Complete 
| 294|0x0000000092600000, 0x0000000092700000, 0x0000000092700000|100%|HC|  |TAMS 0x0000000092700000| PB 0x0000000092600000| Complete 
| 295|0x0000000092700000, 0x0000000092800000, 0x0000000092800000|100%| O|  |TAMS 0x0000000092800000| PB 0x0000000092800000| Updating 
| 296|0x0000000092800000, 0x0000000092900000, 0x0000000092900000|100%| O|  |TAMS 0x0000000092900000| PB 0x0000000092900000| Updating 
| 297|0x0000000092900000, 0x0000000092a00000, 0x0000000092a00000|100%| O|  |TAMS 0x0000000092a00000| PB 0x0000000092a00000| Updating 
| 298|0x0000000092a00000, 0x0000000092b00000, 0x0000000092b00000|100%| O|  |TAMS 0x0000000092b00000| PB 0x0000000092b00000| Updating 
| 299|0x0000000092b00000, 0x0000000092c00000, 0x0000000092c00000|100%| O|  |TAMS 0x0000000092c00000| PB 0x0000000092c00000| Updating 
| 300|0x0000000092c00000, 0x0000000092d00000, 0x0000000092d00000|100%| O|  |TAMS 0x0000000092d00000| PB 0x0000000092d00000| Updating 
| 301|0x0000000092d00000, 0x0000000092e00000, 0x0000000092e00000|100%|HS|  |TAMS 0x0000000092e00000| PB 0x0000000092d00000| Complete 
| 302|0x0000000092e00000, 0x0000000092f00000, 0x0000000092f00000|100%|HC|  |TAMS 0x0000000092f00000| PB 0x0000000092e00000| Complete 
| 303|0x0000000092f00000, 0x0000000093000000, 0x0000000093000000|100%| O|  |TAMS 0x0000000092f00000| PB 0x0000000092f00000| Untracked 
| 304|0x0000000093000000, 0x0000000093100000, 0x0000000093100000|100%| O|  |TAMS 0x0000000093100000| PB 0x0000000093100000| Untracked 
| 305|0x0000000093100000, 0x0000000093200000, 0x0000000093200000|100%| O|  |TAMS 0x0000000093200000| PB 0x0000000093200000| Updating 
| 306|0x0000000093200000, 0x0000000093300000, 0x0000000093300000|100%| O|  |TAMS 0x0000000093300000| PB 0x0000000093300000| Updating 
| 307|0x0000000093300000, 0x0000000093400000, 0x0000000093400000|100%| O|  |TAMS 0x0000000093400000| PB 0x0000000093400000| Untracked 
| 308|0x0000000093400000, 0x0000000093500000, 0x0000000093500000|100%| O|  |TAMS 0x0000000093500000| PB 0x0000000093500000| Updating 
| 309|0x0000000093500000, 0x0000000093600000, 0x0000000093600000|100%| O|  |TAMS 0x0000000093600000| PB 0x0000000093600000| Updating 
| 310|0x0000000093600000, 0x0000000093700000, 0x0000000093700000|100%| O|  |TAMS 0x0000000093600000| PB 0x0000000093600000| Untracked 
| 311|0x0000000093700000, 0x0000000093800000, 0x0000000093800000|100%|HS|  |TAMS 0x0000000093800000| PB 0x0000000093700000| Complete 
| 312|0x0000000093800000, 0x0000000093900000, 0x0000000093900000|100%| O|  |TAMS 0x0000000093800000| PB 0x0000000093800000| Untracked 
| 313|0x0000000093900000, 0x0000000093a00000, 0x0000000093a00000|100%| O|  |TAMS 0x0000000093900000| PB 0x0000000093900000| Untracked 
| 314|0x0000000093a00000, 0x0000000093b00000, 0x0000000093b00000|100%| O|  |TAMS 0x0000000093b00000| PB 0x0000000093b00000| Untracked 
| 315|0x0000000093b00000, 0x0000000093c00000, 0x0000000093c00000|100%| O|  |TAMS 0x0000000093c00000| PB 0x0000000093c00000| Updating 
| 316|0x0000000093c00000, 0x0000000093d00000, 0x0000000093d00000|100%| O|  |TAMS 0x0000000093d00000| PB 0x0000000093d00000| Updating 
| 317|0x0000000093d00000, 0x0000000093e00000, 0x0000000093e00000|100%| O|  |TAMS 0x0000000093e00000| PB 0x0000000093e00000| Updating 
| 318|0x0000000093e00000, 0x0000000093f00000, 0x0000000093f00000|100%| O|  |TAMS 0x0000000093f00000| PB 0x0000000093f00000| Untracked 
| 319|0x0000000093f00000, 0x0000000094000000, 0x0000000094000000|100%| O|  |TAMS 0x0000000094000000| PB 0x0000000094000000| Untracked 
| 320|0x0000000094000000, 0x0000000094100000, 0x0000000094100000|100%| O|  |TAMS 0x0000000094100000| PB 0x0000000094100000| Untracked 
| 321|0x0000000094100000, 0x0000000094200000, 0x0000000094200000|100%| O|  |TAMS 0x0000000094200000| PB 0x0000000094200000| Untracked 
| 322|0x0000000094200000, 0x0000000094300000, 0x0000000094300000|100%| O|  |TAMS 0x0000000094300000| PB 0x0000000094300000| Untracked 
| 323|0x0000000094300000, 0x0000000094400000, 0x0000000094400000|100%| O|  |TAMS 0x0000000094400000| PB 0x0000000094400000| Untracked 
| 324|0x0000000094400000, 0x0000000094500000, 0x0000000094500000|100%| O|  |TAMS 0x0000000094500000| PB 0x0000000094500000| Untracked 
| 325|0x0000000094500000, 0x0000000094600000, 0x0000000094600000|100%| O|  |TAMS 0x0000000094600000| PB 0x0000000094600000| Untracked 
| 326|0x0000000094600000, 0x0000000094700000, 0x0000000094700000|100%| O|  |TAMS 0x0000000094700000| PB 0x0000000094700000| Untracked 
| 327|0x0000000094700000, 0x0000000094800000, 0x0000000094800000|100%| O|  |TAMS 0x0000000094800000| PB 0x0000000094800000| Untracked 
| 328|0x0000000094800000, 0x0000000094900000, 0x0000000094900000|100%| O|  |TAMS 0x0000000094900000| PB 0x0000000094900000| Untracked 
| 329|0x0000000094900000, 0x0000000094a00000, 0x0000000094a00000|100%| O|  |TAMS 0x0000000094a00000| PB 0x0000000094a00000| Updating 
| 330|0x0000000094a00000, 0x0000000094b00000, 0x0000000094b00000|100%| O|  |TAMS 0x0000000094b00000| PB 0x0000000094b00000| Untracked 
| 331|0x0000000094b00000, 0x0000000094c00000, 0x0000000094c00000|100%| O|  |TAMS 0x0000000094c00000| PB 0x0000000094c00000| Untracked 
| 332|0x0000000094c00000, 0x0000000094d00000, 0x0000000094d00000|100%| O|  |TAMS 0x0000000094d00000| PB 0x0000000094d00000| Untracked 
| 333|0x0000000094d00000, 0x0000000094e00000, 0x0000000094e00000|100%| O|  |TAMS 0x0000000094e00000| PB 0x0000000094e00000| Untracked 
| 334|0x0000000094e00000, 0x0000000094f00000, 0x0000000094f00000|100%| O|  |TAMS 0x0000000094f00000| PB 0x0000000094f00000| Untracked 
| 335|0x0000000094f00000, 0x0000000095000000, 0x0000000095000000|100%| O|  |TAMS 0x0000000095000000| PB 0x0000000095000000| Untracked 
| 336|0x0000000095000000, 0x0000000095100000, 0x0000000095100000|100%| O|  |TAMS 0x0000000095100000| PB 0x0000000095100000| Untracked 
| 337|0x0000000095100000, 0x0000000095200000, 0x0000000095200000|100%| O|  |TAMS 0x0000000095200000| PB 0x0000000095200000| Untracked 
| 338|0x0000000095200000, 0x0000000095300000, 0x0000000095300000|100%| O|  |TAMS 0x0000000095300000| PB 0x0000000095300000| Untracked 
| 339|0x0000000095300000, 0x0000000095400000, 0x0000000095400000|100%| O|  |TAMS 0x0000000095400000| PB 0x0000000095400000| Updating 
| 340|0x0000000095400000, 0x0000000095500000, 0x0000000095500000|100%| O|  |TAMS 0x0000000095500000| PB 0x0000000095500000| Updating 
| 341|0x0000000095500000, 0x0000000095600000, 0x0000000095600000|100%|HS|  |TAMS 0x0000000095600000| PB 0x0000000095500000| Complete 
| 342|0x0000000095600000, 0x0000000095700000, 0x0000000095700000|100%|HS|  |TAMS 0x0000000095700000| PB 0x0000000095600000| Complete 
| 343|0x0000000095700000, 0x0000000095800000, 0x0000000095800000|100%| O|  |TAMS 0x0000000095800000| PB 0x0000000095800000| Untracked 
| 344|0x0000000095800000, 0x0000000095900000, 0x0000000095900000|100%| O|  |TAMS 0x0000000095900000| PB 0x0000000095900000| Untracked 
| 345|0x0000000095900000, 0x0000000095a00000, 0x0000000095a00000|100%| O|  |TAMS 0x0000000095a00000| PB 0x0000000095a00000| Untracked 
| 346|0x0000000095a00000, 0x0000000095b00000, 0x0000000095b00000|100%| O|  |TAMS 0x0000000095b00000| PB 0x0000000095b00000| Updating 
| 347|0x0000000095b00000, 0x0000000095c00000, 0x0000000095c00000|100%| O|  |TAMS 0x0000000095c00000| PB 0x0000000095c00000| Untracked 
| 348|0x0000000095c00000, 0x0000000095d00000, 0x0000000095d00000|100%| O|  |TAMS 0x0000000095d00000| PB 0x0000000095d00000| Untracked 
| 349|0x0000000095d00000, 0x0000000095e00000, 0x0000000095e00000|100%| O|  |TAMS 0x0000000095e00000| PB 0x0000000095e00000| Updating 
| 350|0x0000000095e00000, 0x0000000095f00000, 0x0000000095f00000|100%| O|  |TAMS 0x0000000095f00000| PB 0x0000000095f00000| Untracked 
| 351|0x0000000095f00000, 0x0000000096000000, 0x0000000096000000|100%| O|  |TAMS 0x0000000096000000| PB 0x0000000096000000| Untracked 
| 352|0x0000000096000000, 0x0000000096100000, 0x0000000096100000|100%| O|  |TAMS 0x0000000096100000| PB 0x0000000096100000| Untracked 
| 353|0x0000000096100000, 0x0000000096200000, 0x0000000096200000|100%| O|  |TAMS 0x0000000096200000| PB 0x0000000096200000| Updating 
| 354|0x0000000096200000, 0x0000000096300000, 0x0000000096300000|100%| O|  |TAMS 0x0000000096300000| PB 0x0000000096300000| Untracked 
| 355|0x0000000096300000, 0x0000000096400000, 0x0000000096400000|100%| O|  |TAMS 0x0000000096400000| PB 0x0000000096400000| Untracked 
| 356|0x0000000096400000, 0x0000000096500000, 0x0000000096500000|100%| O|  |TAMS 0x0000000096500000| PB 0x0000000096500000| Untracked 
| 357|0x0000000096500000, 0x0000000096600000, 0x0000000096600000|100%| O|  |TAMS 0x0000000096600000| PB 0x0000000096600000| Updating 
| 358|0x0000000096600000, 0x0000000096700000, 0x0000000096700000|100%| O|  |TAMS 0x0000000096700000| PB 0x0000000096700000| Updating 
| 359|0x0000000096700000, 0x0000000096800000, 0x0000000096800000|100%| O|  |TAMS 0x0000000096800000| PB 0x0000000096800000| Updating 
| 360|0x0000000096800000, 0x0000000096900000, 0x0000000096900000|100%| O|  |TAMS 0x0000000096900000| PB 0x0000000096900000| Updating 
| 361|0x0000000096900000, 0x0000000096a00000, 0x0000000096a00000|100%| O|  |TAMS 0x0000000096900000| PB 0x0000000096900000| Untracked 
| 362|0x0000000096a00000, 0x0000000096b00000, 0x0000000096b00000|100%| O|  |TAMS 0x0000000096b00000| PB 0x0000000096b00000| Updating 
| 363|0x0000000096b00000, 0x0000000096c00000, 0x0000000096c00000|100%| O|  |TAMS 0x0000000096b00000| PB 0x0000000096b00000| Untracked 
| 364|0x0000000096c00000, 0x0000000096d00000, 0x0000000096d00000|100%| O|  |TAMS 0x0000000096c00000| PB 0x0000000096c00000| Untracked 
| 365|0x0000000096d00000, 0x0000000096e00000, 0x0000000096e00000|100%| O|  |TAMS 0x0000000096d00000| PB 0x0000000096d00000| Untracked 
| 366|0x0000000096e00000, 0x0000000096f00000, 0x0000000096f00000|100%| O|  |TAMS 0x0000000096f00000| PB 0x0000000096f00000| Untracked 
| 367|0x0000000096f00000, 0x0000000097000000, 0x0000000097000000|100%| O|  |TAMS 0x0000000097000000| PB 0x0000000097000000| Untracked 
| 368|0x0000000097000000, 0x0000000097100000, 0x0000000097100000|100%| O|  |TAMS 0x0000000097100000| PB 0x0000000097100000| Updating 
| 369|0x0000000097100000, 0x0000000097200000, 0x0000000097200000|100%| O|  |TAMS 0x0000000097200000| PB 0x0000000097200000| Updating 
| 370|0x0000000097200000, 0x0000000097300000, 0x0000000097300000|100%| O|  |TAMS 0x0000000097300000| PB 0x0000000097300000| Untracked 
| 371|0x0000000097300000, 0x0000000097400000, 0x0000000097400000|100%| O|  |TAMS 0x0000000097400000| PB 0x0000000097400000| Untracked 
| 372|0x0000000097400000, 0x0000000097500000, 0x0000000097500000|100%| O|  |TAMS 0x0000000097500000| PB 0x0000000097500000| Untracked 
| 373|0x0000000097500000, 0x0000000097600000, 0x0000000097600000|100%| O|  |TAMS 0x0000000097600000| PB 0x0000000097600000| Untracked 
| 374|0x0000000097600000, 0x0000000097700000, 0x0000000097700000|100%| O|  |TAMS 0x0000000097700000| PB 0x0000000097700000| Untracked 
| 375|0x0000000097700000, 0x0000000097800000, 0x0000000097800000|100%| O|  |TAMS 0x0000000097800000| PB 0x0000000097800000| Untracked 
| 376|0x0000000097800000, 0x0000000097900000, 0x0000000097900000|100%| O|  |TAMS 0x0000000097900000| PB 0x0000000097900000| Untracked 
| 377|0x0000000097900000, 0x0000000097a00000, 0x0000000097a00000|100%| O|  |TAMS 0x0000000097900000| PB 0x0000000097900000| Untracked 
| 378|0x0000000097a00000, 0x0000000097b00000, 0x0000000097b00000|100%| O|  |TAMS 0x0000000097b00000| PB 0x0000000097b00000| Updating 
| 379|0x0000000097b00000, 0x0000000097c00000, 0x0000000097c00000|100%| O|  |TAMS 0x0000000097b00000| PB 0x0000000097b00000| Untracked 
| 380|0x0000000097c00000, 0x0000000097d00000, 0x0000000097d00000|100%| O|  |TAMS 0x0000000097c00000| PB 0x0000000097c00000| Untracked 
| 381|0x0000000097d00000, 0x0000000097e00000, 0x0000000097e00000|100%| O|  |TAMS 0x0000000097e00000| PB 0x0000000097e00000| Updating 
| 382|0x0000000097e00000, 0x0000000097f00000, 0x0000000097f00000|100%| O|  |TAMS 0x0000000097e00000| PB 0x0000000097e00000| Untracked 
| 383|0x0000000097f00000, 0x0000000097fa0058, 0x0000000098000000| 62%| O|  |TAMS 0x0000000097f00000| PB 0x0000000097f00000| Updating 
| 384|0x0000000098000000, 0x0000000098100000, 0x0000000098100000|100%|HS|  |TAMS 0x0000000098000000| PB 0x0000000098000000| Complete 
| 385|0x0000000098100000, 0x0000000098200000, 0x0000000098200000|100%|HS|  |TAMS 0x0000000098200000| PB 0x0000000098100000| Complete 
| 386|0x0000000098200000, 0x0000000098300000, 0x0000000098300000|100%| O|  |TAMS 0x0000000098300000| PB 0x0000000098300000| Untracked 
| 387|0x0000000098300000, 0x0000000098400000, 0x0000000098400000|100%| O|  |TAMS 0x0000000098400000| PB 0x0000000098400000| Updating 
| 388|0x0000000098400000, 0x0000000098500000, 0x0000000098500000|100%| O|  |TAMS 0x0000000098500000| PB 0x0000000098500000| Updating 
| 389|0x0000000098500000, 0x0000000098600000, 0x0000000098600000|100%| O|  |TAMS 0x0000000098600000| PB 0x0000000098600000| Updating 
| 390|0x0000000098600000, 0x0000000098700000, 0x0000000098700000|100%| O|  |TAMS 0x0000000098700000| PB 0x0000000098700000| Untracked 
| 391|0x0000000098700000, 0x0000000098800000, 0x0000000098800000|100%| O|  |TAMS 0x0000000098800000| PB 0x0000000098800000| Updating 
| 392|0x0000000098800000, 0x0000000098900000, 0x0000000098900000|100%| O|  |TAMS 0x0000000098900000| PB 0x0000000098900000| Updating 
| 393|0x0000000098900000, 0x0000000098a00000, 0x0000000098a00000|100%| O|  |TAMS 0x0000000098a00000| PB 0x0000000098a00000| Updating 
| 394|0x0000000098a00000, 0x0000000098b00000, 0x0000000098b00000|100%| O|  |TAMS 0x0000000098b00000| PB 0x0000000098b00000| Updating 
| 395|0x0000000098b00000, 0x0000000098c00000, 0x0000000098c00000|100%| O|  |TAMS 0x0000000098c00000| PB 0x0000000098c00000| Updating 
| 396|0x0000000098c00000, 0x0000000098d00000, 0x0000000098d00000|100%| O|  |TAMS 0x0000000098d00000| PB 0x0000000098d00000| Updating 
| 397|0x0000000098d00000, 0x0000000098d00000, 0x0000000098e00000|  0%| F|  |TAMS 0x0000000098d00000| PB 0x0000000098d00000| Untracked 
| 398|0x0000000098e00000, 0x0000000098f00000, 0x0000000098f00000|100%| O|  |TAMS 0x0000000098f00000| PB 0x0000000098f00000| Updating 
| 399|0x0000000098f00000, 0x0000000099000000, 0x0000000099000000|100%| O|  |TAMS 0x0000000099000000| PB 0x0000000099000000| Updating 
| 400|0x0000000099000000, 0x0000000099000000, 0x0000000099100000|  0%| F|  |TAMS 0x0000000099000000| PB 0x0000000099000000| Untracked 
| 401|0x0000000099100000, 0x0000000099200000, 0x0000000099200000|100%|HS|  |TAMS 0x0000000099200000| PB 0x0000000099100000| Complete 
| 402|0x0000000099200000, 0x0000000099300000, 0x0000000099300000|100%|HC|  |TAMS 0x0000000099300000| PB 0x0000000099200000| Complete 
| 403|0x0000000099300000, 0x0000000099400000, 0x0000000099400000|100%|HS|  |TAMS 0x0000000099400000| PB 0x0000000099300000| Complete 
| 404|0x0000000099400000, 0x0000000099500000, 0x0000000099500000|100%|HS|  |TAMS 0x0000000099500000| PB 0x0000000099400000| Complete 
| 405|0x0000000099500000, 0x0000000099600000, 0x0000000099600000|100%|HC|  |TAMS 0x0000000099600000| PB 0x0000000099500000| Complete 
| 406|0x0000000099600000, 0x0000000099700000, 0x0000000099700000|100%|HS|  |TAMS 0x0000000099700000| PB 0x0000000099600000| Complete 
| 407|0x0000000099700000, 0x0000000099800000, 0x0000000099800000|100%|HS|  |TAMS 0x0000000099800000| PB 0x0000000099700000| Complete 
| 408|0x0000000099800000, 0x0000000099900000, 0x0000000099900000|100%|HS|  |TAMS 0x0000000099900000| PB 0x0000000099800000| Complete 
| 409|0x0000000099900000, 0x0000000099a00000, 0x0000000099a00000|100%|HC|  |TAMS 0x0000000099a00000| PB 0x0000000099900000| Complete 
| 410|0x0000000099a00000, 0x0000000099b00000, 0x0000000099b00000|100%|HS|  |TAMS 0x0000000099b00000| PB 0x0000000099a00000| Complete 
| 411|0x0000000099b00000, 0x0000000099c00000, 0x0000000099c00000|100%|HS|  |TAMS 0x0000000099c00000| PB 0x0000000099b00000| Complete 
| 412|0x0000000099c00000, 0x0000000099d00000, 0x0000000099d00000|100%|HS|  |TAMS 0x0000000099d00000| PB 0x0000000099c00000| Complete 
| 413|0x0000000099d00000, 0x0000000099e00000, 0x0000000099e00000|100%|HC|  |TAMS 0x0000000099e00000| PB 0x0000000099d00000| Complete 
| 414|0x0000000099e00000, 0x0000000099e00000, 0x0000000099f00000|  0%| F|  |TAMS 0x0000000099e00000| PB 0x0000000099e00000| Untracked 
| 415|0x0000000099f00000, 0x000000009a000000, 0x000000009a000000|100%| O|  |TAMS 0x000000009a000000| PB 0x000000009a000000| Updating 
| 416|0x000000009a000000, 0x000000009a100000, 0x000000009a100000|100%| O|  |TAMS 0x000000009a100000| PB 0x000000009a100000| Untracked 
| 417|0x000000009a100000, 0x000000009a200000, 0x000000009a200000|100%| O|  |TAMS 0x000000009a200000| PB 0x000000009a200000| Updating 
| 418|0x000000009a200000, 0x000000009a300000, 0x000000009a300000|100%| O|  |TAMS 0x000000009a300000| PB 0x000000009a300000| Untracked 
| 419|0x000000009a300000, 0x000000009a400000, 0x000000009a400000|100%| O|  |TAMS 0x000000009a400000| PB 0x000000009a400000| Untracked 
| 420|0x000000009a400000, 0x000000009a500000, 0x000000009a500000|100%| O|  |TAMS 0x000000009a500000| PB 0x000000009a500000| Updating 
| 421|0x000000009a500000, 0x000000009a600000, 0x000000009a600000|100%|HS|  |TAMS 0x000000009a500000| PB 0x000000009a500000| Complete 
| 422|0x000000009a600000, 0x000000009a700000, 0x000000009a700000|100%|HS|  |TAMS 0x000000009a700000| PB 0x000000009a600000| Complete 
| 423|0x000000009a700000, 0x000000009a800000, 0x000000009a800000|100%| O|  |TAMS 0x000000009a800000| PB 0x000000009a800000| Untracked 
| 424|0x000000009a800000, 0x000000009a900000, 0x000000009a900000|100%| O|  |TAMS 0x000000009a900000| PB 0x000000009a900000| Untracked 
| 425|0x000000009a900000, 0x000000009aa00000, 0x000000009aa00000|100%| O|  |TAMS 0x000000009aa00000| PB 0x000000009aa00000| Untracked 
| 426|0x000000009aa00000, 0x000000009ab00000, 0x000000009ab00000|100%| O|  |TAMS 0x000000009ab00000| PB 0x000000009ab00000| Updating 
| 427|0x000000009ab00000, 0x000000009ac00000, 0x000000009ac00000|100%| O|  |TAMS 0x000000009ac00000| PB 0x000000009ac00000| Updating 
| 428|0x000000009ac00000, 0x000000009ad00000, 0x000000009ad00000|100%| O|  |TAMS 0x000000009ad00000| PB 0x000000009ad00000| Untracked 
| 429|0x000000009ad00000, 0x000000009ae00000, 0x000000009ae00000|100%| O|  |TAMS 0x000000009ae00000| PB 0x000000009ae00000| Updating 
| 430|0x000000009ae00000, 0x000000009af00000, 0x000000009af00000|100%| O|  |TAMS 0x000000009af00000| PB 0x000000009af00000| Updating 
| 431|0x000000009af00000, 0x000000009b000000, 0x000000009b000000|100%| O|  |TAMS 0x000000009b000000| PB 0x000000009b000000| Updating 
| 432|0x000000009b000000, 0x000000009b100000, 0x000000009b100000|100%| O|  |TAMS 0x000000009b100000| PB 0x000000009b100000| Untracked 
| 433|0x000000009b100000, 0x000000009b200000, 0x000000009b200000|100%| O|  |TAMS 0x000000009b200000| PB 0x000000009b200000| Updating 
| 434|0x000000009b200000, 0x000000009b300000, 0x000000009b300000|100%| O|  |TAMS 0x000000009b270440| PB 0x000000009b270440| Updating 
| 435|0x000000009b300000, 0x000000009b400000, 0x000000009b400000|100%|HS|  |TAMS 0x000000009b300000| PB 0x000000009b300000| Complete 
| 436|0x000000009b400000, 0x000000009b500000, 0x000000009b500000|100%|HS|  |TAMS 0x000000009b400000| PB 0x000000009b400000| Complete 
| 437|0x000000009b500000, 0x000000009b600000, 0x000000009b600000|100%|HS|  |TAMS 0x000000009b500000| PB 0x000000009b500000| Complete 
| 438|0x000000009b600000, 0x000000009b700000, 0x000000009b700000|100%|HS|  |TAMS 0x000000009b600000| PB 0x000000009b600000| Complete 
| 439|0x000000009b700000, 0x000000009b800000, 0x000000009b800000|100%|HS|  |TAMS 0x000000009b700000| PB 0x000000009b700000| Complete 
| 440|0x000000009b800000, 0x000000009b900000, 0x000000009b900000|100%|HS|  |TAMS 0x000000009b800000| PB 0x000000009b800000| Complete 
| 441|0x000000009b900000, 0x000000009ba00000, 0x000000009ba00000|100%|HC|  |TAMS 0x000000009b900000| PB 0x000000009b900000| Complete 
| 442|0x000000009ba00000, 0x000000009bb00000, 0x000000009bb00000|100%|HS|  |TAMS 0x000000009ba00000| PB 0x000000009ba00000| Complete 
| 443|0x000000009bb00000, 0x000000009bc00000, 0x000000009bc00000|100%|HS|  |TAMS 0x000000009bb00000| PB 0x000000009bb00000| Complete 
| 444|0x000000009bc00000, 0x000000009bd00000, 0x000000009bd00000|100%|HS|  |TAMS 0x000000009bc00000| PB 0x000000009bc00000| Complete 
| 445|0x000000009bd00000, 0x000000009be00000, 0x000000009be00000|100%|HS|  |TAMS 0x000000009bd00000| PB 0x000000009bd00000| Complete 
| 446|0x000000009be00000, 0x000000009bf00000, 0x000000009bf00000|100%|HC|  |TAMS 0x000000009be00000| PB 0x000000009be00000| Complete 
| 447|0x000000009bf00000, 0x000000009bf00000, 0x000000009c000000|  0%| F|  |TAMS 0x000000009bf00000| PB 0x000000009bf00000| Untracked 
| 448|0x000000009c000000, 0x000000009c000000, 0x000000009c100000|  0%| F|  |TAMS 0x000000009c000000| PB 0x000000009c000000| Untracked 
| 449|0x000000009c100000, 0x000000009c100000, 0x000000009c200000|  0%| F|  |TAMS 0x000000009c100000| PB 0x000000009c100000| Untracked 
| 450|0x000000009c200000, 0x000000009c200000, 0x000000009c300000|  0%| F|  |TAMS 0x000000009c200000| PB 0x000000009c200000| Untracked 
| 451|0x000000009c300000, 0x000000009c300000, 0x000000009c400000|  0%| F|  |TAMS 0x000000009c300000| PB 0x000000009c300000| Untracked 
| 452|0x000000009c400000, 0x000000009c400000, 0x000000009c500000|  0%| F|  |TAMS 0x000000009c400000| PB 0x000000009c400000| Untracked 
| 453|0x000000009c500000, 0x000000009c500000, 0x000000009c600000|  0%| F|  |TAMS 0x000000009c500000| PB 0x000000009c500000| Untracked 
| 454|0x000000009c600000, 0x000000009c600000, 0x000000009c700000|  0%| F|  |TAMS 0x000000009c600000| PB 0x000000009c600000| Untracked 
| 455|0x000000009c700000, 0x000000009c700000, 0x000000009c800000|  0%| F|  |TAMS 0x000000009c700000| PB 0x000000009c700000| Untracked 
| 456|0x000000009c800000, 0x000000009c800000, 0x000000009c900000|  0%| F|  |TAMS 0x000000009c800000| PB 0x000000009c800000| Untracked 
| 457|0x000000009c900000, 0x000000009c900000, 0x000000009ca00000|  0%| F|  |TAMS 0x000000009c900000| PB 0x000000009c900000| Untracked 
| 458|0x000000009ca00000, 0x000000009ca00000, 0x000000009cb00000|  0%| F|  |TAMS 0x000000009ca00000| PB 0x000000009ca00000| Untracked 
| 459|0x000000009cb00000, 0x000000009cb00000, 0x000000009cc00000|  0%| F|  |TAMS 0x000000009cb00000| PB 0x000000009cb00000| Untracked 
| 460|0x000000009cc00000, 0x000000009cc00000, 0x000000009cd00000|  0%| F|  |TAMS 0x000000009cc00000| PB 0x000000009cc00000| Untracked 
| 461|0x000000009cd00000, 0x000000009cd00000, 0x000000009ce00000|  0%| F|  |TAMS 0x000000009cd00000| PB 0x000000009cd00000| Untracked 
| 462|0x000000009ce00000, 0x000000009ce00000, 0x000000009cf00000|  0%| F|  |TAMS 0x000000009ce00000| PB 0x000000009ce00000| Untracked 
| 463|0x000000009cf00000, 0x000000009cf00000, 0x000000009d000000|  0%| F|  |TAMS 0x000000009cf00000| PB 0x000000009cf00000| Untracked 
| 464|0x000000009d000000, 0x000000009d000000, 0x000000009d100000|  0%| F|  |TAMS 0x000000009d000000| PB 0x000000009d000000| Untracked 
| 465|0x000000009d100000, 0x000000009d100000, 0x000000009d200000|  0%| F|  |TAMS 0x000000009d100000| PB 0x000000009d100000| Untracked 
| 466|0x000000009d200000, 0x000000009d200000, 0x000000009d300000|  0%| F|  |TAMS 0x000000009d200000| PB 0x000000009d200000| Untracked 
| 467|0x000000009d300000, 0x000000009d300000, 0x000000009d400000|  0%| F|  |TAMS 0x000000009d300000| PB 0x000000009d300000| Untracked 
| 468|0x000000009d400000, 0x000000009d400000, 0x000000009d500000|  0%| F|  |TAMS 0x000000009d400000| PB 0x000000009d400000| Untracked 
| 469|0x000000009d500000, 0x000000009d500000, 0x000000009d600000|  0%| F|  |TAMS 0x000000009d500000| PB 0x000000009d500000| Untracked 
| 470|0x000000009d600000, 0x000000009d600000, 0x000000009d700000|  0%| F|  |TAMS 0x000000009d600000| PB 0x000000009d600000| Untracked 
| 471|0x000000009d700000, 0x000000009d700000, 0x000000009d800000|  0%| F|  |TAMS 0x000000009d700000| PB 0x000000009d700000| Untracked 
| 472|0x000000009d800000, 0x000000009d800000, 0x000000009d900000|  0%| F|  |TAMS 0x000000009d800000| PB 0x000000009d800000| Untracked 
| 473|0x000000009d900000, 0x000000009d900000, 0x000000009da00000|  0%| F|  |TAMS 0x000000009d900000| PB 0x000000009d900000| Untracked 
| 474|0x000000009da00000, 0x000000009da00000, 0x000000009db00000|  0%| F|  |TAMS 0x000000009da00000| PB 0x000000009da00000| Untracked 
| 475|0x000000009db00000, 0x000000009db00000, 0x000000009dc00000|  0%| F|  |TAMS 0x000000009db00000| PB 0x000000009db00000| Untracked 
| 476|0x000000009dc00000, 0x000000009dc00000, 0x000000009dd00000|  0%| F|  |TAMS 0x000000009dc00000| PB 0x000000009dc00000| Untracked 
| 477|0x000000009dd00000, 0x000000009dd00000, 0x000000009de00000|  0%| F|  |TAMS 0x000000009dd00000| PB 0x000000009dd00000| Untracked 
| 478|0x000000009de00000, 0x000000009de00000, 0x000000009df00000|  0%| F|  |TAMS 0x000000009de00000| PB 0x000000009de00000| Untracked 
| 479|0x000000009df00000, 0x000000009df00000, 0x000000009e000000|  0%| F|  |TAMS 0x000000009df00000| PB 0x000000009df00000| Untracked 
| 480|0x000000009e000000, 0x000000009e000000, 0x000000009e100000|  0%| F|  |TAMS 0x000000009e000000| PB 0x000000009e000000| Untracked 
| 481|0x000000009e100000, 0x000000009e100000, 0x000000009e200000|  0%| F|  |TAMS 0x000000009e100000| PB 0x000000009e100000| Untracked 
| 482|0x000000009e200000, 0x000000009e200000, 0x000000009e300000|  0%| F|  |TAMS 0x000000009e200000| PB 0x000000009e200000| Untracked 
| 483|0x000000009e300000, 0x000000009e300000, 0x000000009e400000|  0%| F|  |TAMS 0x000000009e300000| PB 0x000000009e300000| Untracked 
| 484|0x000000009e400000, 0x000000009e400000, 0x000000009e500000|  0%| F|  |TAMS 0x000000009e400000| PB 0x000000009e400000| Untracked 
| 485|0x000000009e500000, 0x000000009e500000, 0x000000009e600000|  0%| F|  |TAMS 0x000000009e500000| PB 0x000000009e500000| Untracked 
| 486|0x000000009e600000, 0x000000009e600000, 0x000000009e700000|  0%| F|  |TAMS 0x000000009e600000| PB 0x000000009e600000| Untracked 
| 487|0x000000009e700000, 0x000000009e700000, 0x000000009e800000|  0%| F|  |TAMS 0x000000009e700000| PB 0x000000009e700000| Untracked 
| 488|0x000000009e800000, 0x000000009e800000, 0x000000009e900000|  0%| F|  |TAMS 0x000000009e800000| PB 0x000000009e800000| Untracked 
| 489|0x000000009e900000, 0x000000009e900000, 0x000000009ea00000|  0%| F|  |TAMS 0x000000009e900000| PB 0x000000009e900000| Untracked 
| 490|0x000000009ea00000, 0x000000009ea00000, 0x000000009eb00000|  0%| F|  |TAMS 0x000000009ea00000| PB 0x000000009ea00000| Untracked 
| 491|0x000000009eb00000, 0x000000009eb00000, 0x000000009ec00000|  0%| F|  |TAMS 0x000000009eb00000| PB 0x000000009eb00000| Untracked 
| 492|0x000000009ec00000, 0x000000009ec00000, 0x000000009ed00000|  0%| F|  |TAMS 0x000000009ec00000| PB 0x000000009ec00000| Untracked 
| 493|0x000000009ed00000, 0x000000009ed00000, 0x000000009ee00000|  0%| F|  |TAMS 0x000000009ed00000| PB 0x000000009ed00000| Untracked 
| 494|0x000000009ee00000, 0x000000009ee00000, 0x000000009ef00000|  0%| F|  |TAMS 0x000000009ee00000| PB 0x000000009ee00000| Untracked 
| 495|0x000000009ef00000, 0x000000009ef00000, 0x000000009f000000|  0%| F|  |TAMS 0x000000009ef00000| PB 0x000000009ef00000| Untracked 
| 496|0x000000009f000000, 0x000000009f000000, 0x000000009f100000|  0%| F|  |TAMS 0x000000009f000000| PB 0x000000009f000000| Untracked 
| 497|0x000000009f100000, 0x000000009f100000, 0x000000009f200000|  0%| F|  |TAMS 0x000000009f100000| PB 0x000000009f100000| Untracked 
| 498|0x000000009f200000, 0x000000009f200000, 0x000000009f300000|  0%| F|  |TAMS 0x000000009f200000| PB 0x000000009f200000| Untracked 
| 499|0x000000009f300000, 0x000000009f300000, 0x000000009f400000|  0%| F|  |TAMS 0x000000009f300000| PB 0x000000009f300000| Untracked 
| 500|0x000000009f400000, 0x000000009f400000, 0x000000009f500000|  0%| F|  |TAMS 0x000000009f400000| PB 0x000000009f400000| Untracked 
| 501|0x000000009f500000, 0x000000009f500000, 0x000000009f600000|  0%| F|  |TAMS 0x000000009f500000| PB 0x000000009f500000| Untracked 
| 502|0x000000009f600000, 0x000000009f600000, 0x000000009f700000|  0%| F|  |TAMS 0x000000009f600000| PB 0x000000009f600000| Untracked 
| 503|0x000000009f700000, 0x000000009f700000, 0x000000009f800000|  0%| F|  |TAMS 0x000000009f700000| PB 0x000000009f700000| Untracked 
| 504|0x000000009f800000, 0x000000009f800000, 0x000000009f900000|  0%| F|  |TAMS 0x000000009f800000| PB 0x000000009f800000| Untracked 
| 505|0x000000009f900000, 0x000000009f900000, 0x000000009fa00000|  0%| F|  |TAMS 0x000000009f900000| PB 0x000000009f900000| Untracked 
| 506|0x000000009fa00000, 0x000000009fa00000, 0x000000009fb00000|  0%| F|  |TAMS 0x000000009fa00000| PB 0x000000009fa00000| Untracked 
| 507|0x000000009fb00000, 0x000000009fb00000, 0x000000009fc00000|  0%| F|  |TAMS 0x000000009fb00000| PB 0x000000009fb00000| Untracked 
| 508|0x000000009fc00000, 0x000000009fc00000, 0x000000009fd00000|  0%| F|  |TAMS 0x000000009fc00000| PB 0x000000009fc00000| Untracked 
| 509|0x000000009fd00000, 0x000000009fd00000, 0x000000009fe00000|  0%| F|  |TAMS 0x000000009fd00000| PB 0x000000009fd00000| Untracked 
| 510|0x000000009fe00000, 0x000000009fe00000, 0x000000009ff00000|  0%| F|  |TAMS 0x000000009fe00000| PB 0x000000009fe00000| Untracked 
| 511|0x000000009ff00000, 0x000000009ff00000, 0x00000000a0000000|  0%| F|  |TAMS 0x000000009ff00000| PB 0x000000009ff00000| Untracked 
| 512|0x00000000a0000000, 0x00000000a0000000, 0x00000000a0100000|  0%| F|  |TAMS 0x00000000a0000000| PB 0x00000000a0000000| Untracked 
| 513|0x00000000a0100000, 0x00000000a0100000, 0x00000000a0200000|  0%| F|  |TAMS 0x00000000a0100000| PB 0x00000000a0100000| Untracked 
| 514|0x00000000a0200000, 0x00000000a0200000, 0x00000000a0300000|  0%| F|  |TAMS 0x00000000a0200000| PB 0x00000000a0200000| Untracked 
| 515|0x00000000a0300000, 0x00000000a0300000, 0x00000000a0400000|  0%| F|  |TAMS 0x00000000a0300000| PB 0x00000000a0300000| Untracked 
| 516|0x00000000a0400000, 0x00000000a0400000, 0x00000000a0500000|  0%| F|  |TAMS 0x00000000a0400000| PB 0x00000000a0400000| Untracked 
| 517|0x00000000a0500000, 0x00000000a0500000, 0x00000000a0600000|  0%| F|  |TAMS 0x00000000a0500000| PB 0x00000000a0500000| Untracked 
| 518|0x00000000a0600000, 0x00000000a0600000, 0x00000000a0700000|  0%| F|  |TAMS 0x00000000a0600000| PB 0x00000000a0600000| Untracked 
| 519|0x00000000a0700000, 0x00000000a0700000, 0x00000000a0800000|  0%| F|  |TAMS 0x00000000a0700000| PB 0x00000000a0700000| Untracked 
| 520|0x00000000a0800000, 0x00000000a0800000, 0x00000000a0900000|  0%| F|  |TAMS 0x00000000a0800000| PB 0x00000000a0800000| Untracked 
| 521|0x00000000a0900000, 0x00000000a0900000, 0x00000000a0a00000|  0%| F|  |TAMS 0x00000000a0900000| PB 0x00000000a0900000| Untracked 
| 522|0x00000000a0a00000, 0x00000000a0a00000, 0x00000000a0b00000|  0%| F|  |TAMS 0x00000000a0a00000| PB 0x00000000a0a00000| Untracked 
| 523|0x00000000a0b00000, 0x00000000a0b00000, 0x00000000a0c00000|  0%| F|  |TAMS 0x00000000a0b00000| PB 0x00000000a0b00000| Untracked 
| 524|0x00000000a0c00000, 0x00000000a0c00000, 0x00000000a0d00000|  0%| F|  |TAMS 0x00000000a0c00000| PB 0x00000000a0c00000| Untracked 
| 525|0x00000000a0d00000, 0x00000000a0d00000, 0x00000000a0e00000|  0%| F|  |TAMS 0x00000000a0d00000| PB 0x00000000a0d00000| Untracked 
| 526|0x00000000a0e00000, 0x00000000a0e00000, 0x00000000a0f00000|  0%| F|  |TAMS 0x00000000a0e00000| PB 0x00000000a0e00000| Untracked 
| 527|0x00000000a0f00000, 0x00000000a0f00000, 0x00000000a1000000|  0%| F|  |TAMS 0x00000000a0f00000| PB 0x00000000a0f00000| Untracked 
| 528|0x00000000a1000000, 0x00000000a1000000, 0x00000000a1100000|  0%| F|  |TAMS 0x00000000a1000000| PB 0x00000000a1000000| Untracked 
| 529|0x00000000a1100000, 0x00000000a1100000, 0x00000000a1200000|  0%| F|  |TAMS 0x00000000a1100000| PB 0x00000000a1100000| Untracked 
| 530|0x00000000a1200000, 0x00000000a1200000, 0x00000000a1300000|  0%| F|  |TAMS 0x00000000a1200000| PB 0x00000000a1200000| Untracked 
| 531|0x00000000a1300000, 0x00000000a1300000, 0x00000000a1400000|  0%| F|  |TAMS 0x00000000a1300000| PB 0x00000000a1300000| Untracked 
| 532|0x00000000a1400000, 0x00000000a1400000, 0x00000000a1500000|  0%| F|  |TAMS 0x00000000a1400000| PB 0x00000000a1400000| Untracked 
| 533|0x00000000a1500000, 0x00000000a1500000, 0x00000000a1600000|  0%| F|  |TAMS 0x00000000a1500000| PB 0x00000000a1500000| Untracked 
| 534|0x00000000a1600000, 0x00000000a1600000, 0x00000000a1700000|  0%| F|  |TAMS 0x00000000a1600000| PB 0x00000000a1600000| Untracked 
| 535|0x00000000a1700000, 0x00000000a1700000, 0x00000000a1800000|  0%| F|  |TAMS 0x00000000a1700000| PB 0x00000000a1700000| Untracked 
| 536|0x00000000a1800000, 0x00000000a1800000, 0x00000000a1900000|  0%| F|  |TAMS 0x00000000a1800000| PB 0x00000000a1800000| Untracked 
| 537|0x00000000a1900000, 0x00000000a1900000, 0x00000000a1a00000|  0%| F|  |TAMS 0x00000000a1900000| PB 0x00000000a1900000| Untracked 
| 538|0x00000000a1a00000, 0x00000000a1a00000, 0x00000000a1b00000|  0%| F|  |TAMS 0x00000000a1a00000| PB 0x00000000a1a00000| Untracked 
| 539|0x00000000a1b00000, 0x00000000a1b00000, 0x00000000a1c00000|  0%| F|  |TAMS 0x00000000a1b00000| PB 0x00000000a1b00000| Untracked 
| 540|0x00000000a1c00000, 0x00000000a1c00000, 0x00000000a1d00000|  0%| F|  |TAMS 0x00000000a1c00000| PB 0x00000000a1c00000| Untracked 
| 541|0x00000000a1d00000, 0x00000000a1d00000, 0x00000000a1e00000|  0%| F|  |TAMS 0x00000000a1d00000| PB 0x00000000a1d00000| Untracked 
| 542|0x00000000a1e00000, 0x00000000a1e00000, 0x00000000a1f00000|  0%| F|  |TAMS 0x00000000a1e00000| PB 0x00000000a1e00000| Untracked 
| 543|0x00000000a1f00000, 0x00000000a1f00000, 0x00000000a2000000|  0%| F|  |TAMS 0x00000000a1f00000| PB 0x00000000a1f00000| Untracked 
| 544|0x00000000a2000000, 0x00000000a2000000, 0x00000000a2100000|  0%| F|  |TAMS 0x00000000a2000000| PB 0x00000000a2000000| Untracked 
| 545|0x00000000a2100000, 0x00000000a2100000, 0x00000000a2200000|  0%| F|  |TAMS 0x00000000a2100000| PB 0x00000000a2100000| Untracked 
| 546|0x00000000a2200000, 0x00000000a2200000, 0x00000000a2300000|  0%| F|  |TAMS 0x00000000a2200000| PB 0x00000000a2200000| Untracked 
| 547|0x00000000a2300000, 0x00000000a2300000, 0x00000000a2400000|  0%| F|  |TAMS 0x00000000a2300000| PB 0x00000000a2300000| Untracked 
| 548|0x00000000a2400000, 0x00000000a2400000, 0x00000000a2500000|  0%| F|  |TAMS 0x00000000a2400000| PB 0x00000000a2400000| Untracked 
| 549|0x00000000a2500000, 0x00000000a2500000, 0x00000000a2600000|  0%| F|  |TAMS 0x00000000a2500000| PB 0x00000000a2500000| Untracked 
| 550|0x00000000a2600000, 0x00000000a2600000, 0x00000000a2700000|  0%| F|  |TAMS 0x00000000a2600000| PB 0x00000000a2600000| Untracked 
| 551|0x00000000a2700000, 0x00000000a2700000, 0x00000000a2800000|  0%| F|  |TAMS 0x00000000a2700000| PB 0x00000000a2700000| Untracked 
| 552|0x00000000a2800000, 0x00000000a2800000, 0x00000000a2900000|  0%| F|  |TAMS 0x00000000a2800000| PB 0x00000000a2800000| Untracked 
| 553|0x00000000a2900000, 0x00000000a2900000, 0x00000000a2a00000|  0%| F|  |TAMS 0x00000000a2900000| PB 0x00000000a2900000| Untracked 
| 554|0x00000000a2a00000, 0x00000000a2a00000, 0x00000000a2b00000|  0%| F|  |TAMS 0x00000000a2a00000| PB 0x00000000a2a00000| Untracked 
| 555|0x00000000a2b00000, 0x00000000a2b00000, 0x00000000a2c00000|  0%| F|  |TAMS 0x00000000a2b00000| PB 0x00000000a2b00000| Untracked 
| 556|0x00000000a2c00000, 0x00000000a2c00000, 0x00000000a2d00000|  0%| F|  |TAMS 0x00000000a2c00000| PB 0x00000000a2c00000| Untracked 
| 557|0x00000000a2d00000, 0x00000000a2d00000, 0x00000000a2e00000|  0%| F|  |TAMS 0x00000000a2d00000| PB 0x00000000a2d00000| Untracked 
| 558|0x00000000a2e00000, 0x00000000a2e00000, 0x00000000a2f00000|  0%| F|  |TAMS 0x00000000a2e00000| PB 0x00000000a2e00000| Untracked 
| 559|0x00000000a2f00000, 0x00000000a2f00000, 0x00000000a3000000|  0%| F|  |TAMS 0x00000000a2f00000| PB 0x00000000a2f00000| Untracked 
| 560|0x00000000a3000000, 0x00000000a3000000, 0x00000000a3100000|  0%| F|  |TAMS 0x00000000a3000000| PB 0x00000000a3000000| Untracked 
| 561|0x00000000a3100000, 0x00000000a3100000, 0x00000000a3200000|  0%| F|  |TAMS 0x00000000a3100000| PB 0x00000000a3100000| Untracked 
| 562|0x00000000a3200000, 0x00000000a3200000, 0x00000000a3300000|  0%| F|  |TAMS 0x00000000a3200000| PB 0x00000000a3200000| Untracked 
| 563|0x00000000a3300000, 0x00000000a3300000, 0x00000000a3400000|  0%| F|  |TAMS 0x00000000a3300000| PB 0x00000000a3300000| Untracked 
| 564|0x00000000a3400000, 0x00000000a3400000, 0x00000000a3500000|  0%| F|  |TAMS 0x00000000a3400000| PB 0x00000000a3400000| Untracked 
| 565|0x00000000a3500000, 0x00000000a3500000, 0x00000000a3600000|  0%| F|  |TAMS 0x00000000a3500000| PB 0x00000000a3500000| Untracked 
| 566|0x00000000a3600000, 0x00000000a3600000, 0x00000000a3700000|  0%| F|  |TAMS 0x00000000a3600000| PB 0x00000000a3600000| Untracked 
| 567|0x00000000a3700000, 0x00000000a3700000, 0x00000000a3800000|  0%| F|  |TAMS 0x00000000a3700000| PB 0x00000000a3700000| Untracked 
| 568|0x00000000a3800000, 0x00000000a3800000, 0x00000000a3900000|  0%| F|  |TAMS 0x00000000a3800000| PB 0x00000000a3800000| Untracked 
| 569|0x00000000a3900000, 0x00000000a3900000, 0x00000000a3a00000|  0%| F|  |TAMS 0x00000000a3900000| PB 0x00000000a3900000| Untracked 
| 570|0x00000000a3a00000, 0x00000000a3a00000, 0x00000000a3b00000|  0%| F|  |TAMS 0x00000000a3a00000| PB 0x00000000a3a00000| Untracked 
| 571|0x00000000a3b00000, 0x00000000a3b00000, 0x00000000a3c00000|  0%| F|  |TAMS 0x00000000a3b00000| PB 0x00000000a3b00000| Untracked 
| 572|0x00000000a3c00000, 0x00000000a3c00000, 0x00000000a3d00000|  0%| F|  |TAMS 0x00000000a3c00000| PB 0x00000000a3c00000| Untracked 
| 573|0x00000000a3d00000, 0x00000000a3d00000, 0x00000000a3e00000|  0%| F|  |TAMS 0x00000000a3d00000| PB 0x00000000a3d00000| Untracked 
| 574|0x00000000a3e00000, 0x00000000a3e00000, 0x00000000a3f00000|  0%| F|  |TAMS 0x00000000a3e00000| PB 0x00000000a3e00000| Untracked 
| 575|0x00000000a3f00000, 0x00000000a3f00000, 0x00000000a4000000|  0%| F|  |TAMS 0x00000000a3f00000| PB 0x00000000a3f00000| Untracked 
| 576|0x00000000a4000000, 0x00000000a4000000, 0x00000000a4100000|  0%| F|  |TAMS 0x00000000a4000000| PB 0x00000000a4000000| Untracked 
| 577|0x00000000a4100000, 0x00000000a4100000, 0x00000000a4200000|  0%| F|  |TAMS 0x00000000a4100000| PB 0x00000000a4100000| Untracked 
| 578|0x00000000a4200000, 0x00000000a4200000, 0x00000000a4300000|  0%| F|  |TAMS 0x00000000a4200000| PB 0x00000000a4200000| Untracked 
| 579|0x00000000a4300000, 0x00000000a4300000, 0x00000000a4400000|  0%| F|  |TAMS 0x00000000a4300000| PB 0x00000000a4300000| Untracked 
| 580|0x00000000a4400000, 0x00000000a4400000, 0x00000000a4500000|  0%| F|  |TAMS 0x00000000a4400000| PB 0x00000000a4400000| Untracked 
| 581|0x00000000a4500000, 0x00000000a4500000, 0x00000000a4600000|  0%| F|  |TAMS 0x00000000a4500000| PB 0x00000000a4500000| Untracked 
| 582|0x00000000a4600000, 0x00000000a4600000, 0x00000000a4700000|  0%| F|  |TAMS 0x00000000a4600000| PB 0x00000000a4600000| Untracked 
| 583|0x00000000a4700000, 0x00000000a4700000, 0x00000000a4800000|  0%| F|  |TAMS 0x00000000a4700000| PB 0x00000000a4700000| Untracked 
| 584|0x00000000a4800000, 0x00000000a4800000, 0x00000000a4900000|  0%| F|  |TAMS 0x00000000a4800000| PB 0x00000000a4800000| Untracked 
| 585|0x00000000a4900000, 0x00000000a4900000, 0x00000000a4a00000|  0%| F|  |TAMS 0x00000000a4900000| PB 0x00000000a4900000| Untracked 
| 586|0x00000000a4a00000, 0x00000000a4a00000, 0x00000000a4b00000|  0%| F|  |TAMS 0x00000000a4a00000| PB 0x00000000a4a00000| Untracked 
| 587|0x00000000a4b00000, 0x00000000a4b00000, 0x00000000a4c00000|  0%| F|  |TAMS 0x00000000a4b00000| PB 0x00000000a4b00000| Untracked 
| 588|0x00000000a4c00000, 0x00000000a4c00000, 0x00000000a4d00000|  0%| F|  |TAMS 0x00000000a4c00000| PB 0x00000000a4c00000| Untracked 
| 589|0x00000000a4d00000, 0x00000000a4d00000, 0x00000000a4e00000|  0%| F|  |TAMS 0x00000000a4d00000| PB 0x00000000a4d00000| Untracked 
| 590|0x00000000a4e00000, 0x00000000a4e00000, 0x00000000a4f00000|  0%| F|  |TAMS 0x00000000a4e00000| PB 0x00000000a4e00000| Untracked 
| 591|0x00000000a4f00000, 0x00000000a4f00000, 0x00000000a5000000|  0%| F|  |TAMS 0x00000000a4f00000| PB 0x00000000a4f00000| Untracked 
| 592|0x00000000a5000000, 0x00000000a5000000, 0x00000000a5100000|  0%| F|  |TAMS 0x00000000a5000000| PB 0x00000000a5000000| Untracked 
| 593|0x00000000a5100000, 0x00000000a5100000, 0x00000000a5200000|  0%| F|  |TAMS 0x00000000a5100000| PB 0x00000000a5100000| Untracked 
| 594|0x00000000a5200000, 0x00000000a5200000, 0x00000000a5300000|  0%| F|  |TAMS 0x00000000a5200000| PB 0x00000000a5200000| Untracked 
| 595|0x00000000a5300000, 0x00000000a5300000, 0x00000000a5400000|  0%| F|  |TAMS 0x00000000a5300000| PB 0x00000000a5300000| Untracked 
| 596|0x00000000a5400000, 0x00000000a5400000, 0x00000000a5500000|  0%| F|  |TAMS 0x00000000a5400000| PB 0x00000000a5400000| Untracked 
| 597|0x00000000a5500000, 0x00000000a5500000, 0x00000000a5600000|  0%| F|  |TAMS 0x00000000a5500000| PB 0x00000000a5500000| Untracked 
| 598|0x00000000a5600000, 0x00000000a5600000, 0x00000000a5700000|  0%| F|  |TAMS 0x00000000a5600000| PB 0x00000000a5600000| Untracked 
| 599|0x00000000a5700000, 0x00000000a5700000, 0x00000000a5800000|  0%| F|  |TAMS 0x00000000a5700000| PB 0x00000000a5700000| Untracked 
| 600|0x00000000a5800000, 0x00000000a5800000, 0x00000000a5900000|  0%| F|  |TAMS 0x00000000a5800000| PB 0x00000000a5800000| Untracked 
| 601|0x00000000a5900000, 0x00000000a5900000, 0x00000000a5a00000|  0%| F|  |TAMS 0x00000000a5900000| PB 0x00000000a5900000| Untracked 
| 602|0x00000000a5a00000, 0x00000000a5a00000, 0x00000000a5b00000|  0%| F|  |TAMS 0x00000000a5a00000| PB 0x00000000a5a00000| Untracked 
| 603|0x00000000a5b00000, 0x00000000a5b00000, 0x00000000a5c00000|  0%| F|  |TAMS 0x00000000a5b00000| PB 0x00000000a5b00000| Untracked 
| 604|0x00000000a5c00000, 0x00000000a5c00000, 0x00000000a5d00000|  0%| F|  |TAMS 0x00000000a5c00000| PB 0x00000000a5c00000| Untracked 
| 605|0x00000000a5d00000, 0x00000000a5d00000, 0x00000000a5e00000|  0%| F|  |TAMS 0x00000000a5d00000| PB 0x00000000a5d00000| Untracked 
| 606|0x00000000a5e00000, 0x00000000a5e00000, 0x00000000a5f00000|  0%| F|  |TAMS 0x00000000a5e00000| PB 0x00000000a5e00000| Untracked 
| 607|0x00000000a5f00000, 0x00000000a5f00000, 0x00000000a6000000|  0%| F|  |TAMS 0x00000000a5f00000| PB 0x00000000a5f00000| Untracked 
| 608|0x00000000a6000000, 0x00000000a6000000, 0x00000000a6100000|  0%| F|  |TAMS 0x00000000a6000000| PB 0x00000000a6000000| Untracked 
| 609|0x00000000a6100000, 0x00000000a6100000, 0x00000000a6200000|  0%| F|  |TAMS 0x00000000a6100000| PB 0x00000000a6100000| Untracked 
| 610|0x00000000a6200000, 0x00000000a6200000, 0x00000000a6300000|  0%| F|  |TAMS 0x00000000a6200000| PB 0x00000000a6200000| Untracked 
| 611|0x00000000a6300000, 0x00000000a6300000, 0x00000000a6400000|  0%| F|  |TAMS 0x00000000a6300000| PB 0x00000000a6300000| Untracked 
| 612|0x00000000a6400000, 0x00000000a6400000, 0x00000000a6500000|  0%| F|  |TAMS 0x00000000a6400000| PB 0x00000000a6400000| Untracked 
| 613|0x00000000a6500000, 0x00000000a6500000, 0x00000000a6600000|  0%| F|  |TAMS 0x00000000a6500000| PB 0x00000000a6500000| Untracked 
| 614|0x00000000a6600000, 0x00000000a6600000, 0x00000000a6700000|  0%| F|  |TAMS 0x00000000a6600000| PB 0x00000000a6600000| Untracked 
| 615|0x00000000a6700000, 0x00000000a6700000, 0x00000000a6800000|  0%| F|  |TAMS 0x00000000a6700000| PB 0x00000000a6700000| Untracked 
| 616|0x00000000a6800000, 0x00000000a6800000, 0x00000000a6900000|  0%| F|  |TAMS 0x00000000a6800000| PB 0x00000000a6800000| Untracked 
| 617|0x00000000a6900000, 0x00000000a6900000, 0x00000000a6a00000|  0%| F|  |TAMS 0x00000000a6900000| PB 0x00000000a6900000| Untracked 
| 618|0x00000000a6a00000, 0x00000000a6aab920, 0x00000000a6b00000| 67%| E|  |TAMS 0x00000000a6a00000| PB 0x00000000a6a00000| Complete 
| 619|0x00000000a6b00000, 0x00000000a6c00000, 0x00000000a6c00000|100%| E|CS|TAMS 0x00000000a6b00000| PB 0x00000000a6b00000| Complete 
| 620|0x00000000a6c00000, 0x00000000a6d00000, 0x00000000a6d00000|100%| E|CS|TAMS 0x00000000a6c00000| PB 0x00000000a6c00000| Complete 
| 621|0x00000000a6d00000, 0x00000000a6e00000, 0x00000000a6e00000|100%| E|CS|TAMS 0x00000000a6d00000| PB 0x00000000a6d00000| Complete 
| 622|0x00000000a6e00000, 0x00000000a6f00000, 0x00000000a6f00000|100%| E|CS|TAMS 0x00000000a6e00000| PB 0x00000000a6e00000| Complete 
| 623|0x00000000a6f00000, 0x00000000a7000000, 0x00000000a7000000|100%| E|CS|TAMS 0x00000000a6f00000| PB 0x00000000a6f00000| Complete 
| 624|0x00000000a7000000, 0x00000000a7100000, 0x00000000a7100000|100%| E|CS|TAMS 0x00000000a7000000| PB 0x00000000a7000000| Complete 
| 625|0x00000000a7100000, 0x00000000a7200000, 0x00000000a7200000|100%| E|CS|TAMS 0x00000000a7100000| PB 0x00000000a7100000| Complete 
| 626|0x00000000a7200000, 0x00000000a7300000, 0x00000000a7300000|100%| E|CS|TAMS 0x00000000a7200000| PB 0x00000000a7200000| Complete 
| 627|0x00000000a7300000, 0x00000000a7400000, 0x00000000a7400000|100%| E|CS|TAMS 0x00000000a7300000| PB 0x00000000a7300000| Complete 
| 628|0x00000000a7400000, 0x00000000a7500000, 0x00000000a7500000|100%| E|CS|TAMS 0x00000000a7400000| PB 0x00000000a7400000| Complete 
| 629|0x00000000a7500000, 0x00000000a7600000, 0x00000000a7600000|100%| E|CS|TAMS 0x00000000a7500000| PB 0x00000000a7500000| Complete 
| 630|0x00000000a7600000, 0x00000000a7700000, 0x00000000a7700000|100%| E|CS|TAMS 0x00000000a7600000| PB 0x00000000a7600000| Complete 
| 631|0x00000000a7700000, 0x00000000a7800000, 0x00000000a7800000|100%| E|CS|TAMS 0x00000000a7700000| PB 0x00000000a7700000| Complete 
| 632|0x00000000a7800000, 0x00000000a7900000, 0x00000000a7900000|100%| E|CS|TAMS 0x00000000a7800000| PB 0x00000000a7800000| Complete 
| 633|0x00000000a7900000, 0x00000000a7a00000, 0x00000000a7a00000|100%| E|CS|TAMS 0x00000000a7900000| PB 0x00000000a7900000| Complete 
| 634|0x00000000a7a00000, 0x00000000a7b00000, 0x00000000a7b00000|100%| E|CS|TAMS 0x00000000a7a00000| PB 0x00000000a7a00000| Complete 
| 635|0x00000000a7b00000, 0x00000000a7c00000, 0x00000000a7c00000|100%| E|CS|TAMS 0x00000000a7b00000| PB 0x00000000a7b00000| Complete 
| 636|0x00000000a7c00000, 0x00000000a7d00000, 0x00000000a7d00000|100%| E|CS|TAMS 0x00000000a7c00000| PB 0x00000000a7c00000| Complete 
| 637|0x00000000a7d00000, 0x00000000a7e00000, 0x00000000a7e00000|100%| E|CS|TAMS 0x00000000a7d00000| PB 0x00000000a7d00000| Complete 
| 638|0x00000000a7e00000, 0x00000000a7f00000, 0x00000000a7f00000|100%| E|CS|TAMS 0x00000000a7e00000| PB 0x00000000a7e00000| Complete 
| 639|0x00000000a7f00000, 0x00000000a8000000, 0x00000000a8000000|100%| E|CS|TAMS 0x00000000a7f00000| PB 0x00000000a7f00000| Complete 
| 640|0x00000000a8000000, 0x00000000a8100000, 0x00000000a8100000|100%| E|CS|TAMS 0x00000000a8000000| PB 0x00000000a8000000| Complete 
| 641|0x00000000a8100000, 0x00000000a8200000, 0x00000000a8200000|100%| E|CS|TAMS 0x00000000a8100000| PB 0x00000000a8100000| Complete 
| 642|0x00000000a8200000, 0x00000000a8300000, 0x00000000a8300000|100%| E|CS|TAMS 0x00000000a8200000| PB 0x00000000a8200000| Complete 
| 643|0x00000000a8300000, 0x00000000a8400000, 0x00000000a8400000|100%| E|  |TAMS 0x00000000a8300000| PB 0x00000000a8300000| Complete 
| 644|0x00000000a8400000, 0x00000000a8500000, 0x00000000a8500000|100%| E|CS|TAMS 0x00000000a8400000| PB 0x00000000a8400000| Complete 
| 645|0x00000000a8500000, 0x00000000a8600000, 0x00000000a8600000|100%| E|CS|TAMS 0x00000000a8500000| PB 0x00000000a8500000| Complete 
| 646|0x00000000a8600000, 0x00000000a8700000, 0x00000000a8700000|100%| E|CS|TAMS 0x00000000a8600000| PB 0x00000000a8600000| Complete 
| 647|0x00000000a8700000, 0x00000000a8800000, 0x00000000a8800000|100%| E|CS|TAMS 0x00000000a8700000| PB 0x00000000a8700000| Complete 
| 648|0x00000000a8800000, 0x00000000a8900000, 0x00000000a8900000|100%| E|CS|TAMS 0x00000000a8800000| PB 0x00000000a8800000| Complete 
| 649|0x00000000a8900000, 0x00000000a8a00000, 0x00000000a8a00000|100%| E|CS|TAMS 0x00000000a8900000| PB 0x00000000a8900000| Complete 
| 650|0x00000000a8a00000, 0x00000000a8b00000, 0x00000000a8b00000|100%| E|CS|TAMS 0x00000000a8a00000| PB 0x00000000a8a00000| Complete 
| 651|0x00000000a8b00000, 0x00000000a8c00000, 0x00000000a8c00000|100%| E|CS|TAMS 0x00000000a8b00000| PB 0x00000000a8b00000| Complete 
| 652|0x00000000a8c00000, 0x00000000a8d00000, 0x00000000a8d00000|100%| E|CS|TAMS 0x00000000a8c00000| PB 0x00000000a8c00000| Complete 
| 653|0x00000000a8d00000, 0x00000000a8e00000, 0x00000000a8e00000|100%| E|CS|TAMS 0x00000000a8d00000| PB 0x00000000a8d00000| Complete 
| 654|0x00000000a8e00000, 0x00000000a8f00000, 0x00000000a8f00000|100%| E|CS|TAMS 0x00000000a8e00000| PB 0x00000000a8e00000| Complete 
| 655|0x00000000a8f00000, 0x00000000a9000000, 0x00000000a9000000|100%| E|CS|TAMS 0x00000000a8f00000| PB 0x00000000a8f00000| Complete 
| 656|0x00000000a9000000, 0x00000000a9100000, 0x00000000a9100000|100%| E|CS|TAMS 0x00000000a9000000| PB 0x00000000a9000000| Complete 
| 657|0x00000000a9100000, 0x00000000a9200000, 0x00000000a9200000|100%| E|CS|TAMS 0x00000000a9100000| PB 0x00000000a9100000| Complete 
| 658|0x00000000a9200000, 0x00000000a9300000, 0x00000000a9300000|100%| E|CS|TAMS 0x00000000a9200000| PB 0x00000000a9200000| Complete 
| 659|0x00000000a9300000, 0x00000000a9400000, 0x00000000a9400000|100%| E|CS|TAMS 0x00000000a9300000| PB 0x00000000a9300000| Complete 
| 660|0x00000000a9400000, 0x00000000a9500000, 0x00000000a9500000|100%| E|CS|TAMS 0x00000000a9400000| PB 0x00000000a9400000| Complete 
| 661|0x00000000a9500000, 0x00000000a9600000, 0x00000000a9600000|100%| E|CS|TAMS 0x00000000a9500000| PB 0x00000000a9500000| Complete 
| 662|0x00000000a9600000, 0x00000000a9700000, 0x00000000a9700000|100%| E|CS|TAMS 0x00000000a9600000| PB 0x00000000a9600000| Complete 
| 663|0x00000000a9700000, 0x00000000a9800000, 0x00000000a9800000|100%| E|CS|TAMS 0x00000000a9700000| PB 0x00000000a9700000| Complete 
| 664|0x00000000a9800000, 0x00000000a9900000, 0x00000000a9900000|100%| E|CS|TAMS 0x00000000a9800000| PB 0x00000000a9800000| Complete 
| 665|0x00000000a9900000, 0x00000000a9a00000, 0x00000000a9a00000|100%| E|CS|TAMS 0x00000000a9900000| PB 0x00000000a9900000| Complete 
| 666|0x00000000a9a00000, 0x00000000a9b00000, 0x00000000a9b00000|100%| E|CS|TAMS 0x00000000a9a00000| PB 0x00000000a9a00000| Complete 
| 667|0x00000000a9b00000, 0x00000000a9c00000, 0x00000000a9c00000|100%| E|CS|TAMS 0x00000000a9b00000| PB 0x00000000a9b00000| Complete 
| 668|0x00000000a9c00000, 0x00000000a9d00000, 0x00000000a9d00000|100%| E|CS|TAMS 0x00000000a9c00000| PB 0x00000000a9c00000| Complete 
| 669|0x00000000a9d00000, 0x00000000a9e00000, 0x00000000a9e00000|100%| E|CS|TAMS 0x00000000a9d00000| PB 0x00000000a9d00000| Complete 
| 670|0x00000000a9e00000, 0x00000000a9f00000, 0x00000000a9f00000|100%| E|CS|TAMS 0x00000000a9e00000| PB 0x00000000a9e00000| Complete 
| 671|0x00000000a9f00000, 0x00000000aa000000, 0x00000000aa000000|100%| E|CS|TAMS 0x00000000a9f00000| PB 0x00000000a9f00000| Complete 
| 672|0x00000000aa000000, 0x00000000aa100000, 0x00000000aa100000|100%| E|CS|TAMS 0x00000000aa000000| PB 0x00000000aa000000| Complete 
| 673|0x00000000aa100000, 0x00000000aa200000, 0x00000000aa200000|100%| E|CS|TAMS 0x00000000aa100000| PB 0x00000000aa100000| Complete 
| 674|0x00000000aa200000, 0x00000000aa300000, 0x00000000aa300000|100%| E|CS|TAMS 0x00000000aa200000| PB 0x00000000aa200000| Complete 
| 675|0x00000000aa300000, 0x00000000aa400000, 0x00000000aa400000|100%| E|CS|TAMS 0x00000000aa300000| PB 0x00000000aa300000| Complete 
| 676|0x00000000aa400000, 0x00000000aa500000, 0x00000000aa500000|100%| E|CS|TAMS 0x00000000aa400000| PB 0x00000000aa400000| Complete 
| 677|0x00000000aa500000, 0x00000000aa600000, 0x00000000aa600000|100%| E|CS|TAMS 0x00000000aa500000| PB 0x00000000aa500000| Complete 
| 678|0x00000000aa600000, 0x00000000aa700000, 0x00000000aa700000|100%| E|CS|TAMS 0x00000000aa600000| PB 0x00000000aa600000| Complete 
| 679|0x00000000aa700000, 0x00000000aa800000, 0x00000000aa800000|100%| E|CS|TAMS 0x00000000aa700000| PB 0x00000000aa700000| Complete 
| 680|0x00000000aa800000, 0x00000000aa900000, 0x00000000aa900000|100%| E|CS|TAMS 0x00000000aa800000| PB 0x00000000aa800000| Complete 
| 681|0x00000000aa900000, 0x00000000aaa00000, 0x00000000aaa00000|100%| E|CS|TAMS 0x00000000aa900000| PB 0x00000000aa900000| Complete 
| 682|0x00000000aaa00000, 0x00000000aab00000, 0x00000000aab00000|100%| E|CS|TAMS 0x00000000aaa00000| PB 0x00000000aaa00000| Complete 
| 683|0x00000000aab00000, 0x00000000aac00000, 0x00000000aac00000|100%| E|CS|TAMS 0x00000000aab00000| PB 0x00000000aab00000| Complete 
| 684|0x00000000aac00000, 0x00000000aad00000, 0x00000000aad00000|100%| E|CS|TAMS 0x00000000aac00000| PB 0x00000000aac00000| Complete 
| 685|0x00000000aad00000, 0x00000000aae00000, 0x00000000aae00000|100%| E|CS|TAMS 0x00000000aad00000| PB 0x00000000aad00000| Complete 
| 686|0x00000000aae00000, 0x00000000aaf00000, 0x00000000aaf00000|100%| E|CS|TAMS 0x00000000aae00000| PB 0x00000000aae00000| Complete 
| 687|0x00000000aaf00000, 0x00000000ab000000, 0x00000000ab000000|100%| E|CS|TAMS 0x00000000aaf00000| PB 0x00000000aaf00000| Complete 
| 688|0x00000000ab000000, 0x00000000ab100000, 0x00000000ab100000|100%| E|CS|TAMS 0x00000000ab000000| PB 0x00000000ab000000| Complete 
| 689|0x00000000ab100000, 0x00000000ab200000, 0x00000000ab200000|100%| E|CS|TAMS 0x00000000ab100000| PB 0x00000000ab100000| Complete 
| 690|0x00000000ab200000, 0x00000000ab300000, 0x00000000ab300000|100%| E|CS|TAMS 0x00000000ab200000| PB 0x00000000ab200000| Complete 
| 691|0x00000000ab300000, 0x00000000ab400000, 0x00000000ab400000|100%| E|CS|TAMS 0x00000000ab300000| PB 0x00000000ab300000| Complete 
| 692|0x00000000ab400000, 0x00000000ab500000, 0x00000000ab500000|100%| E|CS|TAMS 0x00000000ab400000| PB 0x00000000ab400000| Complete 
|1954|0x00000000fa200000, 0x00000000fa300000, 0x00000000fa300000|100%| E|CS|TAMS 0x00000000fa200000| PB 0x00000000fa200000| Complete 
|1955|0x00000000fa300000, 0x00000000fa3c0060, 0x00000000fa400000| 75%| S|CS|TAMS 0x00000000fa300000| PB 0x00000000fa300000| Complete 
|1956|0x00000000fa400000, 0x00000000fa500000, 0x00000000fa500000|100%| S|CS|TAMS 0x00000000fa400000| PB 0x00000000fa400000| Complete 
|1957|0x00000000fa500000, 0x00000000fa600000, 0x00000000fa600000|100%| S|CS|TAMS 0x00000000fa500000| PB 0x00000000fa500000| Complete 
|1958|0x00000000fa600000, 0x00000000fa700000, 0x00000000fa700000|100%| S|CS|TAMS 0x00000000fa600000| PB 0x00000000fa600000| Complete 
|1959|0x00000000fa700000, 0x00000000fa800000, 0x00000000fa800000|100%| S|CS|TAMS 0x00000000fa700000| PB 0x00000000fa700000| Complete 
|1960|0x00000000fa800000, 0x00000000fa900000, 0x00000000fa900000|100%| E|CS|TAMS 0x00000000fa800000| PB 0x00000000fa800000| Complete 
|1961|0x00000000fa900000, 0x00000000faa00000, 0x00000000faa00000|100%| E|CS|TAMS 0x00000000fa900000| PB 0x00000000fa900000| Complete 
|1962|0x00000000faa00000, 0x00000000fab00000, 0x00000000fab00000|100%| E|CS|TAMS 0x00000000faa00000| PB 0x00000000faa00000| Complete 
|1963|0x00000000fab00000, 0x00000000fac00000, 0x00000000fac00000|100%| E|CS|TAMS 0x00000000fab00000| PB 0x00000000fab00000| Complete 
|1964|0x00000000fac00000, 0x00000000fad00000, 0x00000000fad00000|100%| E|CS|TAMS 0x00000000fac00000| PB 0x00000000fac00000| Complete 
|1965|0x00000000fad00000, 0x00000000fae00000, 0x00000000fae00000|100%| O|  |TAMS 0x00000000fae00000| PB 0x00000000fae00000| Updating 
|1966|0x00000000fae00000, 0x00000000faf00000, 0x00000000faf00000|100%| E|CS|TAMS 0x00000000fae00000| PB 0x00000000fae00000| Complete 
|1967|0x00000000faf00000, 0x00000000fb000000, 0x00000000fb000000|100%| E|CS|TAMS 0x00000000faf00000| PB 0x00000000faf00000| Complete 
|1968|0x00000000fb000000, 0x00000000fb100000, 0x00000000fb100000|100%| O|  |TAMS 0x00000000fb100000| PB 0x00000000fb100000| Updating 
|1969|0x00000000fb100000, 0x00000000fb200000, 0x00000000fb200000|100%| E|CS|TAMS 0x00000000fb100000| PB 0x00000000fb100000| Complete 
|1970|0x00000000fb200000, 0x00000000fb300000, 0x00000000fb300000|100%| O|  |TAMS 0x00000000fb300000| PB 0x00000000fb300000| Updating 
|1971|0x00000000fb300000, 0x00000000fb400000, 0x00000000fb400000|100%| O|  |TAMS 0x00000000fb400000| PB 0x00000000fb400000| Updating 
|1972|0x00000000fb400000, 0x00000000fb500000, 0x00000000fb500000|100%| O|  |TAMS 0x00000000fb500000| PB 0x00000000fb500000| Untracked 
|1973|0x00000000fb500000, 0x00000000fb600000, 0x00000000fb600000|100%| O|  |TAMS 0x00000000fb600000| PB 0x00000000fb600000| Updating 
|1974|0x00000000fb600000, 0x00000000fb700000, 0x00000000fb700000|100%| O|  |TAMS 0x00000000fb700000| PB 0x00000000fb700000| Untracked 
|1975|0x00000000fb700000, 0x00000000fb800000, 0x00000000fb800000|100%| O|  |TAMS 0x00000000fb800000| PB 0x00000000fb800000| Updating 
|1976|0x00000000fb800000, 0x00000000fb900000, 0x00000000fb900000|100%| O|  |TAMS 0x00000000fb900000| PB 0x00000000fb900000| Untracked 
|1977|0x00000000fb900000, 0x00000000fba00000, 0x00000000fba00000|100%| O|  |TAMS 0x00000000fba00000| PB 0x00000000fba00000| Updating 
|1978|0x00000000fba00000, 0x00000000fbb00000, 0x00000000fbb00000|100%| O|  |TAMS 0x00000000fbb00000| PB 0x00000000fbb00000| Updating 
|1979|0x00000000fbb00000, 0x00000000fbc00000, 0x00000000fbc00000|100%| O|  |TAMS 0x00000000fbc00000| PB 0x00000000fbc00000| Untracked 
|1980|0x00000000fbc00000, 0x00000000fbd00000, 0x00000000fbd00000|100%| O|  |TAMS 0x00000000fbd00000| PB 0x00000000fbd00000| Untracked 
|1981|0x00000000fbd00000, 0x00000000fbe00000, 0x00000000fbe00000|100%| O|  |TAMS 0x00000000fbe00000| PB 0x00000000fbe00000| Untracked 
|1982|0x00000000fbe00000, 0x00000000fbf00000, 0x00000000fbf00000|100%| O|  |TAMS 0x00000000fbf00000| PB 0x00000000fbf00000| Updating 
|1983|0x00000000fbf00000, 0x00000000fc000000, 0x00000000fc000000|100%| O|  |TAMS 0x00000000fc000000| PB 0x00000000fc000000| Updating 
|1984|0x00000000fc000000, 0x00000000fc100000, 0x00000000fc100000|100%| O|  |TAMS 0x00000000fc100000| PB 0x00000000fc100000| Untracked 
|1985|0x00000000fc100000, 0x00000000fc200000, 0x00000000fc200000|100%| O|  |TAMS 0x00000000fc200000| PB 0x00000000fc200000| Updating 
|1986|0x00000000fc200000, 0x00000000fc300000, 0x00000000fc300000|100%| O|  |TAMS 0x00000000fc300000| PB 0x00000000fc300000| Updating 
|1987|0x00000000fc300000, 0x00000000fc400000, 0x00000000fc400000|100%| O|  |TAMS 0x00000000fc400000| PB 0x00000000fc400000| Updating 
|1988|0x00000000fc400000, 0x00000000fc500000, 0x00000000fc500000|100%| O|  |TAMS 0x00000000fc500000| PB 0x00000000fc500000| Updating 
|1989|0x00000000fc500000, 0x00000000fc600000, 0x00000000fc600000|100%| O|  |TAMS 0x00000000fc600000| PB 0x00000000fc600000| Updating 
|1990|0x00000000fc600000, 0x00000000fc700000, 0x00000000fc700000|100%| O|  |TAMS 0x00000000fc700000| PB 0x00000000fc700000| Updating 
|1991|0x00000000fc700000, 0x00000000fc800000, 0x00000000fc800000|100%| O|  |TAMS 0x00000000fc800000| PB 0x00000000fc800000| Untracked 
|1992|0x00000000fc800000, 0x00000000fc900000, 0x00000000fc900000|100%| O|  |TAMS 0x00000000fc900000| PB 0x00000000fc900000| Updating 
|1993|0x00000000fc900000, 0x00000000fca00000, 0x00000000fca00000|100%| O|  |TAMS 0x00000000fca00000| PB 0x00000000fca00000| Untracked 
|1994|0x00000000fca00000, 0x00000000fcb00000, 0x00000000fcb00000|100%| O|  |TAMS 0x00000000fcb00000| PB 0x00000000fcb00000| Untracked 
|1995|0x00000000fcb00000, 0x00000000fcc00000, 0x00000000fcc00000|100%| E|CS|TAMS 0x00000000fcb00000| PB 0x00000000fcb00000| Complete 
|1996|0x00000000fcc00000, 0x00000000fcd00000, 0x00000000fcd00000|100%| O|  |TAMS 0x00000000fcd00000| PB 0x00000000fcd00000| Updating 
|1997|0x00000000fcd00000, 0x00000000fce00000, 0x00000000fce00000|100%| O|  |TAMS 0x00000000fce00000| PB 0x00000000fce00000| Updating 
|1998|0x00000000fce00000, 0x00000000fcf00000, 0x00000000fcf00000|100%| O|  |TAMS 0x00000000fcf00000| PB 0x00000000fcf00000| Updating 
|1999|0x00000000fcf00000, 0x00000000fd000000, 0x00000000fd000000|100%| O|  |TAMS 0x00000000fd000000| PB 0x00000000fd000000| Updating 
|2000|0x00000000fd000000, 0x00000000fd100000, 0x00000000fd100000|100%| O|  |TAMS 0x00000000fd100000| PB 0x00000000fd100000| Updating 
|2001|0x00000000fd100000, 0x00000000fd200000, 0x00000000fd200000|100%| O|  |TAMS 0x00000000fd200000| PB 0x00000000fd200000| Updating 
|2002|0x00000000fd200000, 0x00000000fd300000, 0x00000000fd300000|100%| O|  |TAMS 0x00000000fd300000| PB 0x00000000fd300000| Updating 
|2003|0x00000000fd300000, 0x00000000fd400000, 0x00000000fd400000|100%| O|  |TAMS 0x00000000fd400000| PB 0x00000000fd400000| Updating 
|2004|0x00000000fd400000, 0x00000000fd500000, 0x00000000fd500000|100%| O|  |TAMS 0x00000000fd500000| PB 0x00000000fd500000| Updating 
|2005|0x00000000fd500000, 0x00000000fd600000, 0x00000000fd600000|100%| O|  |TAMS 0x00000000fd600000| PB 0x00000000fd600000| Updating 
|2006|0x00000000fd600000, 0x00000000fd700000, 0x00000000fd700000|100%| O|  |TAMS 0x00000000fd700000| PB 0x00000000fd700000| Updating 
|2007|0x00000000fd700000, 0x00000000fd800000, 0x00000000fd800000|100%| O|  |TAMS 0x00000000fd800000| PB 0x00000000fd800000| Untracked 
|2008|0x00000000fd800000, 0x00000000fd900000, 0x00000000fd900000|100%| O|  |TAMS 0x00000000fd900000| PB 0x00000000fd900000| Untracked 
|2009|0x00000000fd900000, 0x00000000fda00000, 0x00000000fda00000|100%| O|  |TAMS 0x00000000fda00000| PB 0x00000000fda00000| Untracked 
|2010|0x00000000fda00000, 0x00000000fdb00000, 0x00000000fdb00000|100%| O|  |TAMS 0x00000000fdb00000| PB 0x00000000fdb00000| Untracked 
|2011|0x00000000fdb00000, 0x00000000fdc00000, 0x00000000fdc00000|100%| O|  |TAMS 0x00000000fdc00000| PB 0x00000000fdc00000| Untracked 
|2012|0x00000000fdc00000, 0x00000000fdd00000, 0x00000000fdd00000|100%| E|CS|TAMS 0x00000000fdc00000| PB 0x00000000fdc00000| Complete 
|2013|0x00000000fdd00000, 0x00000000fde00000, 0x00000000fde00000|100%| O|  |TAMS 0x00000000fde00000| PB 0x00000000fde00000| Untracked 
|2014|0x00000000fde00000, 0x00000000fdf00000, 0x00000000fdf00000|100%| O|  |TAMS 0x00000000fdf00000| PB 0x00000000fdf00000| Untracked 
|2015|0x00000000fdf00000, 0x00000000fe000000, 0x00000000fe000000|100%| O|  |TAMS 0x00000000fe000000| PB 0x00000000fe000000| Untracked 
|2016|0x00000000fe000000, 0x00000000fe100000, 0x00000000fe100000|100%| O|  |TAMS 0x00000000fe100000| PB 0x00000000fe100000| Untracked 
|2017|0x00000000fe100000, 0x00000000fe200000, 0x00000000fe200000|100%| O|  |TAMS 0x00000000fe200000| PB 0x00000000fe200000| Updating 
|2018|0x00000000fe200000, 0x00000000fe300000, 0x00000000fe300000|100%| E|CS|TAMS 0x00000000fe200000| PB 0x00000000fe200000| Complete 
|2019|0x00000000fe300000, 0x00000000fe400000, 0x00000000fe400000|100%| E|CS|TAMS 0x00000000fe300000| PB 0x00000000fe300000| Complete 
|2020|0x00000000fe400000, 0x00000000fe500000, 0x00000000fe500000|100%| E|CS|TAMS 0x00000000fe400000| PB 0x00000000fe400000| Complete 
|2021|0x00000000fe500000, 0x00000000fe600000, 0x00000000fe600000|100%| E|CS|TAMS 0x00000000fe500000| PB 0x00000000fe500000| Complete 
|2022|0x00000000fe600000, 0x00000000fe700000, 0x00000000fe700000|100%| E|CS|TAMS 0x00000000fe600000| PB 0x00000000fe600000| Complete 
|2023|0x00000000fe700000, 0x00000000fe800000, 0x00000000fe800000|100%| E|CS|TAMS 0x00000000fe700000| PB 0x00000000fe700000| Complete 
|2024|0x00000000fe800000, 0x00000000fe900000, 0x00000000fe900000|100%| O|  |TAMS 0x00000000fe900000| PB 0x00000000fe900000| Updating 
|2025|0x00000000fe900000, 0x00000000fea00000, 0x00000000fea00000|100%| E|CS|TAMS 0x00000000fe900000| PB 0x00000000fe900000| Complete 
|2026|0x00000000fea00000, 0x00000000feb00000, 0x00000000feb00000|100%| E|CS|TAMS 0x00000000fea00000| PB 0x00000000fea00000| Complete 
|2027|0x00000000feb00000, 0x00000000fec00000, 0x00000000fec00000|100%| E|CS|TAMS 0x00000000feb00000| PB 0x00000000feb00000| Complete 
|2028|0x00000000fec00000, 0x00000000fed00000, 0x00000000fed00000|100%| E|CS|TAMS 0x00000000fec00000| PB 0x00000000fec00000| Complete 
|2029|0x00000000fed00000, 0x00000000fee00000, 0x00000000fee00000|100%| E|CS|TAMS 0x00000000fed00000| PB 0x00000000fed00000| Complete 
|2030|0x00000000fee00000, 0x00000000fef00000, 0x00000000fef00000|100%| E|CS|TAMS 0x00000000fee00000| PB 0x00000000fee00000| Complete 
|2031|0x00000000fef00000, 0x00000000ff000000, 0x00000000ff000000|100%| E|CS|TAMS 0x00000000fef00000| PB 0x00000000fef00000| Complete 
|2032|0x00000000ff000000, 0x00000000ff100000, 0x00000000ff100000|100%| E|CS|TAMS 0x00000000ff000000| PB 0x00000000ff000000| Complete 
|2033|0x00000000ff100000, 0x00000000ff200000, 0x00000000ff200000|100%| O|  |TAMS 0x00000000ff200000| PB 0x00000000ff200000| Updating 
|2034|0x00000000ff200000, 0x00000000ff300000, 0x00000000ff300000|100%| O|  |TAMS 0x00000000ff300000| PB 0x00000000ff300000| Untracked 
|2035|0x00000000ff300000, 0x00000000ff400000, 0x00000000ff400000|100%| O|  |TAMS 0x00000000ff400000| PB 0x00000000ff400000| Untracked 
|2036|0x00000000ff400000, 0x00000000ff500000, 0x00000000ff500000|100%| O|  |TAMS 0x00000000ff500000| PB 0x00000000ff500000| Untracked 
|2037|0x00000000ff500000, 0x00000000ff600000, 0x00000000ff600000|100%| O|  |TAMS 0x00000000ff600000| PB 0x00000000ff600000| Untracked 
|2038|0x00000000ff600000, 0x00000000ff700000, 0x00000000ff700000|100%| O|  |TAMS 0x00000000ff700000| PB 0x00000000ff700000| Updating 
|2039|0x00000000ff700000, 0x00000000ff800000, 0x00000000ff800000|100%| E|CS|TAMS 0x00000000ff700000| PB 0x00000000ff700000| Complete 
|2040|0x00000000ff800000, 0x00000000ff900000, 0x00000000ff900000|100%| O|  |TAMS 0x00000000ff900000| PB 0x00000000ff900000| Updating 
|2041|0x00000000ff900000, 0x00000000ffa00000, 0x00000000ffa00000|100%| O|  |TAMS 0x00000000ffa00000| PB 0x00000000ffa00000| Updating 
|2042|0x00000000ffa00000, 0x00000000ffb00000, 0x00000000ffb00000|100%| E|CS|TAMS 0x00000000ffa00000| PB 0x00000000ffa00000| Complete 
|2043|0x00000000ffb00000, 0x00000000ffc00000, 0x00000000ffc00000|100%| O|  |TAMS 0x00000000ffc00000| PB 0x00000000ffc00000| Updating 
|2044|0x00000000ffc00000, 0x00000000ffd00000, 0x00000000ffd00000|100%| O|  |TAMS 0x00000000ffd00000| PB 0x00000000ffd00000| Untracked 
|2045|0x00000000ffd00000, 0x00000000ffe00000, 0x00000000ffe00000|100%| O|  |TAMS 0x00000000ffe00000| PB 0x00000000ffe00000| Untracked 
|2046|0x00000000ffe00000, 0x00000000fff00000, 0x00000000fff00000|100%| O|  |TAMS 0x00000000fff00000| PB 0x00000000fff00000| Untracked 
|2047|0x00000000fff00000, 0x0000000100000000, 0x0000000100000000|100%| E|CS|TAMS 0x00000000fff00000| PB 0x00000000fff00000| Complete 

Card table byte_map: [0x000001b6b7a30000,0x000001b6b7e30000] _byte_map_base: 0x000001b6b7630000

Marking Bits: (CMBitMap*) 0x000001b6a51f5190
 Bits: [0x000001b6b7e30000, 0x000001b6b9e30000)

Polling page: 0x000001b6a2f90000

Metaspace:

Usage:
  Non-class:    222.08 MB used.
      Class:     32.91 MB used.
       Both:    255.00 MB used.

Virtual space:
  Non-class space:      256.00 MB reserved,     223.06 MB ( 87%) committed,  4 nodes.
      Class space:        1.00 GB reserved,      33.81 MB (  3%) committed,  1 nodes.
             Both:        1.25 GB reserved,     256.88 MB ( 20%) committed. 

Chunk freelists:
   Non-Class:  160.00 KB
       Class:  14.19 MB
        Both:  14.34 MB

MaxMetaspaceSize: unlimited
CompressedClassSpaceSize: 1.00 GB
Initial GC threshold: 21.00 MB
Current GC threshold: 422.62 MB
CDS: off
 - commit_granule_bytes: 65536.
 - commit_granule_words: 8192.
 - virtual_space_node_default_size: 8388608.
 - enlarge_chunks_in_place: 1.
 - use_allocation_guard: 0.


Internal statistics:

num_allocs_failed_limit: 6.
num_arena_births: 7926.
num_arena_deaths: 4274.
num_vsnodes_births: 5.
num_vsnodes_deaths: 0.
num_space_committed: 4111.
num_space_uncommitted: 8.
num_chunks_returned_to_freelist: 5307.
num_chunks_taken_from_freelist: 21122.
num_chunk_merges: 2039.
num_chunk_splits: 12875.
num_chunks_enlarged: 8374.
num_inconsistent_stats: 0.

CodeHeap 'non-profiled nmethods': size=120000Kb used=17307Kb max_used=18812Kb free=102692Kb
 bounds [0x000001b6afdd0000, 0x000001b6b1030000, 0x000001b6b7300000]
CodeHeap 'profiled nmethods': size=120000Kb used=38012Kb max_used=43268Kb free=81987Kb
 bounds [0x000001b6a8300000, 0x000001b6aad50000, 0x000001b6af830000]
CodeHeap 'non-nmethods': size=5760Kb used=3127Kb max_used=3197Kb free=2632Kb
 bounds [0x000001b6af830000, 0x000001b6afb60000, 0x000001b6afdd0000]
CodeCache: size=245760Kb, used=58446Kb, max_used=65277Kb, free=187311Kb
 total_blobs=20545, nmethods=19199, adapters=1247, full_count=0
Compilation: enabled, stopped_count=0, restarted_count=0

Compilation events (20 events):
Event: 8519.901 Thread 0x000001b6bca76c10 36455       3       java.util.TimSort::mergeHi (732 bytes)
Event: 8519.904 Thread 0x000001b6bca76c10 nmethod 36455 0x000001b6aa896490 code [0x000001b6aa896820, 0x000001b6aa898b58]
Event: 8519.916 Thread 0x000001b6bca67910 nmethod 36441 0x000001b6b03bfa10 code [0x000001b6b03bfc40, 0x000001b6b03c03c8]
Event: 8519.916 Thread 0x000001b6bca67910 36421       4       java.lang.invoke.LambdaForm$MH/0x0000000101d9b000::invoke (45 bytes)
Event: 8519.918 Thread 0x000001b6d1d21f70 nmethod 36264 0x000001b6b0068f90 code [0x000001b6b0069400, 0x000001b6b006bb30]
Event: 8519.918 Thread 0x000001b6d1d21f70 36433       4       com.android.tools.r8.internal.vk1::c (73 bytes)
Event: 8519.919 Thread 0x000001b6bca67910 nmethod 36421 0x000001b6b0de1090 code [0x000001b6b0de1240, 0x000001b6b0de1430]
Event: 8519.919 Thread 0x000001b6bca67910 36453       4       com.android.tools.r8.internal.vr0::equals (54 bytes)
Event: 8519.921 Thread 0x000001b6d1d21f70 nmethod 36433 0x000001b6b0199a90 code [0x000001b6b0199c20, 0x000001b6b0199d88]
Event: 8519.921 Thread 0x000001b6d1d21f70 36454       4       com.android.tools.r8.dex.w$$Lambda/0x00000001021cbf08::apply (15 bytes)
Event: 8519.921 Thread 0x000001b6bca67910 nmethod 36453 0x000001b6b03bf490 code [0x000001b6b03bf620, 0x000001b6b03bf788]
Event: 8519.921 Thread 0x000001b6bca67910 36263       4       com.android.tools.r8.graph.e6$$Lambda/0x00000001021c5ef0::accept (12 bytes)
Event: 8519.923 Thread 0x000001b6bca67910 nmethod 36263 0x000001b6b07b8f10 code [0x000001b6b07b90a0, 0x000001b6b07b9198]
Event: 8519.923 Thread 0x000001b6bca67910 36266       4       com.android.tools.r8.graph.zb::a (36 bytes)
Event: 8519.925 Thread 0x000001b6bca67910 nmethod 36266 0x000001b6b07b8a90 code [0x000001b6b07b8c40, 0x000001b6b07b8d70]
Event: 8519.925 Thread 0x000001b6bca67910 36271       4       com.android.tools.r8.graph.j2::a (19 bytes)
Event: 8519.952 Thread 0x000001b6d1d21f70 nmethod 36454 0x000001b6b0540f10 code [0x000001b6b05411a0, 0x000001b6b0541cc8]
Event: 8519.952 Thread 0x000001b6d1d21f70 36436       4       com.android.tools.r8.dex.w$$Lambda/0x00000001021cae28::test (8 bytes)
Event: 8519.954 Thread 0x000001b6d1d21f70 nmethod 36436 0x000001b6b07b8710 code [0x000001b6b07b88a0, 0x000001b6b07b8968]
Event: 8519.954 Thread 0x000001b6d1d21f70 36440       4       com.android.tools.r8.dex.w::a (227 bytes)

GC Heap History (20 events):
Event: 8507.493 GC heap before
{Heap before GC invocations=103 (full 0):
 garbage-first heap   total 566272K, used 427573K [0x0000000080000000, 0x0000000100000000)
  region size 1024K, 80 young (81920K), 23 survivors (23552K)
 Metaspace       used 248416K, committed 250368K, reserved 1310720K
  class space    used 32210K, committed 33152K, reserved 1048576K
}
Event: 8507.556 GC heap after
{Heap after GC invocations=104 (full 0):
 garbage-first heap   total 566272K, used 384512K [0x0000000080000000, 0x0000000100000000)
  region size 1024K, 10 young (10240K), 10 survivors (10240K)
 Metaspace       used 248416K, committed 250368K, reserved 1310720K
  class space    used 32210K, committed 33152K, reserved 1048576K
}
Event: 8508.151 GC heap before
{Heap before GC invocations=104 (full 0):
 garbage-first heap   total 566272K, used 499200K [0x0000000080000000, 0x0000000100000000)
  region size 1024K, 123 young (125952K), 10 survivors (10240K)
 Metaspace       used 248576K, committed 250432K, reserved 1310720K
  class space    used 32214K, committed 33152K, reserved 1048576K
}
Event: 8508.246 GC heap after
{Heap after GC invocations=105 (full 0):
 garbage-first heap   total 569344K, used 435712K [0x0000000080000000, 0x0000000100000000)
  region size 1024K, 16 young (16384K), 16 survivors (16384K)
 Metaspace       used 248576K, committed 250432K, reserved 1310720K
  class space    used 32214K, committed 33152K, reserved 1048576K
}
Event: 8508.259 GC heap before
{Heap before GC invocations=105 (full 0):
 garbage-first heap   total 569344K, used 437760K [0x0000000080000000, 0x0000000100000000)
  region size 1024K, 19 young (19456K), 16 survivors (16384K)
 Metaspace       used 248576K, committed 250432K, reserved 1310720K
  class space    used 32214K, committed 33152K, reserved 1048576K
}
Event: 8508.293 GC heap after
{Heap after GC invocations=106 (full 0):
 garbage-first heap   total 569344K, used 440701K [0x0000000080000000, 0x0000000100000000)
  region size 1024K, 4 young (4096K), 4 survivors (4096K)
 Metaspace       used 248576K, committed 250432K, reserved 1310720K
  class space    used 32214K, committed 33152K, reserved 1048576K
}
Event: 8508.876 GC heap before
{Heap before GC invocations=106 (full 0):
 garbage-first heap   total 569344K, used 514429K [0x0000000080000000, 0x0000000100000000)
  region size 1024K, 70 young (71680K), 4 survivors (4096K)
 Metaspace       used 248787K, committed 250624K, reserved 1310720K
  class space    used 32234K, committed 33152K, reserved 1048576K
}
Event: 8508.914 GC heap after
{Heap after GC invocations=107 (full 0):
 garbage-first heap   total 569344K, used 473088K [0x0000000080000000, 0x0000000100000000)
  region size 1024K, 9 young (9216K), 9 survivors (9216K)
 Metaspace       used 248787K, committed 250624K, reserved 1310720K
  class space    used 32234K, committed 33152K, reserved 1048576K
}
Event: 8510.179 GC heap before
{Heap before GC invocations=108 (full 0):
 garbage-first heap   total 785408K, used 518144K [0x0000000080000000, 0x0000000100000000)
  region size 1024K, 56 young (57344K), 9 survivors (9216K)
 Metaspace       used 251866K, committed 253760K, reserved 1310720K
  class space    used 32664K, committed 33600K, reserved 1048576K
}
Event: 8510.203 GC heap after
{Heap after GC invocations=109 (full 0):
 garbage-first heap   total 785408K, used 477824K [0x0000000080000000, 0x0000000100000000)
  region size 1024K, 5 young (5120K), 5 survivors (5120K)
 Metaspace       used 251866K, committed 253760K, reserved 1310720K
  class space    used 32664K, committed 33600K, reserved 1048576K
}
Event: 8512.404 GC heap before
{Heap before GC invocations=109 (full 0):
 garbage-first heap   total 785408K, used 695936K [0x0000000080000000, 0x0000000100000000)
  region size 1024K, 189 young (193536K), 5 survivors (5120K)
 Metaspace       used 254081K, committed 256064K, reserved 1310720K
  class space    used 32976K, committed 33920K, reserved 1048576K
}
Event: 8512.455 GC heap after
{Heap after GC invocations=110 (full 0):
 garbage-first heap   total 785408K, used 492518K [0x0000000080000000, 0x0000000100000000)
  region size 1024K, 24 young (24576K), 24 survivors (24576K)
 Metaspace       used 254081K, committed 256064K, reserved 1310720K
  class space    used 32976K, committed 33920K, reserved 1048576K
}
Event: 8513.252 GC heap before
{Heap before GC invocations=110 (full 0):
 garbage-first heap   total 785408K, used 582630K [0x0000000080000000, 0x0000000100000000)
  region size 1024K, 113 young (115712K), 24 survivors (24576K)
 Metaspace       used 257455K, committed 259328K, reserved 1310720K
  class space    used 33301K, committed 34240K, reserved 1048576K
}
Event: 8513.297 GC heap after
{Heap after GC invocations=111 (full 0):
 garbage-first heap   total 785408K, used 502973K [0x0000000080000000, 0x0000000100000000)
  region size 1024K, 10 young (10240K), 10 survivors (10240K)
 Metaspace       used 257455K, committed 259328K, reserved 1310720K
  class space    used 33301K, committed 34240K, reserved 1048576K
}
Event: 8515.714 GC heap before
{Heap before GC invocations=112 (full 0):
 garbage-first heap   total 805888K, used 659645K [0x0000000080000000, 0x0000000100000000)
  region size 1024K, 178 young (182272K), 10 survivors (10240K)
 Metaspace       used 258759K, committed 260608K, reserved 1310720K
  class space    used 33403K, committed 34304K, reserved 1048576K
}
Event: 8515.736 GC heap after
{Heap after GC invocations=113 (full 0):
 garbage-first heap   total 805888K, used 485621K [0x0000000080000000, 0x0000000100000000)
  region size 1024K, 8 young (8192K), 8 survivors (8192K)
 Metaspace       used 258759K, committed 260608K, reserved 1310720K
  class space    used 33403K, committed 34304K, reserved 1048576K
}
Event: 8518.617 GC heap before
{Heap before GC invocations=113 (full 0):
 garbage-first heap   total 805888K, used 737525K [0x0000000080000000, 0x0000000100000000)
  region size 1024K, 226 young (231424K), 8 survivors (8192K)
 Metaspace       used 260959K, committed 262912K, reserved 1310720K
  class space    used 33683K, committed 34624K, reserved 1048576K
}
Event: 8518.673 GC heap after
{Heap after GC invocations=114 (full 0):
 garbage-first heap   total 805888K, used 506152K [0x0000000080000000, 0x0000000100000000)
  region size 1024K, 22 young (22528K), 22 survivors (22528K)
 Metaspace       used 260959K, committed 262912K, reserved 1310720K
  class space    used 33683K, committed 34624K, reserved 1048576K
}
Event: 8519.040 GC heap before
{Heap before GC invocations=114 (full 0):
 garbage-first heap   total 805888K, used 531752K [0x0000000080000000, 0x0000000100000000)
  region size 1024K, 49 young (50176K), 22 survivors (22528K)
 Metaspace       used 260962K, committed 262912K, reserved 1310720K
  class space    used 33683K, committed 34624K, reserved 1048576K
}
Event: 8519.076 GC heap after
{Heap after GC invocations=115 (full 0):
 garbage-first heap   total 805888K, used 510336K [0x0000000080000000, 0x0000000100000000)
  region size 1024K, 5 young (5120K), 5 survivors (5120K)
 Metaspace       used 260962K, committed 262912K, reserved 1310720K
  class space    used 33683K, committed 34624K, reserved 1048576K
}

Dll operation events (3 events):
Event: 0.017 Loaded shared library C:\Program Files\Android\Android Studio1\jbr\bin\java.dll
Event: 0.023 Loaded shared library C:\Program Files\Android\Android Studio1\jbr\bin\zip.dll
Event: 1.020 Loaded shared library C:\Program Files\Android\Android Studio1\jbr\bin\verify.dll

Deoptimization events (20 events):
Event: 8519.525 Thread 0x000001b6d8125250 DEOPT PACKING pc=0x000001b6b0a6f530 sp=0x0000003507ffec80
Event: 8519.525 Thread 0x000001b6d8125250 DEOPT UNPACKING pc=0x000001b6af8843a2 sp=0x0000003507ffeb58 mode 2
Event: 8519.526 Thread 0x000001b6d8125250 Uncommon trap: trap_request=0xffffff45 fr.pc=0x000001b6b0a02b0c relative=0x000000000000006c
Event: 8519.526 Thread 0x000001b6d8125250 Uncommon trap: reason=unstable_if action=reinterpret pc=0x000001b6b0a02b0c method=com.android.tools.r8.graph.ja.D()Z @ 23 c2
Event: 8519.526 Thread 0x000001b6d8125250 DEOPT PACKING pc=0x000001b6b0a02b0c sp=0x0000003507ffebd0
Event: 8519.526 Thread 0x000001b6d8125250 DEOPT UNPACKING pc=0x000001b6af8843a2 sp=0x0000003507ffeb60 mode 2
Event: 8519.553 Thread 0x000001b6d8125250 Uncommon trap: trap_request=0xffffff45 fr.pc=0x000001b6b0a22634 relative=0x0000000000000d54
Event: 8519.553 Thread 0x000001b6d8125250 Uncommon trap: reason=unstable_if action=reinterpret pc=0x000001b6b0a22634 method=com.android.tools.r8.internal.l80.a(Ljava/lang/String;Lcom/android/tools/r8/naming/b;)Ljava/lang/String; @ 9 c2
Event: 8519.553 Thread 0x000001b6d8125250 DEOPT PACKING pc=0x000001b6b0a22634 sp=0x0000003507ffe7b0
Event: 8519.553 Thread 0x000001b6d8125250 DEOPT UNPACKING pc=0x000001b6af8843a2 sp=0x0000003507ffe6c0 mode 2
Event: 8519.851 Thread 0x000001b6d8125250 Uncommon trap: trap_request=0xffffff45 fr.pc=0x000001b6b09531a8 relative=0x0000000000001888
Event: 8519.851 Thread 0x000001b6d8125250 Uncommon trap: reason=unstable_if action=reinterpret pc=0x000001b6b09531a8 method=java.util.TimSort.mergeLo(IIII)V @ 105 c2
Event: 8519.851 Thread 0x000001b6d8125250 DEOPT PACKING pc=0x000001b6b09531a8 sp=0x0000003507ffeac0
Event: 8519.851 Thread 0x000001b6d8125250 DEOPT UNPACKING pc=0x000001b6af8843a2 sp=0x0000003507ffea98 mode 2
Event: 8519.863 Thread 0x000001b6d8125250 Uncommon trap: trap_request=0xffffff45 fr.pc=0x000001b6b07ee984 relative=0x0000000000001b64
Event: 8519.863 Thread 0x000001b6d8125250 Uncommon trap: reason=unstable_if action=reinterpret pc=0x000001b6b07ee984 method=java.util.TimSort.mergeHi(IIII)V @ 584 c2
Event: 8519.863 Thread 0x000001b6d8125250 DEOPT PACKING pc=0x000001b6b07ee984 sp=0x0000003507ffeab0
Event: 8519.863 Thread 0x000001b6d8125250 DEOPT UNPACKING pc=0x000001b6af8843a2 sp=0x0000003507ffea88 mode 2
Event: 8519.930 Thread 0x000001b6d8125250 DEOPT PACKING pc=0x000001b6a9be5f1c sp=0x0000003507ffeaa0
Event: 8519.930 Thread 0x000001b6d8125250 DEOPT UNPACKING pc=0x000001b6af884b42 sp=0x0000003507ffdf88 mode 0

Classes loaded (20 events):
Event: 8517.307 Loading class java/lang/ProcessImpl$2
Event: 8517.308 Loading class java/lang/ProcessImpl$2 done
Event: 8517.308 Loading class java/lang/Process$PipeInputStream
Event: 8517.308 Loading class java/lang/Process$PipeInputStream done
Event: 8517.314 Loading class jdk/internal/event/ProcessStartEvent
Event: 8517.364 Loading class jdk/internal/event/ProcessStartEvent done
Event: 8517.731 Loading class java/nio/file/FileTreeWalker$1
Event: 8517.738 Loading class java/nio/file/FileTreeWalker$1 done
Event: 8518.105 Loading class java/util/Collections$UnmodifiableList$1
Event: 8518.106 Loading class java/util/Collections$UnmodifiableList$1 done
Event: 8518.195 Loading class sun/nio/cs/UTF_16$Encoder
Event: 8518.196 Loading class sun/nio/cs/UnicodeEncoder
Event: 8518.197 Loading class sun/nio/cs/UnicodeEncoder done
Event: 8518.197 Loading class sun/nio/cs/UTF_16$Encoder done
Event: 8518.197 Loading class sun/nio/cs/UTF_16$Decoder
Event: 8518.198 Loading class sun/nio/cs/UTF_16$Decoder done
Event: 8518.205 Loading class sun/nio/cs/Surrogate$Parser
Event: 8518.206 Loading class sun/nio/cs/Surrogate$Parser done
Event: 8518.206 Loading class sun/nio/cs/Surrogate
Event: 8518.207 Loading class sun/nio/cs/Surrogate done

Classes unloaded (20 events):
Event: 8491.056 Thread 0x000001b6bc9fb470 Unloading class 0x0000000100556000 'jdk/internal/reflect/GeneratedSerializationConstructorAccessor35'
Event: 8491.056 Thread 0x000001b6bc9fb470 Unloading class 0x0000000100555c00 'jdk/internal/reflect/GeneratedSerializationConstructorAccessor34'
Event: 8491.056 Thread 0x000001b6bc9fb470 Unloading class 0x0000000100555800 'jdk/internal/reflect/GeneratedSerializationConstructorAccessor33'
Event: 8491.056 Thread 0x000001b6bc9fb470 Unloading class 0x0000000100555400 'jdk/internal/reflect/GeneratedSerializationConstructorAccessor32'
Event: 8491.056 Thread 0x000001b6bc9fb470 Unloading class 0x0000000100555000 'jdk/internal/reflect/GeneratedSerializationConstructorAccessor31'
Event: 8491.056 Thread 0x000001b6bc9fb470 Unloading class 0x0000000100554c00 'jdk/internal/reflect/GeneratedSerializationConstructorAccessor30'
Event: 8491.056 Thread 0x000001b6bc9fb470 Unloading class 0x000000010054c000 'jdk/internal/reflect/GeneratedSerializationConstructorAccessor15'
Event: 8491.056 Thread 0x000001b6bc9fb470 Unloading class 0x0000000100512000 'java/lang/invoke/LambdaForm$MH+0x0000000100512000'
Event: 8491.056 Thread 0x000001b6bc9fb470 Unloading class 0x0000000100511c00 'java/lang/invoke/LambdaForm$MH+0x0000000100511c00'
Event: 8491.057 Thread 0x000001b6bc9fb470 Unloading class 0x000000010028ec00 'jdk/internal/reflect/GeneratedSerializationConstructorAccessor9'
Event: 8491.057 Thread 0x000001b6bc9fb470 Unloading class 0x000000010028e800 'jdk/internal/reflect/GeneratedSerializationConstructorAccessor8'
Event: 8491.057 Thread 0x000001b6bc9fb470 Unloading class 0x000000010028e400 'jdk/internal/reflect/GeneratedSerializationConstructorAccessor7'
Event: 8491.057 Thread 0x000001b6bc9fb470 Unloading class 0x000000010028e000 'jdk/internal/reflect/GeneratedSerializationConstructorAccessor6'
Event: 8491.057 Thread 0x000001b6bc9fb470 Unloading class 0x000000010028d800 'jdk/internal/reflect/GeneratedSerializationConstructorAccessor4'
Event: 8491.057 Thread 0x000001b6bc9fb470 Unloading class 0x000000010028d400 'jdk/internal/reflect/GeneratedSerializationConstructorAccessor3'
Event: 8491.057 Thread 0x000001b6bc9fb470 Unloading class 0x000000010028d000 'jdk/internal/reflect/GeneratedSerializationConstructorAccessor2'
Event: 8491.057 Thread 0x000001b6bc9fb470 Unloading class 0x000000010028c800 'jdk/internal/reflect/GeneratedSerializationConstructorAccessor1'
Event: 8491.057 Thread 0x000001b6bc9fb470 Unloading class 0x0000000100208400 'java/lang/invoke/LambdaForm$MH+0x0000000100208400'
Event: 8491.057 Thread 0x000001b6bc9fb470 Unloading class 0x00000001001cd800 'java/lang/invoke/LambdaForm$MH+0x00000001001cd800'
Event: 8509.133 Thread 0x000001b6bc9fb470 Unloading class 0x0000000101fdc000 'java/lang/invoke/LambdaForm$DMH+0x0000000101fdc000'

Classes redefined (0 events):
No events

Internal exceptions (20 events):
Event: 8518.516 Thread 0x000001b6d8125250 Exception <a 'sun/nio/fs/WindowsException'{0x000000009ef4a940}> (0x000000009ef4a940) 
thrown [s\src\hotspot\share\prims\jni.cpp, line 537]
Event: 8518.519 Thread 0x000001b6d8125250 Exception <a 'sun/nio/fs/WindowsException'{0x000000009edf15b8}> (0x000000009edf15b8) 
thrown [s\src\hotspot\share\prims\jni.cpp, line 537]
Event: 8518.521 Thread 0x000001b6d8125250 Exception <a 'sun/nio/fs/WindowsException'{0x000000009ec86eb8}> (0x000000009ec86eb8) 
thrown [s\src\hotspot\share\prims\jni.cpp, line 537]
Event: 8518.522 Thread 0x000001b6d8125250 Exception <a 'sun/nio/fs/WindowsException'{0x000000009ec9ac08}> (0x000000009ec9ac08) 
thrown [s\src\hotspot\share\prims\jni.cpp, line 537]
Event: 8518.523 Thread 0x000001b6d8125250 Exception <a 'sun/nio/fs/WindowsException'{0x000000009eca0d78}> (0x000000009eca0d78) 
thrown [s\src\hotspot\share\prims\jni.cpp, line 537]
Event: 8518.525 Thread 0x000001b6d8125250 Exception <a 'sun/nio/fs/WindowsException'{0x000000009eca5d68}> (0x000000009eca5d68) 
thrown [s\src\hotspot\share\prims\jni.cpp, line 537]
Event: 8518.535 Thread 0x000001b6d8124bc0 Implicit null exception at 0x000001b6b01fba00 to 0x000001b6b01fd898
Event: 8519.246 Thread 0x000001b6d8125250 Exception <a 'sun/nio/fs/WindowsException'{0x00000000fabb86f8}> (0x00000000fabb86f8) 
thrown [s\src\hotspot\share\prims\jni.cpp, line 537]
Event: 8519.249 Thread 0x000001b6d8125250 Exception <a 'sun/nio/fs/WindowsException'{0x00000000fabbf750}> (0x00000000fabbf750) 
thrown [s\src\hotspot\share\prims\jni.cpp, line 537]
Event: 8519.252 Thread 0x000001b6d8125250 Exception <a 'sun/nio/fs/WindowsException'{0x00000000fabc8738}> (0x00000000fabc8738) 
thrown [s\src\hotspot\share\prims\jni.cpp, line 537]
Event: 8519.255 Thread 0x000001b6d8125250 Exception <a 'java/lang/IncompatibleClassChangeError'{0x00000000fabd0938}: Found class java.lang.Object, but interface was expected> (0x00000000fabd0938) 
thrown [s\src\hotspot\share\interpreter\linkResolver.cpp, line 851]
Event: 8519.401 Thread 0x000001b6d8125250 Exception <a 'sun/nio/fs/WindowsException'{0x00000000ab3fb1f8}> (0x00000000ab3fb1f8) 
thrown [s\src\hotspot\share\prims\jni.cpp, line 537]
Event: 8519.523 Thread 0x000001b6d8125250 Exception <a 'sun/nio/fs/WindowsException'{0x00000000aaafef20}> (0x00000000aaafef20) 
thrown [s\src\hotspot\share\prims\jni.cpp, line 537]
Event: 8519.538 Thread 0x000001b6d8124bc0 Exception <a 'sun/nio/fs/WindowsException'{0x00000000aa9f1be8}> (0x00000000aa9f1be8) 
thrown [s\src\hotspot\share\prims\jni.cpp, line 537]
Event: 8519.540 Thread 0x000001b6d8124bc0 Exception <a 'sun/nio/fs/WindowsException'{0x00000000aa8059a0}> (0x00000000aa8059a0) 
thrown [s\src\hotspot\share\prims\jni.cpp, line 537]
Event: 8519.543 Thread 0x000001b6d8124bc0 Exception <a 'sun/nio/fs/WindowsException'{0x00000000aa80a178}> (0x00000000aa80a178) 
thrown [s\src\hotspot\share\prims\jni.cpp, line 537]
Event: 8519.548 Thread 0x000001b6d8125250 Exception <a 'sun/nio/fs/WindowsException'{0x00000000aa95f538}> (0x00000000aa95f538) 
thrown [s\src\hotspot\share\prims\jni.cpp, line 537]
Event: 8519.551 Thread 0x000001b6d8124bc0 Exception <a 'sun/nio/fs/WindowsException'{0x00000000aa81b6b0}> (0x00000000aa81b6b0) 
thrown [s\src\hotspot\share\prims\jni.cpp, line 537]
Event: 8519.553 Thread 0x000001b6d8124bc0 Exception <a 'sun/nio/fs/WindowsException'{0x00000000aa827a18}> (0x00000000aa827a18) 
thrown [s\src\hotspot\share\prims\jni.cpp, line 537]
Event: 8519.555 Thread 0x000001b6d8125250 Exception <a 'sun/nio/fs/WindowsException'{0x00000000aa96f2b0}> (0x00000000aa96f2b0) 
thrown [s\src\hotspot\share\prims\jni.cpp, line 537]

ZGC Phase Switch (0 events):
No events

VM Operations (20 events):
Event: 8516.743 Executing safepoint VM operation: Cleanup done
Event: 8517.010 Executing non-safepoint VM operation: HandshakeAllThreads (Deoptimize)
Event: 8517.017 Executing non-safepoint VM operation: HandshakeAllThreads (Deoptimize) done
Event: 8517.098 Executing non-safepoint VM operation: HandshakeAllThreads (Deoptimize)
Event: 8517.099 Executing non-safepoint VM operation: HandshakeAllThreads (Deoptimize) done
Event: 8517.313 Executing non-safepoint VM operation: HandshakeAllThreads (Deoptimize)
Event: 8517.314 Executing non-safepoint VM operation: HandshakeAllThreads (Deoptimize) done
Event: 8517.574 Executing non-safepoint VM operation: HandshakeAllThreads (Deoptimize)
Event: 8517.575 Executing non-safepoint VM operation: HandshakeAllThreads (Deoptimize) done
Event: 8517.585 Executing non-safepoint VM operation: HandshakeAllThreads (Deoptimize)
Event: 8517.585 Executing non-safepoint VM operation: HandshakeAllThreads (Deoptimize) done
Event: 8517.792 Executing safepoint VM operation: ICBufferFull
Event: 8517.792 Executing safepoint VM operation: ICBufferFull done
Event: 8518.205 Executing non-safepoint VM operation: HandshakeAllThreads (Deoptimize)
Event: 8518.205 Executing non-safepoint VM operation: HandshakeAllThreads (Deoptimize) done
Event: 8518.617 Executing safepoint VM operation: G1CollectForAllocation (G1 Evacuation Pause)
Event: 8518.674 Executing safepoint VM operation: G1CollectForAllocation (G1 Evacuation Pause) done
Event: 8519.039 Executing safepoint VM operation: G1TryInitiateConcMark (G1 Humongous Allocation)
Event: 8519.076 Executing safepoint VM operation: G1TryInitiateConcMark (G1 Humongous Allocation) done
Event: 8519.978 Executing safepoint VM operation: G1PauseRemark

Memory protections (0 events):
No events

Nmethod flushes (20 events):
Event: 8519.996 Thread 0x000001b6bc9fb470 flushing  nmethod 0x000001b6aa212790
Event: 8519.996 Thread 0x000001b6bc9fb470 flushing  nmethod 0x000001b6aa44ad10
Event: 8519.996 Thread 0x000001b6bc9fb470 flushing  nmethod 0x000001b6aa44b210
Event: 8519.996 Thread 0x000001b6bc9fb470 flushing  nmethod 0x000001b6aa520310
Event: 8519.996 Thread 0x000001b6bc9fb470 flushing  nmethod 0x000001b6aa521a90
Event: 8519.996 Thread 0x000001b6bc9fb470 flushing  nmethod 0x000001b6aa522010
Event: 8519.996 Thread 0x000001b6bc9fb470 flushing  nmethod 0x000001b6aa58f790
Event: 8519.996 Thread 0x000001b6bc9fb470 flushing  nmethod 0x000001b6aa5fd290
Event: 8519.996 Thread 0x000001b6bc9fb470 flushing  nmethod 0x000001b6aa646e10
Event: 8519.996 Thread 0x000001b6bc9fb470 flushing  nmethod 0x000001b6aa647490
Event: 8519.996 Thread 0x000001b6bc9fb470 flushing  nmethod 0x000001b6aa647a90
Event: 8519.996 Thread 0x000001b6bc9fb470 flushing  nmethod 0x000001b6aa773a90
Event: 8519.996 Thread 0x000001b6bc9fb470 flushing  nmethod 0x000001b6aa773f10
Event: 8519.996 Thread 0x000001b6bc9fb470 flushing  nmethod 0x000001b6aaa0d910
Event: 8519.996 Thread 0x000001b6bc9fb470 flushing  nmethod 0x000001b6aaa0e590
Event: 8519.996 Thread 0x000001b6bc9fb470 flushing  nmethod 0x000001b6aabbfe90
Event: 8519.996 Thread 0x000001b6bc9fb470 flushing  nmethod 0x000001b6aabde090
Event: 8519.996 Thread 0x000001b6bc9fb470 flushing  nmethod 0x000001b6aabded10
Event: 8519.996 Thread 0x000001b6bc9fb470 flushing  nmethod 0x000001b6aabe0210
Event: 8519.996 Thread 0x000001b6bc9fb470 flushing  nmethod 0x000001b6aabe2390

Events (20 events):
Event: 8496.841 Thread 0x000001b6d0dd8ac0 Thread added: 0x000001b6d7f27090
Event: 8496.844 Thread 0x000001b6d0dd8ac0 Thread added: 0x000001b6d7f29160
Event: 8496.847 Thread 0x000001b6d0dd8ac0 Thread added: 0x000001b6d7f27720
Event: 8496.959 Thread 0x000001b6d0ddd980 Thread added: 0x000001b6d7f29e80
Event: 8498.392 Thread 0x000001b6d0ddd980 Thread added: 0x000001b6d7f27db0
Event: 8498.393 Thread 0x000001b6d0dde010 Thread added: 0x000001b6d7f28440
Event: 8498.409 Thread 0x000001b6d0dd8ac0 Thread added: 0x000001b6d7f26a00
Event: 8498.657 Thread 0x000001b6d7f242a0 Thread added: 0x000001b6d7f28ad0
Event: 8503.610 Thread 0x000001b6d7f26a00 Thread exited: 0x000001b6d7f26a00
Event: 8505.689 Thread 0x000001b6d7f28ad0 Thread added: 0x000001b6d8124530
Event: 8505.691 Thread 0x000001b6d7f28ad0 Thread added: 0x000001b6d8123ea0
Event: 8505.695 Thread 0x000001b6d8124530 Thread added: 0x000001b6d8125250
Event: 8505.697 Thread 0x000001b6d8123ea0 Thread added: 0x000001b6d9fe8770
Event: 8505.699 Thread 0x000001b6d8125250 Thread added: 0x000001b6d7f2b230
Event: 8505.702 Thread 0x000001b6d9fe8770 Thread added: 0x000001b6d78a25d0
Event: 8505.704 Thread 0x000001b6d7f2b230 Thread added: 0x000001b6d8124bc0
Event: 8505.705 Thread 0x000001b6d78a25d0 Thread added: 0x000001b6d9f6be00
Event: 8517.200 Thread 0x000001b6d7f27db0 Thread added: 0x000001b6c42c7df0
Event: 8517.389 Thread 0x000001b6d7f27db0 Thread added: 0x000001b6d87911d0
Event: 8517.390 Thread 0x000001b6d7f27db0 Thread added: 0x000001b6d878dd50


Dynamic libraries:
0x00007ff7e0e00000 - 0x00007ff7e0e0a000 	C:\Program Files\Android\Android Studio1\jbr\bin\java.exe
0x00007ffb8dd00000 - 0x00007ffb8df66000 	C:\WINDOWS\SYSTEM32\ntdll.dll
0x00007ffb8c960000 - 0x00007ffb8ca29000 	C:\WINDOWS\System32\KERNEL32.DLL
0x00007ffb8b540000 - 0x00007ffb8b940000 	C:\WINDOWS\System32\KERNELBASE.dll
0x00007ffb8b2b0000 - 0x00007ffb8b3fc000 	C:\WINDOWS\System32\ucrtbase.dll
0x00007ffb82840000 - 0x00007ffb82858000 	C:\Program Files\Android\Android Studio1\jbr\bin\jli.dll
0x00007ffb7a540000 - 0x00007ffb7a55b000 	C:\Program Files\Android\Android Studio1\jbr\bin\VCRUNTIME140.dll
0x00007ffb8bb70000 - 0x00007ffb8bd37000 	C:\WINDOWS\System32\USER32.dll
0x00007ffb8ba00000 - 0x00007ffb8ba27000 	C:\WINDOWS\System32\win32u.dll
0x00007ffb72bd0000 - 0x00007ffb72e62000 	C:\WINDOWS\WinSxS\amd64_microsoft.windows.common-controls_6595b64144ccf1df_6.0.26100.8737_none_3e092eaee333b772\COMCTL32.dll
0x00007ffb8c930000 - 0x00007ffb8c95b000 	C:\WINDOWS\System32\GDI32.dll
0x00007ffb8b410000 - 0x00007ffb8b539000 	C:\WINDOWS\System32\gdi32full.dll
0x00007ffb8bac0000 - 0x00007ffb8bb69000 	C:\WINDOWS\System32\msvcrt.dll
0x00007ffb8b950000 - 0x00007ffb8b9f3000 	C:\WINDOWS\System32\msvcp_win.dll
0x00007ffb8da10000 - 0x00007ffb8da42000 	C:\WINDOWS\System32\IMM32.DLL
0x00007ffb84770000 - 0x00007ffb8477c000 	C:\Program Files\Android\Android Studio1\jbr\bin\vcruntime140_1.dll
0x00007ffb5bdb0000 - 0x00007ffb5be3d000 	C:\Program Files\Android\Android Studio1\jbr\bin\msvcp140.dll
0x00007ffb16170000 - 0x00007ffb16e06000 	C:\Program Files\Android\Android Studio1\jbr\bin\server\jvm.dll
0x00007ffb8d1b0000 - 0x00007ffb8d267000 	C:\WINDOWS\System32\ADVAPI32.dll
0x00007ffb8ca30000 - 0x00007ffb8cada000 	C:\WINDOWS\System32\sechost.dll
0x00007ffb8c2b0000 - 0x00007ffb8c3c8000 	C:\WINDOWS\System32\RPCRT4.dll
0x00007ffb8da50000 - 0x00007ffb8dad0000 	C:\WINDOWS\System32\WS2_32.dll
0x00007ffb8ad80000 - 0x00007ffb8adde000 	C:\WINDOWS\SYSTEM32\POWRPROF.dll
0x00007ffb68540000 - 0x00007ffb68576000 	C:\WINDOWS\SYSTEM32\WINMM.dll
0x00007ffb79620000 - 0x00007ffb7962b000 	C:\WINDOWS\SYSTEM32\VERSION.dll
0x00007ffb8ad60000 - 0x00007ffb8ad74000 	C:\WINDOWS\SYSTEM32\UMPDC.dll
0x00007ffb89c00000 - 0x00007ffb89c1b000 	C:\WINDOWS\SYSTEM32\kernel.appcore.dll
0x00007ffb7a530000 - 0x00007ffb7a53a000 	C:\Program Files\Android\Android Studio1\jbr\bin\jimage.dll
0x00007ffb85650000 - 0x00007ffb85892000 	C:\WINDOWS\SYSTEM32\DBGHELP.DLL
0x00007ffb8c400000 - 0x00007ffb8c783000 	C:\WINDOWS\System32\combase.dll
0x00007ffb8bd40000 - 0x00007ffb8be19000 	C:\WINDOWS\System32\OLEAUT32.dll
0x00007ffb722a0000 - 0x00007ffb722db000 	C:\WINDOWS\SYSTEM32\dbgcore.DLL
0x00007ffb8af20000 - 0x00007ffb8afcc000 	C:\WINDOWS\System32\bcryptPrimitives.dll
0x00007ffb78980000 - 0x00007ffb7898e000 	C:\Program Files\Android\Android Studio1\jbr\bin\instrument.dll
0x00007ffb78aa0000 - 0x00007ffb78ac0000 	C:\Program Files\Android\Android Studio1\jbr\bin\java.dll
0x00007ffb78a70000 - 0x00007ffb78a88000 	C:\Program Files\Android\Android Studio1\jbr\bin\zip.dll
0x00007ffb8d270000 - 0x00007ffb8da02000 	C:\WINDOWS\System32\SHELL32.dll
0x00007ffb889e0000 - 0x00007ffb89272000 	C:\WINDOWS\SYSTEM32\windows.storage.dll
0x00007ffb8cfc0000 - 0x00007ffb8d0b7000 	C:\WINDOWS\System32\SHCORE.dll
0x00007ffb8ba40000 - 0x00007ffb8baa7000 	C:\WINDOWS\System32\shlwapi.dll
0x00007ffb8ae40000 - 0x00007ffb8ae69000 	C:\WINDOWS\SYSTEM32\profapi.dll
0x00007ffb78a60000 - 0x00007ffb78a70000 	C:\Program Files\Android\Android Studio1\jbr\bin\net.dll
0x00007ffb7ea20000 - 0x00007ffb7eb49000 	C:\WINDOWS\SYSTEM32\WINHTTP.dll
0x00007ffb8a1b0000 - 0x00007ffb8a21c000 	C:\WINDOWS\system32\mswsock.dll
0x00007ffb77a60000 - 0x00007ffb77a76000 	C:\Program Files\Android\Android Studio1\jbr\bin\nio.dll
0x00007ffb76e90000 - 0x00007ffb76ea0000 	C:\Program Files\Android\Android Studio1\jbr\bin\verify.dll
0x00007ffb769a0000 - 0x00007ffb769c7000 	C:\Users\nickine chrise.j\.gradle\native\1def1411415f61bf3af743bc5b6707747c0891f09f0c88961ee8f79bc544acac\windows-amd64\native-platform.dll
0x00007ffb558c0000 - 0x00007ffb55938000 	C:\Users\nickine chrise.j\.gradle\native\0.2.7\x86_64-windows-gnu\gradle-fileevents.dll
0x00007ffb78990000 - 0x00007ffb78999000 	C:\Program Files\Android\Android Studio1\jbr\bin\management.dll
0x00007ffb78930000 - 0x00007ffb7893b000 	C:\Program Files\Android\Android Studio1\jbr\bin\management_ext.dll
0x00007ffb8ba30000 - 0x00007ffb8ba38000 	C:\WINDOWS\System32\PSAPI.DLL
0x00007ffb895d0000 - 0x00007ffb89603000 	C:\WINDOWS\SYSTEM32\IPHLPAPI.DLL
0x00007ffb8bab0000 - 0x00007ffb8baba000 	C:\WINDOWS\System32\NSI.dll
0x00007ffb789e0000 - 0x00007ffb789e9000 	C:\Program Files\Android\Android Studio1\jbr\bin\extnet.dll
0x00007ffb8a4d0000 - 0x00007ffb8a4eb000 	C:\WINDOWS\SYSTEM32\CRYPTSP.dll
0x00007ffb89b60000 - 0x00007ffb89b99000 	C:\WINDOWS\system32\rsaenh.dll
0x00007ffb8a270000 - 0x00007ffb8a2a2000 	C:\WINDOWS\SYSTEM32\USERENV.dll
0x00007ffb8ae10000 - 0x00007ffb8ae3a000 	C:\WINDOWS\SYSTEM32\bcrypt.dll
0x00007ffb8a4b0000 - 0x00007ffb8a4bc000 	C:\WINDOWS\SYSTEM32\CRYPTBASE.dll
0x00007ffb6c760000 - 0x00007ffb6c768000 	C:\WINDOWS\system32\wshunix.dll
0x00007ffb66c30000 - 0x00007ffb66c48000 	C:\WINDOWS\system32\napinsp.dll
0x00007ffb89610000 - 0x00007ffb89765000 	C:\WINDOWS\SYSTEM32\DNSAPI.dll
0x00007ffb89fb0000 - 0x00007ffb89fbd000 	C:\WINDOWS\SYSTEM32\DSPARSE.dll
0x00007ffb66c10000 - 0x00007ffb66c23000 	C:\WINDOWS\System32\winrnr.dll
0x00007ffb66be0000 - 0x00007ffb66c02000 	C:\WINDOWS\system32\nlansp_c.dll
0x00007ffb7af30000 - 0x00007ffb7af46000 	C:\WINDOWS\system32\wshbth.dll
0x00007ffb7bc10000 - 0x00007ffb7bc1b000 	C:\Windows\System32\rasadhlp.dll
0x00007ffb80b20000 - 0x00007ffb80ba6000 	C:\WINDOWS\System32\fwpuclnt.dll
0x00007ffb89d30000 - 0x00007ffb89d66000 	C:\WINDOWS\SYSTEM32\ntmarta.dll

JVMTI agents:
C:\Users\nickine chrise.j\.gradle\wrapper\dists\gradle-8.13-bin\5xuhj0ry160q40clulazy9h7d\gradle-8.13\lib\agents\gradle-instrumentation-agent-8.13.jar path:C:\Program Files\Android\Android Studio1\jbr\bin\instrument.dll, loaded, initialized, instrumentlib options:none

dbghelp: loaded successfully - version: 4.0.5 - missing functions: none
symbol engine: initialized successfully - sym options: 0x614 - pdb path: .;C:\Program Files\Android\Android Studio1\jbr\bin;C:\WINDOWS\SYSTEM32;C:\WINDOWS\WinSxS\amd64_microsoft.windows.common-controls_6595b64144ccf1df_6.0.26100.8737_none_3e092eaee333b772;C:\Program Files\Android\Android Studio1\jbr\bin\server;C:\Users\nickine chrise.j\.gradle\native\1def1411415f61bf3af743bc5b6707747c0891f09f0c88961ee8f79bc544acac\windows-amd64;C:\Users\nickine chrise.j\.gradle\native\0.2.7\x86_64-windows-gnu

VM Arguments:
jvm_args: --add-opens=java.base/java.lang=ALL-UNNAMED --add-opens=java.base/java.lang.invoke=ALL-UNNAMED --add-opens=java.base/java.util=ALL-UNNAMED --add-opens=java.prefs/java.util.prefs=ALL-UNNAMED --add-exports=jdk.compiler/com.sun.tools.javac.api=ALL-UNNAMED --add-exports=jdk.compiler/com.sun.tools.javac.util=ALL-UNNAMED --add-opens=java.base/java.util=ALL-UNNAMED --add-opens=java.prefs/java.util.prefs=ALL-UNNAMED --add-opens=java.base/java.nio.charset=ALL-UNNAMED --add-opens=java.base/java.net=ALL-UNNAMED --add-opens=java.base/java.util.concurrent.atomic=ALL-UNNAMED --add-opens=java.xml/javax.xml.namespace=ALL-UNNAMED -Xmx2048m -Dfile.encoding=UTF-8 -Duser.country=IN -Duser.language=en -Duser.variant -javaagent:C:\Users\nickine chrise.j\.gradle\wrapper\dists\gradle-8.13-bin\5xuhj0ry160q40clulazy9h7d\gradle-8.13\lib\agents\gradle-instrumentation-agent-8.13.jar 
java_command: org.gradle.launcher.daemon.bootstrap.GradleDaemon 8.13
java_class_path (initial): C:\Users\nickine chrise.j\.gradle\wrapper\dists\gradle-8.13-bin\5xuhj0ry160q40clulazy9h7d\gradle-8.13\lib\gradle-daemon-main-8.13.jar
Launcher Type: SUN_STANDARD

[Global flags]
     intx CICompilerCount                          = 4                                         {product} {ergonomic}
     uint ConcGCThreads                            = 2                                         {product} {ergonomic}
     uint G1ConcRefinementThreads                  = 8                                         {product} {ergonomic}
   size_t G1HeapRegionSize                         = 1048576                                   {product} {ergonomic}
    uintx GCDrainStackTargetSize                   = 64                                        {product} {ergonomic}
   size_t InitialHeapSize                          = 132120576                                 {product} {ergonomic}
   size_t MarkStackSize                            = 4194304                                   {product} {ergonomic}
   size_t MaxHeapSize                              = 2147483648                                {product} {command line}
   size_t MaxNewSize                               = 1287651328                                {product} {ergonomic}
   size_t MinHeapDeltaBytes                        = 1048576                                   {product} {ergonomic}
   size_t MinHeapSize                              = 8388608                                   {product} {ergonomic}
    uintx NonNMethodCodeHeapSize                   = 5839372                                {pd product} {ergonomic}
    uintx NonProfiledCodeHeapSize                  = 122909434                              {pd product} {ergonomic}
    uintx ProfiledCodeHeapSize                     = 122909434                              {pd product} {ergonomic}
    uintx ReservedCodeCacheSize                    = 251658240                              {pd product} {ergonomic}
     bool SegmentedCodeCache                       = true                                      {product} {ergonomic}
   size_t SoftMaxHeapSize                          = 2147483648                             {manageable} {ergonomic}
     bool UseCompressedOops                        = true                           {product lp64_product} {ergonomic}
     bool UseG1GC                                  = true                                      {product} {ergonomic}
     bool UseLargePagesIndividualAllocation        = false                                  {pd product} {ergonomic}

Logging:
Log output configuration:
 #0: stdout all=warning uptime,level,tags foldmultilines=false
 #1: stderr all=off uptime,level,tags foldmultilines=false

Release file:
JAVA_VERSION="21.0.10" 
MODULES="java.base java.compiler java.datatransfer java.xml java.prefs java.desktop java.instrument java.logging java.management java.security.sasl java.naming java.rmi java.management.rmi java.net.http java.scripting java.security.jgss java.transaction.xa java.sql java.sql.rowset java.xml.crypto java.se java.smartcardio jdk.accessibility jdk.internal.jvmstat jdk.attach jdk.charsets jdk.internal.opt jdk.zipfs jdk.compiler jdk.crypto.ec jdk.crypto.cryptoki jdk.dynalink jdk.hotspot.agent jdk.httpserver jdk.internal.ed jdk.internal.le jdk.internal.vm.ci jdk.jartool jdk.javadoc jdk.jcmd jdk.jdeps jdk.jdwp.agent jdk.jdi jdk.jfr jdk.jlink jdk.jsobject jdk.localedata jdk.management jdk.management.agent jdk.management.jfr jdk.naming.dns jdk.naming.rmi jdk.net jdk.sctp jdk.security.auth jdk.security.jgss jdk.unsupported jdk.unsupported.desktop jdk.xml.dom" 
IMPLEMENTOR="JetBrains s.r.o." 
JAVA_RUNTIME_VERSION="21.0.10+-14961533-b1163.108" 
LIBC="default" 
OS_ARCH="x86_64" 
OS_NAME="Windows" 
SOURCE=".:git:1351622c2ff2" 

Environment Variables:
PATH=C:\Program Files\Common Files\Oracle\Java\javapath;C:\WINDOWS\system32;C:\WINDOWS;C:\WINDOWS\System32\Wbem;C:\WINDOWS\System32\WindowsPowerShell\v1.0\;C:\WINDOWS\System32\OpenSSH\;C:\MinGW\bin;C:\Program Files\nodejs\;C:\Users\nickine chrise.j\AppData\Local\Programs\Python\Python311\Scripts\;C:\Users\nickine chrise.j\AppData\Local\Programs\Python\Python311\;C:\Users\nickine chrise.j\AppData\Local\Programs\Python\Python313\Scripts\;C:\Users\nickine chrise.j\AppData\Local\Programs\Python\Python313\;C:\Users\nickine chrise.j\AppData\Local\Programs\Python\Python312\Scripts\;C:\Users\nickine chrise.j\AppData\Local\Programs\Python\Python312\;C:\Users\nickine chrise.j\AppData\Local\Programs\Python\Launcher\;C:\Users\nickine chrise.j\AppData\Local\Microsoft\WindowsApps;C:\Users\nickine chrise.j\AppData\Local\Programs\Microsoft VS Code\bin;C:\Users\nickine chrise.j\Downloads\flutter_windows_3.32.7-stable\flutter\bin;C:\Program Files\IntelliJ IDEA Community Edition 2025.2.5\bin;C:\Users\nickine chrise.j\AppData\Roaming\npm
USERNAME=nickine chrise.j
OS=Windows_NT
PROCESSOR_IDENTIFIER=Intel64 Family 6 Model 142 Stepping 12, GenuineIntel
TMP=C:\Users\NICKIN~1.J\AppData\Local\Temp
TEMP=C:\Users\NICKIN~1.J\AppData\Local\Temp




Periodic native trim disabled

JNI global refs:
JNI global refs: 30, weak refs: 39

JNI global refs memory usage: 835, weak refs: 833

Process memory usage:
Resident Set Size: 1224332K (14% of 8215284K total physical memory with 536008K free physical memory)

OOME stack traces (most recent first):
Classloader memory used:
Loader org.gradle.internal.classloader.VisitableURLClassLoader                         : 109M
Loader org.gradle.internal.classloader.VisitableURLClassLoader$InstrumentingVisitableURLClassLoader: 60940K
Loader org.gradle.internal.classloader.VisitableURLClassLoader                         : 34178K
Loader bootstrap                                                                       : 32689K
Loader org.gradle.initialization.MixInLegacyTypesClassLoader                           : 18106K
Loader jdk.internal.reflect.DelegatingClassLoader                                      : 1359K
Loader jdk.internal.loader.ClassLoaders$PlatformClassLoader                            : 569K
Loader jdk.internal.jrtfs.JrtFileSystemProvider$JrtFsLoader                            : 341K
Loader jdk.internal.loader.ClassLoaders$AppClassLoader                                 : 235K
Loader org.gradle.groovy.scripts.internal.DefaultScriptCompilationHandler$ScriptClassLoader: 158K
Loader org.codehaus.groovy.runtime.callsite.CallSiteClassLoader                        : 32000B
Loader sun.reflect.misc.MethodUtil                                                     : 2984B

Classes loaded by more than one classloader:
Class com.google.common.collect.Iterators$5                                           : loaded 7 times (x 82B)
Class com.google.common.collect.Iterators$4                                           : loaded 7 times (x 82B)
Class com.google.common.collect.Iterators$MergingIterator                             : loaded 7 times (x 81B)
Class com.google.common.collect.ImmutableList                                         : loaded 7 times (x 206B)
Class com.google.common.collect.Iterators$1                                           : loaded 7 times (x 81B)
Class com.google.common.collect.Iterators$ArrayItr                                    : loaded 7 times (x 97B)
Class com.google.common.collect.ImmutableCollection                                   : loaded 7 times (x 125B)
Class com.google.common.collect.UnmodifiableIterator                                  : loaded 7 times (x 80B)
Class com.google.common.collect.Iterators                                             : loaded 7 times (x 71B)
Class com.google.common.collect.Lists                                                 : loaded 7 times (x 71B)
Class com.google.common.collect.Lists$StringAsImmutableList                           : loaded 7 times (x 207B)
Class com.google.common.collect.AbstractIterator                                      : loaded 7 times (x 82B)
Class com.google.common.collect.AbstractIndexedListIterator                           : loaded 7 times (x 96B)
Class com.google.common.collect.PeekingIterator                                       : loaded 7 times (x 70B)
Class com.google.common.base.Preconditions                                            : loaded 7 times (x 71B)
Class com.google.common.collect.Iterators$9                                           : loaded 7 times (x 81B)
Class com.google.common.collect.UnmodifiableListIterator                              : loaded 7 times (x 95B)
Class com.google.common.collect.ImmutableAsList                                       : loaded 6 times (x 209B)
Class org.gradle.internal.IoActions                                                   : loaded 6 times (x 71B)
Class com.google.common.collect.SingletonImmutableList                                : loaded 6 times (x 207B)
Class com.google.common.base.CharMatcher                                              : loaded 6 times (x 112B)
Class com.google.common.base.Joiner$1                                                 : loaded 6 times (x 81B)
Class gnu.trove.TObjectHashingStrategy                                                : loaded 6 times (x 70B)
Class com.google.common.collect.ImmutableSet$RegularSetBuilderImpl                    : loaded 6 times (x 77B)
Class com.google.common.base.CharMatcher$1                                            : loaded 6 times (x 114B)
Class com.google.common.base.CharMatcher$IsEither                                     : loaded 6 times (x 112B)
Class com.google.common.base.CharMatcher$NamedFastMatcher                             : loaded 6 times (x 113B)
Class com.google.common.base.CharMatcher$Is                                           : loaded 6 times (x 112B)
Class com.google.common.collect.ImmutableSortedSet                                    : loaded 6 times (x 300B)
Class com.google.common.base.Joiner$2                                                 : loaded 6 times (x 80B)
Class com.google.common.base.CharMatcher$Negated                                      : loaded 6 times (x 114B)
Class com.google.common.base.CharMatcher$IsNot                                        : loaded 6 times (x 112B)
Class gnu.trove.Equality                                                              : loaded 6 times (x 70B)
Class com.google.common.collect.RangeSet                                              : loaded 6 times (x 70B)
Class com.google.common.base.CharMatcher$And                                          : loaded 6 times (x 113B)
Class com.google.common.collect.RegularImmutableSortedSet                             : loaded 6 times (x 300B)
Class com.google.common.collect.ImmutableSet$CachingAsList                            : loaded 6 times (x 148B)
Class com.google.common.collect.Range                                                 : loaded 6 times (x 86B)
Class com.google.common.collect.ImmutableList$ReverseImmutableList                    : loaded 6 times (x 207B)
Class com.google.common.collect.ImmutableRangeSet$1                                   : loaded 6 times (x 210B)
Class com.google.common.collect.RegularImmutableAsList                                : loaded 6 times (x 217B)
Class com.google.common.base.CharMatcher$InRange                                      : loaded 6 times (x 112B)
Class com.google.common.collect.ImmutableList$Builder                                 : loaded 6 times (x 77B)
Class org.gradle.api.GradleException                                                  : loaded 6 times (x 82B)
Class com.google.common.collect.SortedIterable                                        : loaded 6 times (x 70B)
Class com.google.common.base.Function                                                 : loaded 6 times (x 70B)
Class com.google.common.collect.Iterators$SingletonIterator                           : loaded 6 times (x 81B)
Class com.intellij.gradle.toolingExtension.util.GradleVersionUtil                     : loaded 6 times (x 71B)
Class com.google.common.collect.ImmutableRangeSet$ComplementRanges                    : loaded 6 times (x 207B)
Class com.google.common.collect.ImmutableList$1                                       : loaded 6 times (x 97B)
Class com.google.common.collect.RegularImmutableList                                  : loaded 6 times (x 207B)
Class com.google.common.base.Joiner                                                   : loaded 6 times (x 80B)
Class com.google.common.collect.AbstractRangeSet                                      : loaded 6 times (x 114B)
Class com.google.common.collect.ImmutableRangeSet$AsSet                               : loaded 6 times (x 300B)
Class com.google.common.base.CharMatcher$AnyOf                                        : loaded 6 times (x 113B)
Class com.google.common.collect.ImmutableCollection$Builder                           : loaded 6 times (x 76B)
Class com.google.common.collect.ImmutableSet                                          : loaded 6 times (x 145B)
Class com.google.common.base.CharMatcher$BitSetMatcher                                : loaded 6 times (x 113B)
Class com.google.common.base.CharMatcher$NegatedFastMatcher                           : loaded 6 times (x 114B)
Class com.google.common.collect.SingletonImmutableSet                                 : loaded 6 times (x 146B)
Class com.google.common.base.Predicate                                                : loaded 6 times (x 70B)
Class com.google.common.collect.ImmutableSet$SetBuilderImpl                           : loaded 6 times (x 76B)
Class com.google.common.collect.ForwardingObject                                      : loaded 6 times (x 72B)
Class com.google.common.collect.ImmutableList$SubList                                 : loaded 6 times (x 207B)
Class com.google.common.collect.ImmutableRangeSet$Builder                             : loaded 6 times (x 77B)
Class com.google.common.base.CharMatcher$FastMatcher                                  : loaded 6 times (x 112B)
Class com.google.common.collect.ImmutableRangeSet                                     : loaded 6 times (x 115B)
Class org.gradle.api.Action                                                           : loaded 6 times (x 70B)
Class org.gradle.internal.Cast                                                        : loaded 6 times (x 71B)
Class com.google.common.base.CharMatcher$ForPredicate                                 : loaded 6 times (x 113B)
Class com.google.common.collect.RegularImmutableSet                                   : loaded 6 times (x 149B)
Class com.google.common.base.CharMatcher$Or                                           : loaded 6 times (x 113B)
Class io.opentelemetry.context.ContextStorageProvider                                 : loaded 5 times (x 70B)
Class org.jetbrains.plugins.gradle.model.UnresolvedExternalDependency                 : loaded 5 times (x 70B)
Class org.jetbrains.plugins.gradle.model.GradleExtensions                             : loaded 5 times (x 70B)
Class org.jetbrains.plugins.gradle.model.AnnotationProcessingModel                    : loaded 5 times (x 70B)
Class org.gradle.tooling.internal.adapter.TargetTypeProvider                          : loaded 5 times (x 70B)
Class org.gradle.tooling.internal.adapter.MethodInvoker                               : loaded 5 times (x 70B)
Class org.jetbrains.plugins.gradle.model.GradleBuildScriptClasspathModel              : loaded 5 times (x 70B)
Class io.opentelemetry.api.trace.DefaultTracer                                        : loaded 5 times (x 74B)
Class org.jetbrains.plugins.gradle.tooling.serialization.GradleExtensionsSerializationService$ReadContext: loaded 5 times (x 72B)
Class com.intellij.util.ThrowableConsumer                                             : loaded 5 times (x 70B)
Class kotlin.Result$Companion                                                         : loaded 5 times (x 71B)
Class kotlin.coroutines.jvm.internal.BaseContinuationImpl                             : loaded 5 times (x 87B)
Class com.android.builder.model.v2.ide.SourceProvider                                 : loaded 5 times (x 70B)
Class com.android.builder.model.v2.ide.AaptOptions$Namespacing                        : loaded 5 times (x 79B)
Class com.android.utils.FileUtils                                                     : loaded 5 times (x 71B)
Class com.android.builder.model.v2.ide.BundleInfo                                     : loaded 5 times (x 70B)
Class org.gradle.util.internal.DefaultGradleVersion                                   : loaded 5 times (x 82B)
Class kotlin.comparisons.ComparisonsKt___ComparisonsKt                                : loaded 5 times (x 71B)
Class kotlin.sequences.TransformingSequence                                           : loaded 5 times (x 75B)
Class org.gradle.tooling.internal.adapter.MethodInvocation                            : loaded 5 times (x 85B)
Class kotlin.comparisons.ComparisonsKt                                                : loaded 5 times (x 71B)
Class io.opentelemetry.api.internal.OtelEncodingUtils                                 : loaded 5 times (x 71B)
Class org.gradle.internal.operations.MultipleBuildOperationFailures                   : loaded 5 times (x 95B)
Class com.google.common.collect.LexicographicalOrdering                               : loaded 5 times (x 115B)
Class com.google.common.collect.ForwardingCollection                                  : loaded 5 times (x 130B)
Class kotlin.text.CharsKt__CharJVMKt                                                  : loaded 5 times (x 71B)
Class kotlin.sequences.FilteringSequence                                              : loaded 5 times (x 75B)
Class com.amazon.ion.impl.lite.ContainerlessContext                                   : loaded 5 times (x 80B)
Class org.gradle.tooling.internal.adapter.ProtocolToModelAdapter$ViewDecoration       : loaded 5 times (x 70B)
Class org.gradle.tooling.internal.adapter.ProtocolToModelAdapter$1                    : loaded 5 times (x 75B)
Class org.gradle.tooling.GradleConnectionException                                    : loaded 5 times (x 83B)
Class org.gradle.tooling.internal.adapter.WeakIdentityHashMap                         : loaded 5 times (x 76B)
Class io.opentelemetry.api.internal.ImmutableSpanContext                              : loaded 5 times (x 91B)
Class com.amazon.ion.IonStruct                                                        : loaded 5 times (x 70B)
Class [Lcom.amazon.ion.impl.bin.IonRawBinaryWriter$StreamCloseMode;                   : loaded 5 times (x 69B)
Class com.amazon.ion.impl.lite.IonSymbolLite                                          : loaded 5 times (x 247B)
Class com.amazon.ion.impl.bin.IonManagedBinaryWriter$ImportedSymbolResolverMode$1     : loaded 5 times (x 80B)
Class com.amazon.ion.impl.bin.IonManagedBinaryWriter$SymbolState                      : loaded 5 times (x 80B)
Class com.android.ide.common.repository.AgpVersion$Companion                          : loaded 5 times (x 71B)
Class kotlin.sequences.FlatteningSequence$iterator$1                                  : loaded 5 times (x 79B)
Class com.intellij.util.containers.IntObjectHashMap$ArrayProducer                     : loaded 5 times (x 70B)
Class io.opentelemetry.api.GlobalOpenTelemetry                                        : loaded 5 times (x 71B)
Class org.jetbrains.kotlin.idea.gradleTooling.AndroidAwareGradleModelProvider$Companion: loaded 5 times (x 71B)
Class kotlin.jvm.functions.Function0                                                  : loaded 5 times (x 70B)
Class com.intellij.gradle.toolingExtension.impl.model.sourceSetModel.GradleSourceSetSerialisationService$SourceSetModelWriteContext: loaded 5 times (x 72B)
Class kotlin.coroutines.jvm.internal.DebugProbesKt                                    : loaded 5 times (x 71B)
Class kotlin.coroutines.CoroutineContext                                              : loaded 5 times (x 70B)
Class com.android.builder.model.v2.ide.AndroidArtifact                                : loaded 5 times (x 70B)
Class com.amazon.ion.impl.BlockedBuffer$BufferedOutputStream                          : loaded 5 times (x 90B)
Class kotlin.collections.ArraysUtilJVM                                                : loaded 5 times (x 71B)
Class com.android.builder.model.v2.dsl.BuildType                                      : loaded 5 times (x 70B)
Class kotlin.ranges.IntProgressionIterator                                            : loaded 5 times (x 82B)
Class io.opentelemetry.api.trace.TraceId                                              : loaded 5 times (x 71B)
Class com.intellij.gradle.toolingExtension.impl.model.sourceSetModel.GradleSourceSetSerialisationService$SourceSetModelReadContext: loaded 5 times (x 72B)
Class com.amazon.ion.impl.bin.IonManagedBinaryWriter$ImportedSymbolResolverMode$2     : loaded 5 times (x 80B)
Class org.jetbrains.plugins.gradle.tooling.serialization.ExternalTestsSerializationService$ReadContext: loaded 5 times (x 72B)
Class com.google.common.collect.ReverseNaturalOrdering                                : loaded 5 times (x 114B)
Class kotlin.text.MatcherMatchResult$groupValues$1                                    : loaded 5 times (x 198B)
Class kotlin.sequences.SequencesKt___SequencesKt                                      : loaded 5 times (x 71B)
Class kotlin.ranges.IntProgression$Companion                                          : loaded 5 times (x 71B)
Class io.opentelemetry.context.Scope                                                  : loaded 5 times (x 70B)
Class kotlin.collections.AbstractList$Companion                                       : loaded 5 times (x 71B)
Class com.intellij.gradle.toolingExtension.impl.model.utilTurnOffDefaultTasksModel.TurnOffDefaultTasks: loaded 5 times (x 70B)
Class kotlin.collections.CollectionsKt                                                : loaded 5 times (x 71B)
Class com.amazon.ion.impl.bin.IonBinaryWriterAdapter$Factory                          : loaded 5 times (x 70B)
Class kotlin.io.NoSuchFileException                                                   : loaded 5 times (x 82B)
Class org.gradle.tooling.model.idea.IdeaDependency                                    : loaded 5 times (x 70B)
Class io.opentelemetry.api.trace.SpanId                                               : loaded 5 times (x 71B)
Class org.jetbrains.kotlin.idea.projectModel.KotlinTaskProperties                     : loaded 5 times (x 70B)
Class kotlin.coroutines.Continuation                                                  : loaded 5 times (x 70B)
Class kotlin.sequences.SequencesKt__SequencesKt                                       : loaded 5 times (x 71B)
Class kotlin.collections.SetsKt___SetsKt                                              : loaded 5 times (x 71B)
Class com.google.common.collect.Ordering                                              : loaded 5 times (x 114B)
Class [Lcom.android.ide.common.repository.AgpVersion$PreviewKind;                     : loaded 5 times (x 69B)
Class kotlin.sequences.SequencesKt___SequencesKt$flatMap$2                            : loaded 5 times (x 129B)
Class kotlin.ranges.RangesKt__RangesKt                                                : loaded 5 times (x 71B)
Class org.jetbrains.plugins.gradle.tooling.serialization.internal.IdeaProjectSerializationService: loaded 5 times (x 77B)
Class com.android.builder.model.v2.ide.BasicVariant                                   : loaded 5 times (x 70B)
Class com.android.builder.model.v2.ide.AndroidGradlePluginProjectFlags                : loaded 5 times (x 70B)
Class [Lcom.android.builder.model.v2.ide.AndroidGradlePluginProjectFlags$BooleanFlag; : loaded 5 times (x 69B)
Class com.android.utils.StringHelper                                                  : loaded 5 times (x 71B)
Class com.amazon.ion.IonCatalog                                                       : loaded 5 times (x 70B)
Class com.amazon.ion.impl.lite.IonSystemLite                                          : loaded 5 times (x 275B)
Class com.amazon.ion.util.InputStreamInterceptor                                      : loaded 5 times (x 70B)
Class com.amazon.ion.impl.bin.IonRawBinaryWriter$PreallocationMode                    : loaded 5 times (x 82B)
Class com.amazon.ion.impl.bin._Private_IonRawWriter                                   : loaded 5 times (x 70B)
Class com.amazon.ion.IonWriter                                                        : loaded 5 times (x 70B)
Class kotlin.comparisons.ComparisonsKt__ComparisonsKt                                 : loaded 5 times (x 71B)
Class com.amazon.ion.UnsupportedIonVersionException                                   : loaded 5 times (x 85B)
Class [Lcom.amazon.ion.impl.bin.IonRawBinaryWriter$StreamFlushMode;                   : loaded 5 times (x 69B)
Class com.amazon.ion.impl.bin.AbstractIonWriter$WriteValueOptimization                : loaded 5 times (x 79B)
Class kotlin.text.StringsKt__AppendableKt                                             : loaded 5 times (x 71B)
Class [Lcom.amazon.ion.SymbolTable;                                                   : loaded 5 times (x 69B)
Class com.android.builder.model.v2.models.AndroidDsl                                  : loaded 5 times (x 70B)
Class com.amazon.ion.system.IonBinaryWriterBuilder                                    : loaded 5 times (x 99B)
Class org.gradle.tooling.model.internal.ImmutableDomainObjectSet                      : loaded 5 times (x 155B)
Class org.gradle.tooling.internal.gradle.DefaultProjectIdentifier                     : loaded 5 times (x 86B)
Class org.jetbrains.plugins.gradle.tooling.util.IntObjectMap$1                        : loaded 5 times (x 77B)
Class com.android.ide.common.gradle.Version$Companion                                 : loaded 5 times (x 71B)
Class com.amazon.ion.system.IonSystemBuilder                                          : loaded 5 times (x 75B)
Class com.amazon.ion.impl._Private_IonWriterBase                                      : loaded 5 times (x 162B)
Class [Lcom.amazon.ion.impl.bin.IonManagedBinaryWriter$SymbolState;                   : loaded 5 times (x 69B)
Class [Lcom.android.builder.model.v2.ide.BytecodeTransformation;                      : loaded 5 times (x 69B)
Class org.jetbrains.plugins.gradle.javaModel.JavaGradleManifestModel                  : loaded 5 times (x 70B)
Class com.amazon.ion.impl._Private_IonContainer                                       : loaded 5 times (x 70B)
Class com.android.ide.common.gradle.Numeric                                           : loaded 5 times (x 77B)
Class com.android.builder.model.v2.ide.AaptOptions                                    : loaded 5 times (x 70B)
Class org.jetbrains.kotlin.tooling.core.Extras                                        : loaded 5 times (x 70B)
Class io.opentelemetry.context.ArrayBasedContext                                      : loaded 5 times (x 100B)
Class com.intellij.gradle.toolingExtension.impl.model.taskModel.GradleTaskSerialisationService: loaded 5 times (x 76B)
Class kotlin.Triple                                                                   : loaded 5 times (x 72B)
Class com.google.common.collect.ComparatorOrdering                                    : loaded 5 times (x 115B)
Class kotlin.sequences.SequencesKt__SequenceBuilderKt$sequence$$inlined$Sequence$1    : loaded 5 times (x 75B)
Class com.intellij.gradle.toolingExtension.impl.model.buildScriptClasspathModel.GradleBuildScriptClasspathSerializationService$ReadContext: loaded 5 times (x 72B)
Class com.android.ide.gradle.model.LegacyV1AgpVersionModel                            : loaded 5 times (x 70B)
Class kotlin.text.Regex                                                               : loaded 5 times (x 72B)
Class com.amazon.ion.impl.bin.IonManagedBinaryWriter$UserState$4                      : loaded 5 times (x 85B)
Class org.gradle.tooling.internal.adapter.ProtocolToModelAdapter$MethodInvocationCache$MethodInvocationKey: loaded 5 times (x 73B)
Class com.intellij.gradle.toolingExtension.impl.model.taskModel.GradleTaskSerialisationService$Companion: loaded 5 times (x 71B)
Class org.jetbrains.plugins.gradle.tooling.serialization.GradleExtensionsSerializationService$WriteContext: loaded 5 times (x 72B)
Class kotlin.coroutines.jvm.internal.CoroutineStackFrame                              : loaded 5 times (x 70B)
Class kotlin.coroutines.intrinsics.IntrinsicsKt__IntrinsicsJvmKt                      : loaded 5 times (x 71B)
Class kotlin.text.StringsKt__StringBuilderJVMKt                                       : loaded 5 times (x 71B)
Class gnu.trove.PrimeFinder                                                           : loaded 5 times (x 71B)
Class com.amazon.ion.impl.SharedSymbolTable                                           : loaded 5 times (x 93B)
Class com.amazon.ion.impl.bin.IonRawBinaryWriter                                      : loaded 5 times (x 168B)
Class com.amazon.ion.SymbolToken                                                      : loaded 5 times (x 70B)
Class com.google.common.collect.Lists$ReverseList$1                                   : loaded 5 times (x 99B)
Class com.amazon.ion.system.SimpleCatalog                                             : loaded 5 times (x 91B)
Class com.amazon.ion.BufferConfiguration                                              : loaded 5 times (x 72B)
Class kotlin.text.StringsKt__StringNumberConversionsJVMKt                             : loaded 5 times (x 71B)
Class kotlin.collections.AbstractMutableList                                          : loaded 5 times (x 206B)
Class com.google.common.collect.NaturalOrdering                                       : loaded 5 times (x 115B)
Class kotlin.jvm.functions.Function1                                                  : loaded 5 times (x 70B)
Class kotlin.text.MatchResult                                                         : loaded 5 times (x 70B)
Class com.amazon.ion.impl.bin.BlockAllocatorProvider                                  : loaded 5 times (x 72B)
Class com.android.builder.model.v2.models.BasicAndroidProject                         : loaded 5 times (x 70B)
Class kotlin.sequences.SequenceScope                                                  : loaded 5 times (x 73B)
Class kotlin.sequences.Sequence                                                       : loaded 5 times (x 70B)
Class org.gradle.tooling.ToolingModelContract                                         : loaded 5 times (x 70B)
Class com.amazon.ion.UnexpectedEofException                                           : loaded 5 times (x 84B)
Class kotlin.jvm.internal.StringCompanionObject                                       : loaded 5 times (x 71B)
Class com.android.builder.model.v2.models.ndk.NativeModelBuilderParameter             : loaded 5 times (x 70B)
Class kotlin.jvm.internal.Ref$BooleanRef                                              : loaded 5 times (x 71B)
Class kotlin.KotlinNothingValueException                                              : loaded 5 times (x 82B)
Class com.amazon.ion.SymbolTable                                                      : loaded 5 times (x 70B)
Class com.amazon.ion.impl.bin.IonManagedBinaryWriter$ImportDescriptor                 : loaded 5 times (x 76B)
Class org.gradle.util.GradleVersion                                                   : loaded 5 times (x 81B)
Class com.amazon.ion.impl.lite.IonBoolLite                                            : loaded 5 times (x 179B)
Class kotlin.collections.AbstractCollection                                           : loaded 5 times (x 117B)
Class kotlin.collections.AbstractList                                                 : loaded 5 times (x 197B)
Class org.gradle.tooling.model.Element                                                : loaded 5 times (x 70B)
Class org.gradle.tooling.internal.adapter.ProtocolToModelAdapter$NoOpDecoration       : loaded 5 times (x 79B)
Class kotlin.collections.CollectionsKt___CollectionsKt$asSequence$$inlined$Sequence$1 : loaded 5 times (x 75B)
Class org.gradle.tooling.internal.adapter.TypeInspector                               : loaded 5 times (x 73B)
Class io.opentelemetry.context.propagation.TextMapPropagator                          : loaded 5 times (x 70B)
Class org.jetbrains.plugins.gradle.model.GradleSourceSetDependencyModel               : loaded 5 times (x 70B)
Class kotlin.coroutines.jvm.internal.RestrictedSuspendLambda                          : loaded 5 times (x 91B)
Class io.opentelemetry.api.trace.SpanContextKey                                       : loaded 5 times (x 71B)
Class kotlin.sequences.SequencesKt__SequencesJVMKt                                    : loaded 5 times (x 71B)
Class com.google.common.collect.CompoundOrdering                                      : loaded 5 times (x 115B)
Class kotlin.coroutines.jvm.internal.SuspendFunction                                  : loaded 5 times (x 70B)
Class com.amazon.ion.IonSexp                                                          : loaded 5 times (x 70B)
Class com.android.builder.model.v2.dsl.ProductFlavor                                  : loaded 5 times (x 70B)
Class kotlin.io.FilePathComponents                                                    : loaded 5 times (x 72B)
Class com.android.builder.model.v2.ide.BasicArtifact                                  : loaded 5 times (x 70B)
Class [Lcom.android.builder.model.v2.ide.TestInfo$Execution;                          : loaded 5 times (x 69B)
Class com.amazon.ion.SubstituteSymbolTableException                                   : loaded 5 times (x 84B)
Class com.amazon.ion.IonString                                                        : loaded 5 times (x 70B)
Class org.jetbrains.kotlin.idea.gradleTooling.model.kapt.KaptGradleModel              : loaded 5 times (x 70B)
Class org.jetbrains.plugins.gradle.model.ClasspathEntryModel                          : loaded 5 times (x 70B)
Class org.jetbrains.kotlin.idea.gradleTooling.KotlinDslScriptAdditionalTask           : loaded 5 times (x 70B)
Class com.amazon.ion.impl.SymbolTokenImpl                                             : loaded 5 times (x 81B)
Class com.amazon.ion.IonText                                                          : loaded 5 times (x 70B)
Class com.amazon.ion.impl.bin.utf8.Pool$Allocator                                     : loaded 5 times (x 70B)
Class com.amazon.ion.impl.bin.utf8.Utf8StringEncoder$Result                           : loaded 5 times (x 74B)
Class org.gradle.tooling.model.DomainObjectSet                                        : loaded 5 times (x 70B)
Class org.gradle.tooling.model.idea.IdeaProject                                       : loaded 5 times (x 70B)
Class org.gradle.tooling.internal.adapter.ProtocolToModelAdapter$ViewGraphDetails     : loaded 5 times (x 72B)
Class com.amazon.ion.ReadOnlyValueException                                           : loaded 5 times (x 84B)
Class com.amazon.ion.IonTimestamp                                                     : loaded 5 times (x 70B)
Class com.amazon.ion.impl.bin.PooledBlockAllocatorProvider$PooledBlockAllocator       : loaded 5 times (x 81B)
Class kotlin.jvm.functions.Function2                                                  : loaded 5 times (x 70B)
Class org.gradle.api.JavaVersion                                                      : loaded 5 times (x 79B)
Class org.jetbrains.plugins.gradle.tooling.serialization.internal.IdeaProjectSerializationService$WriteContext: loaded 5 times (x 72B)
Class com.intellij.gradle.toolingExtension.impl.model.sourceSetDependencyModel.GradleSourceSetDependencySerialisationService: loaded 5 times (x 77B)
Class org.jetbrains.plugins.gradle.tooling.serialization.GradleExtensionsSerializationService: loaded 5 times (x 77B)
Class com.intellij.platform.diagnostic.telemetry.rt.context.TelemetryContextGetter    : loaded 5 times (x 75B)
Class org.gradle.tooling.model.Dependency                                             : loaded 5 times (x 70B)
Class org.jetbrains.plugins.gradle.model.FileCollectionDependency                     : loaded 5 times (x 70B)
Class org.gradle.internal.time.Clock                                                  : loaded 5 times (x 70B)
Class io.opentelemetry.api.DefaultOpenTelemetry                                       : loaded 5 times (x 89B)
Class com.amazon.ion.impl._Private_LocalSymbolTable                                   : loaded 5 times (x 70B)
Class io.opentelemetry.api.trace.SpanBuilder                                          : loaded 5 times (x 70B)
Class com.intellij.gradle.toolingExtension.impl.model.utilDummyModel.DummyModel       : loaded 5 times (x 70B)
Class com.amazon.ion.IonDatagram                                                      : loaded 5 times (x 70B)
Class com.amazon.ion.impl.bin.IonManagedBinaryWriter$ImportedSymbolResolverMode$1$1   : loaded 5 times (x 78B)
Class com.amazon.ion.impl._Private_ByteTransferSink                                   : loaded 5 times (x 70B)
Class kotlin.collections.EmptyIterator                                                : loaded 5 times (x 89B)
Class kotlin.text.StringsKt__RegexExtensionsKt                                        : loaded 5 times (x 71B)
Class com.amazon.ion.impl.lite.IonTimestampLite                                       : loaded 5 times (x 193B)
Class com.amazon.ion.impl.LocalSymbolTableAsStruct                                    : loaded 5 times (x 132B)
Class kotlin.text.StringsKt__RegexExtensionsJVMKt                                     : loaded 5 times (x 71B)
Class com.android.builder.model.v2.ide.AbstractArtifact                               : loaded 5 times (x 70B)
Class org.jetbrains.plugins.gradle.model.GradleSourceSetModel                         : loaded 5 times (x 70B)
Class com.google.common.collect.AllEqualOrdering                                      : loaded 5 times (x 114B)
Class kotlin.collections.ArraysKt___ArraysJvmKt                                       : loaded 5 times (x 71B)
Class kotlin.collections.CollectionsKt__CollectionsKt                                 : loaded 5 times (x 71B)
Class com.intellij.gradle.toolingExtension.impl.model.buildScriptClasspathModel.GradleBuildScriptClasspathSerializationService: loaded 5 times (x 77B)
Class com.intellij.openapi.externalSystem.model.project.dependencies.ResolutionState  : loaded 5 times (x 79B)
Class com.amazon.ion.impl.bin.IonManagedBinaryWriter$ImportedSymbolResolverMode       : loaded 5 times (x 80B)
Class com.android.builder.model.v2.ide.LintOptions                                    : loaded 5 times (x 70B)
Class com.amazon.ion.impl.LocalSymbolTable$Factory                                    : loaded 5 times (x 77B)
Class [Lcom.amazon.ion.impl.bin.IonRawBinaryWriter$ContainerType;                     : loaded 5 times (x 69B)
Class io.opentelemetry.api.trace.ArrayBasedTraceStateBuilder                          : loaded 5 times (x 77B)
Class kotlin.jvm.internal.markers.KMappedMarker                                       : loaded 5 times (x 70B)
Class org.gradle.internal.time.Timer                                                  : loaded 5 times (x 70B)
Class com.amazon.ion.impl.lite.IonSequenceLite                                        : loaded 5 times (x 433B)
Class com.amazon.ion.impl._Private_Utils$1                                            : loaded 5 times (x 98B)
Class com.amazon.ion.impl.SymbolTableAsStruct                                         : loaded 5 times (x 70B)
Class kotlin.text.Regex$Companion                                                     : loaded 5 times (x 71B)
Class com.amazon.ion.BufferConfiguration$DataHandler                                  : loaded 5 times (x 70B)
Class io.opentelemetry.context.ThreadLocalContextStorage$ScopeImpl                    : loaded 5 times (x 79B)
Class org.jetbrains.plugins.gradle.model.ExternalLibraryDependency                    : loaded 5 times (x 70B)
Class com.amazon.ion.IonFloat                                                         : loaded 5 times (x 70B)
Class com.amazon.ion.impl.lite.IonListLite                                            : loaded 5 times (x 491B)
Class com.amazon.ion.impl.lite.IonSexpLite                                            : loaded 5 times (x 491B)
Class com.android.builder.model.v2.ide.SourceSetContainer                             : loaded 5 times (x 70B)
Class kotlin.jvm.internal.DefaultConstructorMarker                                    : loaded 5 times (x 71B)
Class org.gradle.internal.time.TimeSource$1                                           : loaded 5 times (x 77B)
Class org.jetbrains.plugins.gradle.model.GradleExtension                              : loaded 5 times (x 70B)
Class com.amazon.ion.IonValue                                                         : loaded 5 times (x 70B)
Class io.opentelemetry.context.propagation.TextMapGetter                              : loaded 5 times (x 70B)
Class com.android.builder.model.v2.dsl.BaseConfig                                     : loaded 5 times (x 70B)
Class [Lcom.amazon.ion.impl.bin.IonRawBinaryWriter$PreallocationMode;                 : loaded 5 times (x 69B)
Class com.amazon.ion.util._Private_FastAppendable                                     : loaded 5 times (x 70B)
Class com.amazon.ion.impl._Private_IonReaderBuilder$TwoElementInputStream             : loaded 5 times (x 92B)
Class [Lio.opentelemetry.api.trace.ImmutableTraceFlags;                               : loaded 5 times (x 69B)
Class org.gradle.tooling.internal.adapter.ProtocolToModelAdapter$InvocationHandlerImpl: loaded 5 times (x 77B)
Class org.jetbrains.plugins.gradle.tooling.util.IntObjectMap$ObjectFactory            : loaded 5 times (x 70B)
Class kotlin.jvm.internal.FunctionReference                                           : loaded 5 times (x 126B)
Class com.amazon.ion.impl.lite.IonIntLite                                             : loaded 5 times (x 190B)
Class [Lkotlin.coroutines.intrinsics.CoroutineSingletons;                             : loaded 5 times (x 69B)
Class kotlin.jvm.internal.FunctionBase                                                : loaded 5 times (x 70B)
Class org.gradle.tooling.model.build.GradleEnvironment                                : loaded 5 times (x 70B)
Class kotlin.enums.EnumEntriesList                                                    : loaded 5 times (x 223B)
Class kotlin.collections.MapsKt___MapsJvmKt                                           : loaded 5 times (x 71B)
Class com.amazon.ion.IonBufferConfiguration$Builder                                   : loaded 5 times (x 78B)
Class com.amazon.ion.impl.lite.IonDecimalLite                                         : loaded 5 times (x 189B)
Class org.jetbrains.kotlin.tooling.core.HasExtras                                     : loaded 5 times (x 70B)
Class com.intellij.gradle.toolingExtension.impl.model.sourceSetModel.GradleSourceSetSerialisationService: loaded 5 times (x 77B)
Class com.android.builder.model.v2.ide.ProjectType                                    : loaded 5 times (x 79B)
Class com.android.ide.gradle.model.GradlePluginModel                                  : loaded 5 times (x 70B)
Class com.amazon.ion.impl.bin.IonRawBinaryWriter$ContainerType                        : loaded 5 times (x 79B)
Class com.amazon.ion.impl._Private_IonTextWriterBuilder$Mutable                       : loaded 5 times (x 102B)
Class kotlin.io.FileSystemException                                                   : loaded 5 times (x 82B)
Class com.android.builder.model.v2.ide.ComponentInfo                                  : loaded 5 times (x 70B)
Class kotlin.comparisons.ComparisonsKt___ComparisonsJvmKt                             : loaded 5 times (x 71B)
Class com.android.ide.gradle.model.dependencies.Coordinates                           : loaded 5 times (x 70B)
Class io.opentelemetry.api.trace.TracerProvider                                       : loaded 5 times (x 70B)
Class [Lio.opentelemetry.context.ThreadLocalContextStorage;                           : loaded 5 times (x 69B)
Class org.gradle.tooling.internal.adapter.WeakIdentityHashMap$AbsentValueProvider     : loaded 5 times (x 70B)
Class kotlin.collections.CollectionsKt__IteratorsJVMKt                                : loaded 5 times (x 71B)
Class com.amazon.ion.impl.bin.AbstractIonWriter                                       : loaded 5 times (x 160B)
Class org.gradle.tooling.model.build.JavaEnvironment                                  : loaded 5 times (x 70B)
Class com.android.builder.model.v2.models.VariantDependenciesFlatList                 : loaded 5 times (x 70B)
Class com.google.common.collect.ReverseOrdering                                       : loaded 5 times (x 115B)
Class org.gradle.tooling.model.ProjectIdentifier                                      : loaded 5 times (x 70B)
Class org.gradle.tooling.model.idea.IdeaCompilerOutput                                : loaded 5 times (x 70B)
Class kotlin.text.MatchResult$DefaultImpls                                            : loaded 5 times (x 71B)
Class com.android.builder.model.v2.ide.Edge                                           : loaded 5 times (x 70B)
Class com.amazon.ion.impl.bin.IonManagedBinaryWriter$ImportedSymbolContext            : loaded 5 times (x 72B)
Class com.amazon.ion.IonSystem                                                        : loaded 5 times (x 70B)
Class kotlin.jvm.functions.Function4                                                  : loaded 5 times (x 70B)
Class kotlin.collections.EmptySet                                                     : loaded 5 times (x 122B)
Class org.gradle.internal.exceptions.ResolutionProvider                               : loaded 5 times (x 70B)
Class org.gradle.tooling.internal.adapter.ProtocolToModelAdapter$MixInMappingAction   : loaded 5 times (x 80B)
Class org.jetbrains.plugins.gradle.tooling.serialization.internal.adapter.Supplier    : loaded 5 times (x 70B)
Class com.android.builder.model.v2.models.VariantDependenciesAdjacencyList            : loaded 5 times (x 70B)
Class com.android.builder.model.v2.ide.TestInfo$Execution                             : loaded 5 times (x 79B)
Class com.android.builder.model.v2.ide.JavaCompileOptions                             : loaded 5 times (x 70B)
Class io.opentelemetry.context.propagation.TextMapSetter                              : loaded 5 times (x 70B)
Class com.amazon.ion.IonList                                                          : loaded 5 times (x 70B)
Class kotlin.annotation.Target                                                        : loaded 5 times (x 70B)
Class kotlin.Result                                                                   : loaded 5 times (x 72B)
Class io.opentelemetry.context.ContextStorageWrappers                                 : loaded 5 times (x 71B)
Class io.opentelemetry.context.propagation.DefaultContextPropagators                  : loaded 5 times (x 75B)
Class kotlin.collections.CollectionsKt___CollectionsKt                                : loaded 5 times (x 71B)
Class org.jetbrains.plugins.gradle.model.IntelliJSettings                             : loaded 5 times (x 70B)
Class org.jetbrains.kotlin.idea.gradleTooling.KotlinSourceSetContainer                : loaded 5 times (x 70B)
Class com.amazon.ion.impl.bin.IonRawBinaryWriter$PreallocationMode$3                  : loaded 5 times (x 82B)
Class org.jetbrains.kotlin.idea.gradleTooling.PrepareKotlinIdeImportTaskModel         : loaded 5 times (x 70B)
Class gnu.trove.TObjectHash                                                           : loaded 5 times (x 94B)
Class org.jetbrains.plugins.gradle.tooling.util.ObjectCollector$Processor             : loaded 5 times (x 70B)
Class kotlin.enums.EnumEntries                                                        : loaded 5 times (x 70B)
Class org.gradle.tooling.internal.gradle.GradleBuildIdentity                          : loaded 5 times (x 70B)
Class io.opentelemetry.context.ContextKey                                             : loaded 5 times (x 70B)
Class com.amazon.ion.impl.IonWriterSystem                                             : loaded 5 times (x 171B)
Class com.amazon.ion.impl.bin.Symbols$2                                               : loaded 5 times (x 107B)
Class com.amazon.ion.impl.bin._Private_IonManagedWriter                               : loaded 5 times (x 70B)
Class org.jetbrains.plugins.gradle.tooling.serialization.SerializationService         : loaded 5 times (x 70B)
Class com.android.ide.gradle.model.GradlePropertiesModel                              : loaded 5 times (x 70B)
Class io.opentelemetry.api.trace.ArrayBasedTraceState                                 : loaded 5 times (x 86B)
Class kotlin.sequences.TransformingSequence$iterator$1                                : loaded 5 times (x 79B)
Class kotlin.Pair                                                                     : loaded 5 times (x 72B)
Class org.gradle.tooling.internal.adapter.ProtocolToModelAdapter$SupportedPropertyInvoker: loaded 5 times (x 76B)
Class org.gradle.tooling.model.UnsupportedMethodException                             : loaded 5 times (x 82B)
Class org.gradle.tooling.internal.adapter.ProtocolToModelAdapter$ViewGraphDetails$1   : loaded 5 times (x 77B)
Class com.android.builder.model.v2.ide.TestInfo                                       : loaded 5 times (x 70B)
Class com.amazon.ion.impl.LocalSymbolTable                                            : loaded 5 times (x 127B)
Class kotlin.ranges.RangesKt                                                          : loaded 5 times (x 71B)
Class io.opentelemetry.api.trace.AutoValue_ArrayBasedTraceState                       : loaded 5 times (x 87B)
Class com.android.builder.model.v2.ide.VectorDrawablesOptions                         : loaded 5 times (x 70B)
Class com.amazon.ion.impl.IonWriterSystemTextMarkup                                   : loaded 5 times (x 192B)
Class org.gradle.internal.exceptions.NonGradleCauseExceptionsHolder                   : loaded 5 times (x 70B)
Class com.amazon.ion.impl.lite.IonContainerLite                                       : loaded 5 times (x 249B)
Class com.amazon.ion.IonBufferConfiguration$OversizedSymbolTableHandler               : loaded 5 times (x 70B)
Class com.amazon.ion.facet.Faceted                                                    : loaded 5 times (x 70B)
Class com.amazon.ion.system.IonWriterBuilder                                          : loaded 5 times (x 74B)
Class org.jetbrains.plugins.gradle.tooling.serialization.ToolingStreamApiUtils        : loaded 5 times (x 71B)
Class com.android.builder.model.v2.ide.BytecodeTransformation                         : loaded 5 times (x 79B)
Class com.amazon.ion.IonException                                                     : loaded 5 times (x 84B)
Class kotlin.collections.CollectionsKt__MutableCollectionsKt                          : loaded 5 times (x 71B)
Class org.gradle.tooling.model.idea.IdeaModuleDependency                              : loaded 5 times (x 70B)
Class org.gradle.tooling.internal.adapter.ViewBuilder                                 : loaded 5 times (x 70B)
Class com.amazon.ion.util.GzipStreamInterceptor                                       : loaded 5 times (x 85B)
Class com.amazon.ion.impl.bin.IonRawBinaryWriter$PreallocationMode$2                  : loaded 5 times (x 82B)
Class com.amazon.ion.IonInt                                                           : loaded 5 times (x 70B)
Class kotlin.NoWhenBranchMatchedException                                             : loaded 5 times (x 82B)
Class com.amazon.ion.IonReader                                                        : loaded 5 times (x 70B)
Class com.amazon.ion.impl.bin.utf8.Poolable                                           : loaded 5 times (x 79B)
Class com.amazon.ion.IonSymbol                                                        : loaded 5 times (x 70B)
Class org.gradle.tooling.model.kotlin.dsl.KotlinDslScriptsModel                       : loaded 5 times (x 70B)
Class org.gradle.internal.time.TimeSource                                             : loaded 5 times (x 70B)
Class gnu.trove.TObjectIntProcedure                                                   : loaded 5 times (x 70B)
Class kotlin.io.TerminateException                                                    : loaded 5 times (x 82B)
Class kotlin.io.FilesKt__FilePathComponentsKt                                         : loaded 5 times (x 71B)
Class com.android.builder.model.v2.ide.CodeShrinker                                   : loaded 5 times (x 79B)
Class com.amazon.ion.impl.bin.IonManagedBinaryWriter$UserState$3                      : loaded 5 times (x 85B)
Class com.amazon.ion.impl._Private_IonBinaryWriterBuilder                             : loaded 5 times (x 115B)
Class kotlin.reflect.KCallable                                                        : loaded 5 times (x 70B)
Class org.jetbrains.plugins.gradle.tooling.serialization.AnnotationProcessingModelSerializationService$WriteContext: loaded 5 times (x 72B)
Class io.opentelemetry.api.trace.SpanContext                                          : loaded 5 times (x 70B)
Class io.opentelemetry.api.trace.DefaultTracer$NoopSpanBuilder                        : loaded 5 times (x 91B)
Class org.jetbrains.kotlin.idea.gradleTooling.KotlinMPPGradleModel                    : loaded 5 times (x 70B)
Class io.opentelemetry.context.propagation.ContextPropagators                         : loaded 5 times (x 70B)
Class org.gradle.tooling.model.BuildIdentifier                                        : loaded 5 times (x 70B)
Class org.jetbrains.plugins.gradle.tooling.serialization.internal.IdeaProjectSerializationService$WriteContext$8: loaded 5 times (x 83B)
Class com.amazon.ion.impl.lite.IonStructLite                                          : loaded 5 times (x 299B)
Class com.amazon.ion.impl._Private_ReaderWriter                                       : loaded 5 times (x 70B)
Class com.amazon.ion.impl.bin.AbstractSymbolTable                                     : loaded 5 times (x 107B)
Class com.amazon.ion.Decimal                                                          : loaded 5 times (x 133B)
Class com.amazon.ion.impl.bin._Private_IonManagedBinaryWriterBuilder$AllocatorMode$1  : loaded 5 times (x 80B)
Class kotlin.text.CharsKt                                                             : loaded 5 times (x 71B)
Class com.android.ide.common.gradle.Part                                              : loaded 5 times (x 77B)
Class com.google.common.collect.Lists$RandomAccessReverseList                         : loaded 5 times (x 200B)
Class org.gradle.tooling.model.idea.IdeaDependencyScope                               : loaded 5 times (x 70B)
Class org.gradle.tooling.model.kotlin.dsl.KotlinDslScriptModel                        : loaded 5 times (x 70B)
Class com.intellij.gradle.toolingExtension.impl.util.collectionUtil.GradleCollections : loaded 5 times (x 71B)
Class org.jetbrains.plugins.gradle.tooling.serialization.ProjectDependenciesSerializationService$WriteContext: loaded 5 times (x 72B)
Class org.jetbrains.plugins.gradle.tooling.serialization.ProjectDependenciesSerializationService: loaded 5 times (x 77B)
Class org.gradle.tooling.internal.adapter.CollectionMapper                            : loaded 5 times (x 73B)
Class com.intellij.compose.ide.plugin.gradleTooling.rt.ComposeResourcesModel          : loaded 5 times (x 70B)
Class org.jetbrains.kotlin.idea.gradleTooling.KotlinGradlePluginVersion               : loaded 5 times (x 70B)
Class com.intellij.gradle.toolingExtension.impl.model.dependencyDownloadPolicyModel.GradleDependencyDownloadPolicy: loaded 5 times (x 70B)
Class kotlin.ranges.IntRange                                                          : loaded 5 times (x 93B)
Class com.amazon.ion.impl.lite.IonFloatLite                                           : loaded 5 times (x 187B)
Class com.amazon.ion.impl._Private_IonTextWriterBuilder                               : loaded 5 times (x 102B)
Class com.amazon.ion.impl.bin._Private_IonManagedBinaryWriterBuilder$AllocatorMode$2  : loaded 5 times (x 80B)
Class [Lcom.android.builder.model.v2.ide.LibraryType;                                 : loaded 5 times (x 69B)
Class com.android.builder.model.v2.ide.LibraryType                                    : loaded 5 times (x 79B)
Class com.amazon.ion.impl.bin.IonManagedBinaryWriter                                  : loaded 5 times (x 165B)
Class kotlin.ranges.IntProgression                                                    : loaded 5 times (x 81B)
Class com.google.common.collect.ExplicitOrdering                                      : loaded 5 times (x 115B)
Class com.amazon.ion.impl.bin.WriteBuffer                                             : loaded 5 times (x 78B)
Class [Lorg.gradle.api.JavaVersion;                                                   : loaded 5 times (x 69B)
Class io.opentelemetry.api.trace.DefaultTracerProvider                                : loaded 5 times (x 79B)
Class com.amazon.ion.system.IonReaderBuilder                                          : loaded 5 times (x 95B)
Class com.android.ide.common.gradle.Version                                           : loaded 5 times (x 75B)
Class com.android.builder.model.v2.ide.AndroidLibraryData                             : loaded 5 times (x 70B)
Class kotlin.text.StringsKt___StringsJvmKt                                            : loaded 5 times (x 71B)
Class org.jetbrains.plugins.gradle.model.RepositoryModels                             : loaded 5 times (x 70B)
Class org.jetbrains.plugins.gradle.tooling.serialization.internal.IdeaProjectSerializationService$WriteContext$7: loaded 5 times (x 83B)
Class com.amazon.ion.impl._Private_IonReaderBuilder                                   : loaded 5 times (x 97B)
Class com.amazon.ion.IonMutableCatalog                                                : loaded 5 times (x 70B)
Class kotlin.jvm.internal.CallableReference                                           : loaded 5 times (x 110B)
Class kotlin.collections.AbstractList$SubList                                         : loaded 5 times (x 198B)
Class com.android.ide.gradle.model.LegacyAndroidGradlePluginProperties                : loaded 5 times (x 70B)
Class com.amazon.ion.impl.lite.ValueFactoryLite                                       : loaded 5 times (x 218B)
Class org.jetbrains.plugins.gradle.ExternalDependencyId                               : loaded 5 times (x 70B)
Class com.android.builder.model.v2.ide.ApiVersion                                     : loaded 5 times (x 70B)
Class gnu.trove.THash                                                                 : loaded 5 times (x 81B)
Class com.intellij.gradle.toolingExtension.impl.model.buildScriptClasspathModel.GradleBuildScriptClasspathSerializationService$WriteContext: loaded 5 times (x 72B)
Class org.gradle.tooling.internal.adapter.ProtocolToModelAdapter                      : loaded 5 times (x 80B)
Class [Lcom.amazon.ion.impl.bin._Private_IonManagedBinaryWriterBuilder$AllocatorMode; : loaded 5 times (x 69B)
Class com.amazon.ion.impl.bin.IonRawBinaryWriter$PreallocationMode$1                  : loaded 5 times (x 82B)
Class com.amazon.ion.impl._Private_ValueFactory                                       : loaded 5 times (x 70B)
Class com.amazon.ion.impl.lite.IonClobLite                                            : loaded 5 times (x 221B)
Class kotlin.jvm.KotlinReflectionNotSupportedError                                    : loaded 5 times (x 82B)
Class com.android.ide.common.gradle.Separator                                         : loaded 5 times (x 79B)
Class com.android.builder.model.v2.ide.AndroidGradlePluginProjectFlags$BooleanFlag    : loaded 5 times (x 79B)
Class kotlin.collections.MapsKt__MapsJVMKt                                            : loaded 5 times (x 71B)
Class kotlin.collections.EmptyList                                                    : loaded 5 times (x 174B)
Class kotlin.reflect.KDeclarationContainer                                            : loaded 5 times (x 70B)
Class [Lio.opentelemetry.context.ThreadLocalContextStorage$NoopScope;                 : loaded 5 times (x 69B)
Class io.opentelemetry.context.ThreadLocalContextStorage$NoopScope                    : loaded 5 times (x 85B)
Class org.gradle.internal.time.DefaultTimer                                           : loaded 5 times (x 80B)
Class org.jetbrains.plugins.gradle.model.DependencyAccessorsModel                     : loaded 5 times (x 70B)
Class kotlin.annotation.Retention                                                     : loaded 5 times (x 70B)
Class gnu.trove.TObjectIntHashMap                                                     : loaded 5 times (x 109B)
Class [Lcom.intellij.openapi.externalSystem.model.project.dependencies.ResolutionState;: loaded 5 times (x 69B)
Class kotlin.jvm.internal.CallableReference$NoReceiver                                : loaded 5 times (x 71B)
Class com.amazon.ion.impl.bin.BlockAllocator                                          : loaded 5 times (x 80B)
Class com.intellij.gradle.toolingExtension.impl.model.sourceSetModel.GradleSourceSetSerialisationService$Companion: loaded 5 times (x 71B)
Class com.amazon.ion.impl.bin.PooledBlockAllocatorProvider$PooledBlockAllocator$1     : loaded 5 times (x 79B)
Class com.amazon.ion.impl.lite.IonStringLite                                          : loaded 5 times (x 213B)
Class io.opentelemetry.api.trace.TraceState                                           : loaded 5 times (x 70B)
Class org.jetbrains.plugins.gradle.tooling.serialization.internal.IdeaProjectSerializationService$WriteContext$6: loaded 5 times (x 83B)
Class com.android.builder.model.v2.ide.LibraryInfo                                    : loaded 5 times (x 70B)
Class kotlin.collections.CollectionsKt__ReversedViewsKt                               : loaded 5 times (x 71B)
Class com.amazon.ion.IonType                                                          : loaded 5 times (x 79B)
Class com.amazon.ion.impl.lite._Private_LiteDomTrampoline                             : loaded 5 times (x 71B)
Class org.gradle.tooling.internal.adapter.ProtocolToModelAdapter$ViewKey              : loaded 5 times (x 72B)
Class io.opentelemetry.context.ImplicitContextKeyed                                   : loaded 5 times (x 70B)
Class com.amazon.ion.impl.bin.IntList                                                 : loaded 5 times (x 77B)
Class org.jetbrains.plugins.gradle.model.AnnotationProcessingConfig                   : loaded 5 times (x 70B)
Class kotlin.text.StringsKt__StringBuilderKt                                          : loaded 5 times (x 71B)
Class com.amazon.ion.IonClob                                                          : loaded 5 times (x 70B)
Class com.amazon.ion.impl.lite.IonNullLite                                            : loaded 5 times (x 176B)
Class kotlin.io.FilesKt                                                               : loaded 5 times (x 71B)
Class org.jetbrains.plugins.gradle.tooling.serialization.AnnotationProcessingModelSerializationService: loaded 5 times (x 77B)
Class com.android.builder.model.v2.models.Versions$Version                            : loaded 5 times (x 70B)
Class kotlin.collections.ArraysKt__ArraysJVMKt                                        : loaded 5 times (x 71B)
Class com.android.builder.model.v2.models.ProjectGraph                                : loaded 5 times (x 70B)
Class com.amazon.ion.impl.bin.Block                                                   : loaded 5 times (x 79B)
Class kotlin.collections.MapsKt___MapsKt                                              : loaded 5 times (x 71B)
Class com.android.builder.model.v2.CustomSourceDirectory                              : loaded 5 times (x 70B)
Class kotlin.sequences.SequencesKt__SequenceBuilderKt                                 : loaded 5 times (x 71B)
Class com.google.common.collect.NullsFirstOrdering                                    : loaded 5 times (x 115B)
Class com.android.ide.common.repository.AgpVersion                                    : loaded 5 times (x 75B)
Class kotlin.collections.ArraysKt___ArraysKt                                          : loaded 5 times (x 71B)
Class org.jetbrains.plugins.gradle.tooling.ModelBuilderService$Parameter              : loaded 5 times (x 70B)
Class kotlin.ResultKt                                                                 : loaded 5 times (x 71B)
Class io.opentelemetry.context.ContextStorage                                         : loaded 5 times (x 70B)
Class org.gradle.tooling.internal.adapter.ProtocolToModelAdapter$PropertyCachingMethodInvoker: loaded 5 times (x 76B)
Class io.opentelemetry.context.DefaultContextKey                                      : loaded 5 times (x 72B)
Class com.intellij.gradle.toolingExtension.impl.model.sourceSetDependencyModel.GradleSourceSetDependencySerialisationService$SourceSetDependencyModelWriteContext: loaded 5 times (x 72B)
Class com.android.ide.common.repository.AgpVersion$PreviewKind                        : loaded 5 times (x 79B)
Class kotlin.io.FilesKt__FileTreeWalkKt                                               : loaded 5 times (x 71B)
Class org.jetbrains.plugins.gradle.tooling.serialization.internal.IdeaProjectSerializationService$WriteContext$5: loaded 5 times (x 83B)
Class com.intellij.gradle.toolingExtension.util.GradleVersionSpecificsUtil            : loaded 5 times (x 71B)
Class com.amazon.ion.impl.bin.utf8.Utf8StringEncoderPool$1                            : loaded 5 times (x 76B)
Class com.amazon.ion.impl.lite.IonLoaderLite                                          : loaded 5 times (x 82B)
Class com.amazon.ion.impl.lite.IonContext                                             : loaded 5 times (x 70B)
Class com.amazon.ion.impl.IonWriterSystemText                                         : loaded 5 times (x 190B)
Class [Lcom.amazon.ion.impl.bin.IonManagedBinaryWriter$ImportedSymbolResolverMode;    : loaded 5 times (x 69B)
Class com.amazon.ion.ValueFactory                                                     : loaded 5 times (x 70B)
Class kotlin.jvm.internal.CollectionToArray                                           : loaded 5 times (x 71B)
Class kotlin.jvm.internal.FunctionReferenceImpl                                       : loaded 5 times (x 126B)
Class com.android.builder.model.v2.models.ProjectSyncIssues                           : loaded 5 times (x 70B)
Class kotlin.collections.ArraysKt__ArraysKt                                           : loaded 5 times (x 71B)
Class org.jetbrains.plugins.gradle.model.ExternalTask                                 : loaded 5 times (x 70B)
Class kotlin.Result$Failure                                                           : loaded 5 times (x 72B)
Class io.opentelemetry.api.internal.IncubatingUtil                                    : loaded 5 times (x 71B)
Class io.opentelemetry.api.GlobalOpenTelemetry$ObfuscatedOpenTelemetry                : loaded 5 times (x 92B)
Class org.gradle.internal.time.DefaultCountdownTimer                                  : loaded 5 times (x 88B)
Class com.google.common.collect.Lists$ReverseList                                     : loaded 5 times (x 200B)
Class com.intellij.openapi.externalSystem.model.ExternalSystemException               : loaded 5 times (x 86B)
Class com.android.ide.common.gradle.Version$Companion$ParseState$NUMERIC              : loaded 5 times (x 74B)
Class kotlin.sequences.FilteringSequence$iterator$1                                   : loaded 5 times (x 79B)
Class com.amazon.ion.impl._Private_IonValue                                           : loaded 5 times (x 70B)
Class com.amazon.ion.impl._Private_LocalSymbolTableFactory                            : loaded 5 times (x 70B)
Class com.amazon.ion.impl.bin.IonManagedBinaryWriter$ImportedSymbolResolverMode$1$1$1 : loaded 5 times (x 76B)
Class com.amazon.ion.system.IonTextWriterBuilder                                      : loaded 5 times (x 98B)
Class com.amazon.ion.impl.bin.IonManagedBinaryWriter$SymbolResolver                   : loaded 5 times (x 70B)
Class com.amazon.ion.impl._Private_SymbolToken                                        : loaded 5 times (x 70B)
Class com.amazon.ion.impl.bin._Private_IonManagedBinaryWriterBuilder$AllocatorMode    : loaded 5 times (x 80B)
Class kotlin.sequences.SequencesKt___SequencesKt$sortedWith$1                         : loaded 5 times (x 75B)
Class com.amazon.ion.BufferConfiguration$Builder                                      : loaded 5 times (x 78B)
Class kotlin.collections.SetsKt__SetsJVMKt                                            : loaded 5 times (x 71B)
Class kotlin.Function                                                                 : loaded 5 times (x 70B)
Class org.jetbrains.plugins.gradle.model.GradleTaskModel                              : loaded 5 times (x 70B)
Class org.jetbrains.plugins.gradle.tooling.util.ObjectCollector                       : loaded 5 times (x 72B)
Class org.gradle.tooling.internal.adapter.ProtocolToModelAdapter$AdaptingMethodInvoker: loaded 5 times (x 76B)
Class org.gradle.tooling.internal.gradle.DefaultBuildIdentifier                       : loaded 5 times (x 79B)
Class org.gradle.internal.time.Time                                                   : loaded 5 times (x 71B)
Class io.opentelemetry.api.trace.TraceFlags                                           : loaded 5 times (x 70B)
Class org.jetbrains.plugins.gradle.tooling.serialization.ExternalTestsSerializationService: loaded 5 times (x 77B)
Class kotlin.coroutines.EmptyCoroutineContext                                         : loaded 5 times (x 77B)
Class io.opentelemetry.context.LazyStorage                                            : loaded 5 times (x 71B)
Class [Lcom.amazon.ion.util.GzipStreamInterceptor;                                    : loaded 5 times (x 69B)
Class com.amazon.ion.impl._Private_IonReaderBuilder$Mutable                           : loaded 5 times (x 97B)
Class com.amazon.ion.impl.lite.IonLobLite                                             : loaded 5 times (x 185B)
Class com.amazon.ion.impl.lite.IonTextLite                                            : loaded 5 times (x 182B)
Class kotlin.io.FileAlreadyExistsException                                            : loaded 5 times (x 82B)
Class kotlin.internal.ProgressionUtilKt                                               : loaded 5 times (x 71B)
Class com.amazon.ion.IonNumber                                                        : loaded 5 times (x 70B)
Class org.jetbrains.kotlin.idea.gradleTooling.AndroidAwareGradleModelProvider         : loaded 5 times (x 79B)
Class com.intellij.openapi.externalSystem.model.project.IExternalSystemSourceType     : loaded 5 times (x 70B)
Class org.gradle.internal.time.MonotonicClock                                         : loaded 5 times (x 77B)
Class com.intellij.gradle.toolingExtension.impl.telemetry.GradleOpenTelemetry         : loaded 5 times (x 72B)
Class kotlin.collections.SetsKt__SetsKt                                               : loaded 5 times (x 71B)
Class com.intellij.gradle.toolingExtension.impl.model.sourceSetDependencyModel.GradleSourceSetDependencySerialisationService$Companion: loaded 5 times (x 71B)
Class org.jetbrains.plugins.gradle.tooling.serialization.internal.IdeaProjectSerializationService$WriteContext$4: loaded 5 times (x 83B)
Class kotlin.jvm.internal.markers.KMutableList                                        : loaded 5 times (x 70B)
Class kotlin.text.MatchNamedGroupCollection                                           : loaded 5 times (x 70B)
Class com.google.common.collect.UsingToStringOrdering                                 : loaded 5 times (x 114B)
Class kotlin.io.FilesKt__FileReadWriteKt                                              : loaded 5 times (x 71B)
Class kotlin.text.StringsKt__StringNumberConversionsKt                                : loaded 5 times (x 71B)
Class org.jetbrains.plugins.gradle.tooling.serialization.ProjectDependenciesSerializationService$ReadContext: loaded 5 times (x 72B)
Class io.opentelemetry.api.trace.TraceStateBuilder                                    : loaded 5 times (x 70B)
Class com.intellij.openapi.externalSystem.model.project.dependencies.ProjectDependencies: loaded 5 times (x 70B)
Class [Lkotlin.Pair;                                                                  : loaded 5 times (x 69B)
Class com.google.common.collect.ByFunctionOrdering                                    : loaded 5 times (x 115B)
Class com.amazon.ion.impl.bin.IonManagedBinaryWriter$UserState$2                      : loaded 5 times (x 85B)
Class kotlin.collections.MapsKt__MapWithDefaultKt                                     : loaded 5 times (x 71B)
Class kotlin.collections.CollectionsKt___CollectionsJvmKt                             : loaded 5 times (x 71B)
Class org.gradle.tooling.model.gradle.GradleScript                                    : loaded 5 times (x 70B)
Class com.android.builder.model.v2.dsl.DependenciesInfo                               : loaded 5 times (x 70B)
Class org.gradle.tooling.internal.adapter.ProtocolToModelAdapter$ReflectionMethodInvoker: loaded 5 times (x 76B)
Class [Lcom.amazon.ion.impl.bin.IonManagedBinaryWriter$UserState;                     : loaded 5 times (x 69B)
Class com.amazon.ion.impl.bin.utf8.Utf8StringEncoder                                  : loaded 5 times (x 80B)
Class com.amazon.ion.IonBool                                                          : loaded 5 times (x 70B)
Class [Lcom.android.ide.common.gradle.Separator;                                      : loaded 5 times (x 69B)
Class [Lio.opentelemetry.context.Scope;                                               : loaded 5 times (x 69B)
Class gnu.trove.TObjectHash$NULL                                                      : loaded 5 times (x 71B)
Class [Lcom.android.builder.model.v2.ide.AaptOptions$Namespacing;                     : loaded 5 times (x 69B)
Class com.amazon.ion.IonSequence                                                      : loaded 5 times (x 70B)
Class com.amazon.ion.IonLob                                                           : loaded 5 times (x 70B)
Class com.amazon.ion.IonBufferConfiguration                                           : loaded 5 times (x 72B)
Class com.amazon.ion.impl.bin.Symbols                                                 : loaded 5 times (x 71B)
Class org.jetbrains.plugins.gradle.tooling.serialization.internal.IdeaProjectSerializationService$WriteContext$3: loaded 5 times (x 83B)
Class com.android.ide.gradle.model.artifacts.AdditionalClassifierArtifactsModel       : loaded 5 times (x 70B)
Class org.jetbrains.plugins.gradle.tooling.serialization.AnnotationProcessingModelSerializationService$ReadContext: loaded 5 times (x 72B)
Class kotlin.coroutines.jvm.internal.RestrictedContinuationImpl                       : loaded 5 times (x 87B)
Class org.jetbrains.plugins.gradle.tooling.serialization.RepositoriesModelSerializationService: loaded 5 times (x 82B)
Class org.gradle.tooling.internal.gradle.GradleProjectIdentity                        : loaded 5 times (x 70B)
Class com.amazon.ion.IonBlob                                                          : loaded 5 times (x 70B)
Class com.amazon.ion.impl.bin.IonRawBinaryWriter$PatchPoint                           : loaded 5 times (x 72B)
Class org.gradle.tooling.model.HierarchicalElement                                    : loaded 5 times (x 70B)
Class io.opentelemetry.api.trace.PropagatedSpan                                       : loaded 5 times (x 112B)
Class com.intellij.gradle.toolingExtension.impl.model.projectModel.GradleExternalProjectSerializationService: loaded 5 times (x 77B)
Class kotlin.collections.ArraysKt                                                     : loaded 5 times (x 71B)
Class kotlin.collections.ArrayDeque$Companion                                         : loaded 5 times (x 71B)
Class org.jetbrains.plugins.gradle.tooling.serialization.RepositoriesModelSerializationService$WriteContext: loaded 5 times (x 72B)
Class org.gradle.util.internal.DefaultGradleVersion$Stage                             : loaded 5 times (x 75B)
Class [Lcom.amazon.ion.impl.bin.AbstractIonWriter$WriteValueOptimization;             : loaded 5 times (x 69B)
Class com.amazon.ion.impl.bin.PooledBlockAllocatorProvider                            : loaded 5 times (x 73B)
Class com.amazon.ion.IonContainer                                                     : loaded 5 times (x 70B)
Class kotlin.ranges.ClosedRange                                                       : loaded 5 times (x 70B)
Class com.android.builder.model.v2.ide.JavaArtifact                                   : loaded 5 times (x 70B)
Class com.amazon.ion.impl.lite.IonValueLite                                           : loaded 5 times (x 148B)
Class com.amazon.ion.impl._Private_IonSymbol                                          : loaded 5 times (x 70B)
Class org.jetbrains.plugins.gradle.tooling.serialization.RepositoriesModelSerializationService$ReadContext: loaded 5 times (x 72B)
Class kotlin.text.StringsKt___StringsKt                                               : loaded 5 times (x 71B)
Class io.opentelemetry.api.internal.AutoValue_ImmutableSpanContext                    : loaded 5 times (x 92B)
Class com.google.common.collect.NullsLastOrdering                                     : loaded 5 times (x 115B)
Class kotlin.text.CharsKt__CharKt                                                     : loaded 5 times (x 71B)
Class kotlin.collections.CollectionsKt__MutableCollectionsJVMKt                       : loaded 5 times (x 71B)
Class com.android.builder.model.v2.ide.ProjectInfo                                    : loaded 5 times (x 70B)
Class com.android.ide.common.gradle.Version$Companion$ParseState                      : loaded 5 times (x 70B)
Class kotlin.enums.EnumEntriesKt                                                      : loaded 5 times (x 71B)
Class com.amazon.ion.impl._Private_IonBinaryWriterBuilder$Mutable                     : loaded 5 times (x 115B)
Class com.amazon.ion.impl.bin.IonRawBinaryWriter$StreamCloseMode                      : loaded 5 times (x 79B)
Class org.jetbrains.plugins.gradle.model.tests.ExternalTestsModel                     : loaded 5 times (x 70B)
Class org.gradle.internal.exceptions.DefaultMultiCauseException                       : loaded 5 times (x 95B)
Class com.amazon.ion.impl.bin.IonManagedBinaryWriter$UserState                        : loaded 5 times (x 85B)
Class com.amazon.ion.impl._Private_IonWriter                                          : loaded 5 times (x 70B)
Class com.amazon.ion.impl.bin._Private_IonManagedBinaryWriterBuilder                  : loaded 5 times (x 72B)
Class org.jetbrains.kotlin.tooling.core.HasMutableExtras                              : loaded 5 times (x 70B)
Class kotlin.text.StringsKt__StringsJVMKt                                             : loaded 5 times (x 71B)
Class kotlin.collections.IntIterator                                                  : loaded 5 times (x 82B)
Class com.google.common.collect.NullnessCasts                                         : loaded 5 times (x 71B)
Class org.jetbrains.plugins.gradle.tooling.serialization.internal.IdeaProjectSerializationService$WriteContext$2: loaded 5 times (x 83B)
Class com.intellij.gradle.toolingExtension.impl.model.projectModel.GradleExternalProjectSerializationService$WriteContext: loaded 5 times (x 73B)
Class com.amazon.ion.system.IonWriterBuilderBase                                      : loaded 5 times (x 83B)
Class io.opentelemetry.api.OpenTelemetry                                              : loaded 5 times (x 70B)
Class org.gradle.tooling.internal.adapter.WeakIdentityHashMap$WeakKey                 : loaded 5 times (x 79B)
Class org.gradle.tooling.internal.adapter.ProtocolToModelAdapter$SafeMethodInvoker    : loaded 5 times (x 76B)
Class org.gradle.tooling.model.idea.IdeaLanguageLevel                                 : loaded 5 times (x 70B)
Class kotlin.ranges.RangesKt___RangesKt                                               : loaded 5 times (x 71B)
Class [Lcom.android.builder.model.v2.ide.ProjectType;                                 : loaded 5 times (x 69B)
Class [Lcom.amazon.ion.SymbolToken;                                                   : loaded 5 times (x 69B)
Class kotlin.text.StringsKt                                                           : loaded 5 times (x 71B)
Class [Lcom.android.builder.model.v2.ide.CodeShrinker;                                : loaded 5 times (x 69B)
Class kotlin.text.StringsKt__IndentKt                                                 : loaded 5 times (x 71B)
Class com.android.builder.model.v2.dsl.SigningConfig                                  : loaded 5 times (x 70B)
Class com.amazon.ion.impl.bin.utf8.Pool                                               : loaded 5 times (x 74B)
Class kotlin.TuplesKt                                                                 : loaded 5 times (x 71B)
Class com.android.builder.model.v2.models.AndroidProject                              : loaded 5 times (x 70B)
Class com.android.builder.model.v2.AndroidModel                                       : loaded 5 times (x 70B)
Class com.amazon.ion.IonLoader                                                        : loaded 5 times (x 70B)
Class kotlin.collections.SetsKt                                                       : loaded 5 times (x 71B)
Class kotlin.NotImplementedError                                                      : loaded 5 times (x 82B)
Class org.jetbrains.plugins.gradle.model.ExternalProject                              : loaded 5 times (x 70B)
Class io.opentelemetry.api.trace.ImmutableTraceFlags                                  : loaded 5 times (x 77B)
Class Program                                                                         : loaded 5 times (x 72B)
Class com.android.ide.common.repository.AgpVersion$Companion$WhenMappings             : loaded 5 times (x 71B)
Class org.jetbrains.plugins.gradle.tooling.serialization.internal.IdeaProjectSerializationService$WriteContext$1: loaded 5 times (x 83B)
Class kotlin.collections.CollectionsKt__IteratorsKt                                   : loaded 5 times (x 71B)
Class kotlin.sequences.SequencesKt                                                    : loaded 5 times (x 71B)
Class org.jetbrains.plugins.gradle.tooling.serialization.internal.IdeaProjectSerializationService$ReadContext: loaded 5 times (x 72B)
Class com.android.ide.gradle.model.dependencies.DeclaredDependencies                  : loaded 5 times (x 70B)
Class com.amazon.ion.IonDecimal                                                       : loaded 5 times (x 70B)
Class kotlin.KotlinNullPointerException                                               : loaded 5 times (x 83B)
Class kotlin.sequences.FlatteningSequence                                             : loaded 5 times (x 75B)
Class kotlin.text.MatcherMatchResult                                                  : loaded 5 times (x 80B)
Class kotlin.text.MatchGroupCollection                                                : loaded 5 times (x 70B)
Class kotlin.reflect.KFunction                                                        : loaded 5 times (x 70B)
Class kotlin.collections.ArrayDeque                                                   : loaded 5 times (x 207B)
Class [Lcom.amazon.ion.util.InputStreamInterceptor;                                   : loaded 5 times (x 69B)
Class org.jetbrains.plugins.gradle.tooling.serialization.KotlinDslScriptsModelSerializationService: loaded 5 times (x 81B)
Class com.amazon.ion.impl.bin.IonManagedBinaryWriter$SymbolState$4                    : loaded 5 times (x 80B)
Class org.jetbrains.plugins.gradle.model.ExternalProjectDependency                    : loaded 5 times (x 70B)
Class kotlin.jvm.internal.markers.KMutableIterable                                    : loaded 5 times (x 70B)
Class kotlin.sequences.SequenceBuilderIterator                                        : loaded 5 times (x 85B)
Class com.android.builder.model.v2.models.VariantDependencies                         : loaded 5 times (x 70B)
Class kotlin.ranges.OpenEndRange                                                      : loaded 5 times (x 70B)
Class org.jetbrains.plugins.gradle.model.GradleProperty                               : loaded 5 times (x 70B)
Class com.amazon.ion.system.IonSystemBuilder$Mutable                                  : loaded 5 times (x 75B)
Class com.amazon.ion.impl.bin.IonManagedBinaryWriter$SymbolResolverBuilder            : loaded 5 times (x 70B)
Class gnu.trove.TObjectCanonicalHashingStrategy                                       : loaded 5 times (x 78B)
Class com.intellij.gradle.toolingExtension.impl.model.sourceSetArtifactIndex.GradleSourceSetArtifactBuildRequest: loaded 5 times (x 70B)
Class kotlin.collections.CollectionsKt__CollectionsJVMKt                              : loaded 5 times (x 71B)
Class kotlin.collections.MapsKt__MapsKt                                               : loaded 5 times (x 71B)
Class com.android.builder.model.v2.ide.ViewBindingOptions                             : loaded 5 times (x 70B)
Class org.jetbrains.plugins.gradle.tooling.serialization.ExternalTestsSerializationService$WriteContext: loaded 5 times (x 72B)
Class [Lio.opentelemetry.api.trace.TraceFlags;                                        : loaded 5 times (x 69B)
Class [Lio.opentelemetry.context.ContextStorage;                                      : loaded 5 times (x 69B)
Class com.intellij.platform.diagnostic.telemetry.rt.context.TelemetryContext          : loaded 5 times (x 134B)
Class org.jetbrains.kotlin.idea.gradleTooling.KotlinGradleModel                       : loaded 5 times (x 70B)
Class com.google.common.collect.Lists$TransformingRandomAccessList                    : loaded 5 times (x 199B)
Class com.android.ide.common.gradle.Version$Companion$ParseState$EMPTY                : loaded 5 times (x 74B)
Class kotlin.io.FilesKt__UtilsKt                                                      : loaded 5 times (x 71B)
Class com.android.builder.model.v2.models.ModelBuilderParameter                       : loaded 5 times (x 70B)
Class kotlin.text.StringsKt__StringsKt                                                : loaded 5 times (x 71B)
Class com.amazon.ion.impl.bin.IonManagedBinaryWriter$LocalSymbolTableView             : loaded 5 times (x 119B)
Class com.amazon.ion.impl.bin.IonRawBinaryWriter$ThrowingRunnable                     : loaded 5 times (x 70B)
Class com.amazon.ion.IonBinaryWriter                                                  : loaded 5 times (x 70B)
Class com.amazon.ion.impl.bin.IonRawBinaryWriter$StreamFlushMode                      : loaded 5 times (x 79B)
Class com.amazon.ion.impl.bin.IonManagedBinaryWriter$SymbolState$3                    : loaded 5 times (x 80B)
Class com.android.builder.model.v2.ide.Variant                                        : loaded 5 times (x 70B)
Class kotlin.Unit                                                                     : loaded 5 times (x 71B)
Class com.amazon.ion.impl.bin.IonRawBinaryWriter$ContainerInfo                        : loaded 5 times (x 74B)
Class io.opentelemetry.context.propagation.NoopTextMapPropagator                      : loaded 5 times (x 76B)
Class com.intellij.gradle.toolingExtension.model.repositoryModel.ProjectRepositoriesModel: loaded 5 times (x 70B)
Class io.opentelemetry.context.ThreadLocalContextStorage                              : loaded 5 times (x 85B)
Class org.gradle.tooling.model.Model                                                  : loaded 5 times (x 70B)
Class org.jetbrains.plugins.gradle.model.GradleConfiguration                          : loaded 5 times (x 70B)
Class com.amazon.ion.BufferConfiguration$OversizedValueHandler                        : loaded 5 times (x 70B)
Class com.amazon.ion.impl._Private_IonSystem                                          : loaded 5 times (x 70B)
Class com.amazon.ion.impl.bin.utf8.Utf8StringEncoderPool                              : loaded 5 times (x 74B)
Class com.amazon.ion.impl._Private_Utils                                              : loaded 5 times (x 71B)
Class com.amazon.ion.UnknownSymbolException                                           : loaded 5 times (x 86B)
Class org.jetbrains.plugins.gradle.model.ProjectImportModelProvider                   : loaded 5 times (x 70B)
Class org.jetbrains.plugins.gradle.model.ExternalSourceSet                            : loaded 5 times (x 70B)
Class com.intellij.gradle.toolingExtension.impl.model.warmUp.GradleTaskWarmUpRequest  : loaded 5 times (x 70B)
Class kotlin.sequences.SequencesKt___SequencesJvmKt                                   : loaded 5 times (x 71B)
Class kotlin.text.MatchResult$Destructured                                            : loaded 5 times (x 72B)
Class kotlin.coroutines.intrinsics.IntrinsicsKt__IntrinsicsKt                         : loaded 5 times (x 71B)
Class com.android.ide.gradle.model.composites.BuildMap                                : loaded 5 times (x 70B)
Class kotlin.Metadata                                                                 : loaded 5 times (x 70B)
Class kotlin.UninitializedPropertyAccessException                                     : loaded 5 times (x 82B)
Class kotlin.text.RegexKt                                                             : loaded 5 times (x 71B)
Class io.opentelemetry.api.trace.Span                                                 : loaded 5 times (x 70B)
Class com.google.common.collect.ImmutableSortedAsList                                 : loaded 5 times (x 221B)
Class com.android.builder.model.v2.ide.Installation                                   : loaded 5 times (x 70B)
Class com.android.ide.gradle.model.LegacyAndroidGradlePluginPropertiesModelParameters : loaded 5 times (x 70B)
Class org.gradle.tooling.model.ProjectModel                                           : loaded 5 times (x 70B)
Class com.android.builder.model.v2.ide.Library                                        : loaded 5 times (x 70B)
Class com.android.builder.model.v2.ide.ArtifactDependenciesAdjacencyList              : loaded 5 times (x 70B)
Class org.gradle.tooling.internal.adapter.ProtocolToModelAdapter$DefaultViewBuilder   : loaded 5 times (x 80B)
Class com.amazon.ion.IonNull                                                          : loaded 5 times (x 70B)
Class com.amazon.ion.impl.bin.IonManagedBinaryWriter$SymbolState$2                    : loaded 5 times (x 80B)
Class com.android.builder.model.v2.models.Versions                                    : loaded 5 times (x 70B)
Class kotlin.ranges.IntRange$Companion                                                : loaded 5 times (x 71B)
Class com.android.builder.model.v2.ide.TestedTargetVariant                            : loaded 5 times (x 70B)
Class io.opentelemetry.context.Context                                                : loaded 5 times (x 70B)
Class org.gradle.tooling.internal.adapter.ProtocolToModelAdapter$MethodInvocationCache: loaded 5 times (x 73B)
Class org.jetbrains.plugins.gradle.model.IntelliJProjectSettings                      : loaded 5 times (x 70B)
Class kotlin.text.MatcherMatchResult$groups$1                                         : loaded 5 times (x 151B)
Class kotlin.collections.EmptyMap                                                     : loaded 5 times (x 108B)
Class com.intellij.gradle.toolingExtension.impl.model.dependencyModel.DependencyWriteContext: loaded 5 times (x 72B)
Class com.intellij.gradle.toolingExtension.impl.model.projectModel.GradleExternalProjectSerializationService$ReadContext: loaded 5 times (x 73B)
Class kotlin.collections.CollectionsKt__IterablesKt                                   : loaded 5 times (x 71B)
Class kotlin.coroutines.intrinsics.CoroutineSingletons                                : loaded 5 times (x 79B)
Class kotlin.reflect.KAnnotatedElement                                                : loaded 5 times (x 70B)
Class kotlin.jvm.internal.markers.KMutableCollection                                  : loaded 5 times (x 70B)
Class org.jetbrains.plugins.gradle.model.VersionCatalogsModel                         : loaded 5 times (x 70B)
Class org.gradle.tooling.internal.adapter.ObjectGraphAdapter                          : loaded 5 times (x 70B)
Class com.intellij.gradle.toolingExtension.impl.model.dependencyModel.DependencyReadContext: loaded 5 times (x 72B)
Class com.amazon.ion.impl.bin.IonManagedBinaryWriter$UserState$1                      : loaded 5 times (x 85B)
Class com.amazon.ion.impl.lite.IonBlobLite                                            : loaded 5 times (x 220B)
Class com.android.builder.model.v2.models.ndk.NativeModule                            : loaded 5 times (x 70B)
Class com.intellij.util.containers.IntObjectHashMap                                   : loaded 5 times (x 72B)
Class org.jetbrains.plugins.gradle.model.ExternalDependency                           : loaded 5 times (x 70B)
Class kotlin.collections.MapsKt                                                       : loaded 5 times (x 71B)
Class com.intellij.gradle.toolingExtension.impl.model.sourceSetDependencyModel.GradleSourceSetDependencySerialisationService$SourceSetDependencyModelReadContext: loaded 5 times (x 72B)
Class com.android.ide.common.repository.AgpVersion$PreviewKind$Companion              : loaded 5 times (x 71B)
Class org.jetbrains.plugins.gradle.tooling.util.IntObjectMap                          : loaded 5 times (x 73B)
Class [Lcom.amazon.ion.IonType;                                                       : loaded 5 times (x 69B)
Class com.amazon.ion.impl.LocalSymbolTableAsStruct$Factory                            : loaded 5 times (x 79B)
Class kotlin.jvm.internal.Intrinsics                                                  : loaded 5 times (x 71B)
Class org.gradle.internal.time.CountdownTimer                                         : loaded 5 times (x 70B)
Class org.gradle.internal.exceptions.MultiCauseException                              : loaded 5 times (x 70B)
Class kotlin.coroutines.intrinsics.IntrinsicsKt                                       : loaded 5 times (x 71B)
Class com.amazon.ion.impl.bin.IonManagedBinaryWriter$SymbolState$1                    : loaded 5 times (x 80B)
Class io.opentelemetry.api.trace.Tracer                                               : loaded 5 times (x 70B)
Class com.android.tools.idea.gradle.project.sync.LibraryIdentity$Companion            : loaded 4 times (x 71B)
Class com.android.tools.idea.gradle.project.sync.AdditionalClassifierArtifactsModelCollectorKt: loaded 4 times (x 71B)
Class com.android.tools.idea.gradle.model.IdeProductFlavor                            : loaded 4 times (x 70B)
Class com.android.tools.idea.gradle.model.impl.IdeModuleWellKnownSourceSet            : loaded 4 times (x 84B)
Class com.android.tools.idea.gradle.project.sync.InternedModels                       : loaded 4 times (x 72B)
Class com.android.tools.idea.gradle.project.sync.AndroidExtraModelProviderKt          : loaded 4 times (x 71B)
Class com.android.tools.idea.gradle.project.sync.BasicV2AndroidModuleGradleProject    : loaded 4 times (x 73B)
Class com.android.tools.idea.gradle.project.sync.AndroidProjectResult$Companion$RuntimeClasspathBehaviour: loaded 4 times (x 71B)
Class org.gradle.tooling.internal.adapter.ProtocolToModelAdapter$MixInBeanMappingAction: loaded 4 times (x 81B)
Class com.android.tools.idea.gradle.model.impl.IdeMultiVariantDataImpl                : loaded 4 times (x 77B)
Class com.android.tools.idea.gradle.model.IdeUnresolvedJavaLibrary                    : loaded 4 times (x 70B)
Class com.android.tools.idea.gradle.project.sync.NativeVariantAbiResult               : loaded 4 times (x 71B)
Class com.android.tools.idea.gradle.project.sync.StandaloneDeliverableModel           : loaded 4 times (x 75B)
Class com.intellij.gradle.toolingExtension.impl.modelSerialization.ToolingSerializerConverter: loaded 4 times (x 73B)
Class [Lcom.android.tools.idea.gradle.project.sync.SyncTestMode;                      : loaded 4 times (x 69B)
Class io.opentelemetry.context.ContextExecutorService                                 : loaded 4 times (x 104B)
Class [Lcom.android.tools.idea.gradle.project.sync.MeasurementCheckpoint;             : loaded 4 times (x 69B)
Class com.android.tools.idea.gradle.project.sync.AndroidArtifactRef                   : loaded 4 times (x 72B)
Class [Lcom.google.common.collect.SortedLists$KeyAbsentBehavior;                      : loaded 4 times (x 69B)
Class com.android.tools.idea.gradle.project.sync.DefaultVariantsKt                    : loaded 4 times (x 71B)
Class com.android.tools.idea.gradle.model.IdeJavaArtifactCore                         : loaded 4 times (x 70B)
Class com.android.tools.idea.gradle.project.sync.FetchedVariantResult                 : loaded 4 times (x 71B)
Class org.gradle.tooling.internal.consumer.connection.NestedActionAwareBuildControllerAdapter: loaded 4 times (x 112B)
Class org.gradle.tooling.internal.consumer.versioning.VersionDetails$R51VersionDetails: loaded 4 times (x 80B)
Class com.android.tools.idea.gradle.project.sync.LibraryIdentity$LibraryIdentityProvider$Companion: loaded 4 times (x 71B)
Class org.gradle.tooling.model.gradle.GradleBuild                                     : loaded 4 times (x 70B)
Class com.intellij.gradle.toolingExtension.modelAction.GradleModelFetchPhase          : loaded 4 times (x 70B)
Class com.android.tools.idea.gradle.project.sync.AndroidExtraModelProviderWorker      : loaded 4 times (x 72B)
Class com.android.ide.common.repository.AgpVersion$PreviewKind$WhenMappings           : loaded 4 times (x 71B)
Class com.android.tools.idea.gradle.model.impl.IdeTestOptionsImpl                     : loaded 4 times (x 77B)
Class com.android.builder.model.v2.ide.SyncIssue                                      : loaded 4 times (x 70B)
Class org.gradle.tooling.internal.consumer.versioning.VersionDetails                  : loaded 4 times (x 80B)
Class com.intellij.gradle.toolingExtension.modelAction.GradleBuildFinishedModelFetchPhase: loaded 4 times (x 81B)
Class org.gradle.tooling.model.eclipse.EclipseClasspathEntry                          : loaded 4 times (x 70B)
Class com.android.tools.idea.gradle.project.sync.GradleSyncStudioFlags                : loaded 4 times (x 72B)
Class org.gradle.internal.impldep.com.google.common.base.Optional                     : loaded 4 times (x 80B)
Class com.android.tools.idea.gradle.project.sync.ActionToRun                          : loaded 4 times (x 72B)
Class com.android.tools.idea.gradle.model.IdeSourceProviderKt                         : loaded 4 times (x 71B)
Class com.android.tools.idea.gradle.model.impl.IdeAndroidGradlePluginProjectFlagsImpl : loaded 4 times (x 87B)
Class [Lcom.intellij.openapi.diagnostic.LogLevel;                                     : loaded 4 times (x 69B)
Class com.android.tools.idea.gradle.project.sync.DeliverableGradleModule              : loaded 4 times (x 76B)
Class com.intellij.openapi.diagnostic.LogLevel                                        : loaded 4 times (x 79B)
Class com.android.tools.idea.gradle.model.impl.ThrowingIdeDependencies                : loaded 4 times (x 78B)
Class com.android.tools.idea.gradle.model.impl.IdeBuildTypeContainerImpl              : loaded 4 times (x 79B)
Class com.android.tools.idea.gradle.model.IdeUnknownLibraryImpl                       : loaded 4 times (x 83B)
Class com.android.tools.idea.gradle.project.sync.VariantDiscoveryKt                   : loaded 4 times (x 71B)
Class com.google.common.collect.SortedLists$KeyPresentBehavior                        : loaded 4 times (x 80B)
Class org.jetbrains.plugins.gradle.tooling.serialization.internal.adapter.kotlin.dsl.InternalKotlinDslScriptModel: loaded 4 times (x 84B)
Class com.android.builder.model.v2.ide.TestSuiteVariantTarget                         : loaded 4 times (x 70B)
Class com.android.tools.idea.gradle.model.IdeTestOptions$Execution                    : loaded 4 times (x 79B)
Class org.gradle.tooling.internal.consumer.converters.BasicGradleProjectIdentifierMixin: loaded 4 times (x 73B)
Class org.gradle.tooling.model.idea.BasicIdeaProject                                  : loaded 4 times (x 70B)
Class org.gradle.tooling.internal.consumer.versioning.ModelMapping                    : loaded 4 times (x 73B)
Class com.android.builder.model.v2.ide.UnresolvedDependency                           : loaded 4 times (x 70B)
Class com.android.tools.idea.gradle.project.sync.HasAndroidVariantResolver            : loaded 4 times (x 70B)
Class com.android.tools.idea.gradle.project.sync.SyncActionRunner                     : loaded 4 times (x 76B)
Class com.android.tools.idea.gradle.project.sync.SyncActionRunner$Companion           : loaded 4 times (x 71B)
Class com.google.common.collect.Cut                                                   : loaded 4 times (x 88B)
Class com.android.tools.idea.gradle.project.sync.SwitchVariantRequest                 : loaded 4 times (x 72B)
Class org.jetbrains.plugins.gradle.tooling.util.GradleVersionComparator               : loaded 4 times (x 75B)
Class org.gradle.tooling.internal.consumer.connection.StreamingAwareBuildControllerAdapter: loaded 4 times (x 112B)
Class com.android.tools.idea.projectsystem.gradle.sync.PerformanceMeasurementUtilKt   : loaded 4 times (x 71B)
Class com.android.tools.idea.gradle.project.sync.NativeVariantAbiResult$V2            : loaded 4 times (x 72B)
Class com.android.tools.idea.gradle.model.IdeExtraSourceProvider                      : loaded 4 times (x 70B)
Class com.android.tools.idea.gradle.project.sync.AndroidProjectResult                 : loaded 4 times (x 76B)
Class com.android.tools.idea.gradle.project.sync.AgpVersionTooNew                     : loaded 4 times (x 82B)
Class com.android.tools.idea.gradle.model.impl.IdeDependenciesCoreDirect              : loaded 4 times (x 79B)
Class com.android.tools.idea.gradle.project.sync.BuildId                              : loaded 4 times (x 72B)
Class com.android.tools.idea.gradle.project.sync.VariantDetails                       : loaded 4 times (x 72B)
Class com.android.tools.idea.gradle.model.impl.IdeVariantCoreImpl$Companion           : loaded 4 times (x 71B)
Class com.google.common.collect.Range$RangeLexOrdering                                : loaded 4 times (x 114B)
Class org.gradle.tooling.internal.consumer.versioning.ModelMapping$DefaultModelIdentifier: loaded 4 times (x 76B)
Class com.intellij.openapi.util.io.FileUtilRt$RepeatableIOOperation                   : loaded 4 times (x 70B)
Class com.android.tools.idea.gradle.project.sync.IdeModelFactoryV2                    : loaded 4 times (x 72B)
Class com.android.tools.idea.gradle.project.sync.BuildTypeDef                         : loaded 4 times (x 72B)
Class com.android.tools.idea.gradle.model.IdeMultiVariantData                         : loaded 4 times (x 70B)
Class com.android.tools.idea.gradle.model.impl.IdeBuildTasksAndOutputInformationImpl  : loaded 4 times (x 80B)
Class com.android.tools.idea.gradle.project.sync.BasicIncompleteGradleModule          : loaded 4 times (x 73B)
Class org.jetbrains.kotlin.idea.projectModel.ExtraFeatures                            : loaded 4 times (x 70B)
Class com.android.builder.model.v2.models.HostJarTestSuiteSource                      : loaded 4 times (x 70B)
Class com.android.tools.idea.gradle.project.sync.GradleProject                        : loaded 4 times (x 75B)
Class com.intellij.openapi.util.io.FileTooBigException                                : loaded 4 times (x 82B)
Class com.android.tools.idea.gradle.model.IdeUnresolvedAndroidLibrary                 : loaded 4 times (x 70B)
Class com.android.tools.idea.gradle.project.sync.ModelResult                          : loaded 4 times (x 72B)
Class [Lcom.android.tools.idea.gradle.model.impl.IdeModuleWellKnownSourceSet;         : loaded 4 times (x 69B)
Class com.android.tools.idea.gradle.project.sync.ModelCacheV1ImplKt                   : loaded 4 times (x 71B)
Class com.google.common.collect.SortedLists$KeyAbsentBehavior                         : loaded 4 times (x 80B)
Class com.android.tools.idea.gradle.model.ndk.v2.IdeNativeModule                      : loaded 4 times (x 70B)
Class org.gradle.tooling.model.cpp.CppComponent                                       : loaded 4 times (x 70B)
Class com.android.tools.idea.gradle.project.sync.ModelFetchersKt                      : loaded 4 times (x 71B)
Class org.gradle.tooling.model.Launchable                                             : loaded 4 times (x 70B)
Class org.gradle.tooling.internal.consumer.converters.BackwardsCompatibleIdeaModuleDependency: loaded 4 times (x 70B)
Class com.android.tools.idea.gradle.model.impl.IdeBasicVariantImpl                    : loaded 4 times (x 79B)
Class org.jetbrains.plugins.gradle.model.tests.ExternalTestSourceMapping              : loaded 4 times (x 70B)
Class com.android.tools.idea.gradle.project.sync.VariantDependenciesCompat            : loaded 4 times (x 72B)
Class com.android.tools.idea.gradle.model.IdeDependenciesInfo                         : loaded 4 times (x 70B)
Class org.gradle.tooling.model.Task                                                   : loaded 4 times (x 70B)
Class org.gradle.tooling.internal.consumer.connection.UnparameterizedBuildController  : loaded 4 times (x 112B)
Class com.intellij.gradle.toolingExtension.impl.modelSerialization.SerializationServiceNotFoundException: loaded 4 times (x 82B)
Class com.android.tools.idea.projectsystem.gradle.sync.Counter                        : loaded 4 times (x 72B)
Class com.android.builder.model.ProjectSyncIssues                                     : loaded 4 times (x 70B)
Class com.android.tools.idea.gradle.project.sync.ArtifactDependenciesCompat$AdjacencyList: loaded 4 times (x 72B)
Class com.android.tools.idea.gradle.project.sync.ModelCacheV2ImplKt$modelCacheV2Impl$createFromDependencies$1$LibrariesByType: loaded 4 times (x 72B)
Class com.android.ide.common.gradle.Module                                            : loaded 4 times (x 72B)
Class org.jetbrains.plugins.gradle.tooling.serialization.internal.IdeaProjectSerializationService$JavaHomePathGetter: loaded 4 times (x 75B)
Class com.android.tools.idea.gradle.project.sync.AndroidSyncException                 : loaded 4 times (x 82B)
Class com.android.tools.idea.gradle.project.sync.SyncActionRunnerKt                   : loaded 4 times (x 71B)
Class com.android.builder.model.Variant                                               : loaded 4 times (x 70B)
Class com.android.tools.idea.gradle.project.sync.ModelCacheKt                         : loaded 4 times (x 71B)
Class [Lcom.android.tools.idea.gradle.model.ResolverType;                             : loaded 4 times (x 69B)
Class com.android.tools.idea.gradle.project.sync.LibraryIdentity                      : loaded 4 times (x 72B)
Class org.gradle.tooling.model.GradleProject                                          : loaded 4 times (x 70B)
Class com.android.tools.idea.gradle.model.impl.IdeModuleSourceSet                     : loaded 4 times (x 70B)
Class com.android.tools.idea.gradle.model.IdeVariantCore                              : loaded 4 times (x 70B)
Class org.gradle.tooling.internal.adapter.ProtocolToModelAdapter$BeanMixInMethodInvoker: loaded 4 times (x 76B)
Class com.intellij.gradle.toolingExtension.impl.modelAction.GradleModelId             : loaded 4 times (x 72B)
Class com.android.builder.model.v2.ide.JUnitEngineInfo                                : loaded 4 times (x 70B)
Class org.jetbrains.kotlin.idea.gradleTooling.KotlinDslScriptModelProvider            : loaded 4 times (x 78B)
Class com.android.tools.idea.gradle.project.sync.AndroidModule$V2                     : loaded 4 times (x 88B)
Class com.android.tools.idea.gradle.project.upgrade.AndroidGradlePluginCompatibilityKt: loaded 4 times (x 71B)
Class com.android.tools.idea.gradle.project.sync.BasicIncompleteAndroidModule         : loaded 4 times (x 73B)
Class com.android.tools.idea.gradle.project.sync.VariantDetailsKt                     : loaded 4 times (x 71B)
Class com.android.tools.idea.gradle.project.sync.ActionToRun$toSafeController$1       : loaded 4 times (x 90B)
Class org.jetbrains.plugins.gradle.model.GradleLightBuild                             : loaded 4 times (x 70B)
Class org.jetbrains.plugins.gradle.model.DefaultGradleLightProject                    : loaded 4 times (x 84B)
Class com.android.tools.idea.gradle.project.sync.ModelCacheV2ImplKt$modelCacheV2Impl$1: loaded 4 times (x 80B)
Class [Lcom.android.tools.idea.gradle.project.upgrade.AndroidGradlePluginCompatibility;: loaded 4 times (x 69B)
Class com.android.tools.idea.gradle.project.sync.AndroidModule$V1                     : loaded 4 times (x 88B)
Class com.intellij.openapi.util.SystemInfoRt                                          : loaded 4 times (x 71B)
Class com.android.tools.idea.gradle.model.impl.IdeCompositeBuildMapImpl               : loaded 4 times (x 76B)
Class com.intellij.openapi.diagnostic.Logger                                          : loaded 4 times (x 99B)
Class com.android.tools.idea.gradle.project.sync.DeliverableAndroidModule             : loaded 4 times (x 76B)
Class org.gradle.tooling.model.GradleTask                                             : loaded 4 times (x 70B)
Class org.gradle.tooling.internal.adapter.ProtocolToModelAdapter$MixInTypeMappingAction: loaded 4 times (x 81B)
Class com.android.tools.idea.gradle.project.sync.AndroidExtraModelProvider            : loaded 4 times (x 79B)
Class org.gradle.tooling.internal.consumer.versioning.VersionDetails$R48VersionDetails: loaded 4 times (x 80B)
Class com.android.tools.idea.gradle.project.sync.BuildModelsAndMap                    : loaded 4 times (x 72B)
Class [Lcom.android.tools.idea.gradle.model.IdeAndroidProjectType;                    : loaded 4 times (x 69B)
Class com.android.tools.idea.gradle.model.IdeBuildTasksAndOutputInformation           : loaded 4 times (x 70B)
Class com.android.tools.idea.gradle.model.IdeUnresolvedArtifactLibrary                : loaded 4 times (x 70B)
Class com.android.tools.idea.gradle.project.sync.SyncProjectActionWorker$populateAndroidModels$3$1: loaded 4 times (x 129B)
Class com.android.tools.idea.gradle.project.sync.IdeAndroidModels                     : loaded 4 times (x 72B)
Class com.android.builder.model.v2.models.BasicTestSuite                              : loaded 4 times (x 70B)
Class [Lcom.android.tools.idea.gradle.model.IdeAaptOptions$Namespacing;               : loaded 4 times (x 69B)
Class com.android.tools.idea.gradle.model.impl.IdeDependencyCoreImpl                  : loaded 4 times (x 76B)
Class com.intellij.openapi.util.Comparing                                             : loaded 4 times (x 71B)
Class org.gradle.tooling.model.java.InstalledJdk                                      : loaded 4 times (x 70B)
Class com.android.builder.model.v2.models.TestSuiteSourceDependenciesAdjacencyList    : loaded 4 times (x 70B)
Class com.intellij.openapi.diagnostic.Logger$Factory                                  : loaded 4 times (x 70B)
Class com.android.tools.idea.gradle.model.impl.IdeProjectPathImpl                     : loaded 4 times (x 77B)
Class org.jetbrains.kotlin.idea.projectModel.KotlinTarget                             : loaded 4 times (x 70B)
Class com.android.tools.idea.gradle.project.sync.GradleModule                         : loaded 4 times (x 78B)
Class com.android.tools.idea.gradle.model.ResolverType                                : loaded 4 times (x 79B)
Class com.android.tools.idea.gradle.project.sync.BasicNonAndroidIncompleteGradleModule: loaded 4 times (x 73B)
Class com.android.tools.idea.gradle.project.sync.VariantNameResolutionKt$buildVariantNameResolver$1: loaded 4 times (x 75B)
Class com.android.tools.idea.gradle.model.impl.IdeVariantBuildInformationImpl         : loaded 4 times (x 76B)
Class org.gradle.tooling.internal.consumer.connection.InternalPhasedActionAdapter     : loaded 4 times (x 78B)
Class com.intellij.gradle.toolingExtension.impl.util.GradleTreeTraverserUtil          : loaded 4 times (x 71B)
Class com.intellij.gradle.toolingExtension.impl.model.projectModel.GradleExternalProjectModelProvider: loaded 4 times (x 79B)
Class com.android.tools.idea.gradle.model.impl.FileImplKt                             : loaded 4 times (x 71B)
Class kotlin.jvm.internal.KotlinGenericDeclaration                                    : loaded 4 times (x 70B)
Class com.android.tools.idea.gradle.model.IdeCustomSourceDirectory                    : loaded 4 times (x 70B)
Class com.intellij.gradle.toolingExtension.impl.util.GradleModelProviderUtil          : loaded 4 times (x 71B)
Class org.gradle.tooling.internal.protocol.InternalFetchAwareBuildController          : loaded 4 times (x 70B)
Class com.android.tools.idea.gradle.project.sync.IdeModelFactoryV2Kt                  : loaded 4 times (x 71B)
Class com.android.tools.idea.gradle.project.sync.SyncVariantResult                    : loaded 4 times (x 72B)
Class com.android.tools.idea.gradle.model.impl.IdeVectorDrawablesOptionsImpl          : loaded 4 times (x 75B)
Class org.jetbrains.kotlin.idea.gradleTooling.model.kapt.KaptSourceSetModel           : loaded 4 times (x 70B)
Class com.android.tools.idea.gradle.project.sync.ModuleId                             : loaded 4 times (x 72B)
Class com.android.tools.idea.gradle.model.IdeBuildType                                : loaded 4 times (x 70B)
Class com.android.tools.idea.gradle.project.sync.ArtifactRef                          : loaded 4 times (x 71B)
Class com.android.tools.idea.gradle.model.IdeJavaLibrary                              : loaded 4 times (x 70B)
Class com.android.tools.idea.gradle.model.ClasspathType                               : loaded 4 times (x 79B)
Class com.android.tools.idea.gradle.project.sync.VariantSelectionChange               : loaded 4 times (x 72B)
Class com.android.tools.idea.gradle.project.sync.AndroidVariantResolver               : loaded 4 times (x 70B)
Class com.android.tools.idea.gradle.model.impl.IdeDependenciesInfoImpl                : loaded 4 times (x 75B)
Class com.android.tools.idea.gradle.project.sync.InternedModels$nameLibraries$IdeModelAndReferenceAndIdentity: loaded 4 times (x 75B)
Class org.jetbrains.plugins.gradle.tooling.serialization.internal.IdeaProjectSerializationService$10: loaded 4 times (x 76B)
Class org.gradle.tooling.internal.consumer.converters.EclipseProjectHasAutoBuildMixin : loaded 4 times (x 72B)
Class org.gradle.tooling.UnknownModelException                                        : loaded 4 times (x 83B)
Class org.gradle.tooling.internal.consumer.versioning.VersionDetails$R35VersionDetails: loaded 4 times (x 80B)
Class org.gradle.tooling.model.eclipse.HierarchicalEclipseProject                     : loaded 4 times (x 70B)
Class com.android.tools.idea.gradle.project.sync.GradleModulesKt                      : loaded 4 times (x 71B)
Class org.gradle.tooling.internal.adapter.ProtocolToModelAdapter$TypeSpecificMappingAction: loaded 4 times (x 81B)
Class org.gradle.tooling.model.eclipse.EclipseExternalDependency                      : loaded 4 times (x 70B)
Class org.jetbrains.plugins.gradle.tooling.serialization.internal.IdeaProjectSerializationService$WriteContext$FilePathComparator: loaded 4 times (x 91B)
Class org.gradle.tooling.internal.consumer.versioning.VersionDetails$R28VersionDetails: loaded 4 times (x 80B)
Class com.android.tools.idea.gradle.project.sync.MeasurementCheckpoint                : loaded 4 times (x 79B)
Class org.jetbrains.plugins.gradle.model.DefaultGradleLightBuild                      : loaded 4 times (x 82B)
Class com.android.tools.idea.gradle.model.IdeApiVersion                               : loaded 4 times (x 70B)
Class com.android.tools.idea.gradle.project.sync.Modules                              : loaded 4 times (x 71B)
Class com.android.tools.idea.gradle.project.sync.DependencyGraphCompat$AdjacencyList  : loaded 4 times (x 72B)
Class com.android.tools.idea.gradle.model.IdeProjectPath                              : loaded 4 times (x 70B)
Class kotlin.jvm.internal.Intrinsics$Kotlin                                           : loaded 4 times (x 71B)
Class com.android.builder.model.v2.ide.BasicTestSuiteArtifact                         : loaded 4 times (x 70B)
Class com.android.builder.model.v2.ide.TestSuiteTestInfo                              : loaded 4 times (x 70B)
Class com.android.tools.idea.gradle.model.impl.IdeUnresolvedLibraryTableImpl          : loaded 4 times (x 75B)
Class org.gradle.tooling.model.idea.IdeaModule                                        : loaded 4 times (x 70B)
Class com.android.ide.common.gradle.Component$Companion                               : loaded 4 times (x 71B)
Class com.android.tools.idea.gradle.model.IdeLintOptions                              : loaded 4 times (x 70B)
Class com.android.tools.idea.gradle.project.sync.VariantAssetSourceProviderContext    : loaded 4 times (x 72B)
Class com.android.tools.idea.gradle.model.IdeAaptOptions$Namespacing                  : loaded 4 times (x 79B)
Class com.android.tools.idea.gradle.project.sync.DefaultVariantsKt$getDefaultVariant$$inlined$compareBy$1: loaded 4 times (x 90B)
Class com.android.builder.model.v2.dsl.ClassField                                     : loaded 4 times (x 70B)
Class com.android.ide.common.gradle.NonNumeric                                        : loaded 4 times (x 77B)
Class com.google.common.collect.Cut$BelowAll                                          : loaded 4 times (x 88B)
Class org.gradle.tooling.internal.consumer.converters.FixedBuildIdentifierProvider    : loaded 4 times (x 75B)
Class io.opentelemetry.context.ForwardingExecutorService                              : loaded 4 times (x 104B)
Class com.android.tools.idea.gradle.project.sync.HasBasicGradleProject                : loaded 4 times (x 70B)
Class com.android.tools.idea.gradle.project.sync.AndroidExtraModelProviderWorkerKt    : loaded 4 times (x 71B)
Class com.android.tools.idea.gradle.model.impl.IdeBuildImpl                           : loaded 4 times (x 76B)
Class org.jetbrains.plugins.gradle.tooling.util.ClassMap                              : loaded 4 times (x 72B)
Class com.android.tools.idea.gradle.model.IdeBasicVariant                             : loaded 4 times (x 70B)
Class com.android.tools.idea.gradle.model.impl.IdeJavaCompileOptionsImpl              : loaded 4 times (x 78B)
Class com.android.ide.common.gradle.Component                                         : loaded 4 times (x 72B)
Class org.jetbrains.plugins.gradle.tooling.serialization.internal.IdeaProjectSerializationService$TestResourceDirectoriesGetter: loaded 4 times (x 75B)
Class com.android.tools.idea.gradle.model.IdeAndroidLibraryImpl$Companion             : loaded 4 times (x 71B)
Class com.android.tools.idea.gradle.model.IdeAndroidArtifactCore                      : loaded 4 times (x 70B)
Class com.android.tools.idea.gradle.model.impl.IdeApiVersionImpl                      : loaded 4 times (x 77B)
Class com.android.tools.idea.gradle.project.sync.AndroidProjectResult$Companion       : loaded 4 times (x 71B)
Class com.google.common.collect.SortedLists$KeyPresentBehavior$1                      : loaded 4 times (x 80B)
Class org.gradle.tooling.model.kotlin.dsl.EditorReportSeverity                        : loaded 4 times (x 79B)
Class com.intellij.gradle.toolingExtension.impl.modelAction.GradleDaemonModelHolder$ConvertedModel: loaded 4 times (x 72B)
Class com.android.tools.idea.gradle.project.sync.IdeSyncExecutionReport               : loaded 4 times (x 71B)
Class com.android.tools.idea.gradle.project.sync.FetchedVariantResult$Finished        : loaded 4 times (x 72B)
Class com.android.tools.idea.gradle.model.IdePreResolvedModuleLibraryImpl             : loaded 4 times (x 81B)
Class com.android.tools.idea.gradle.model.IdeAndroidLibraryImpl                       : loaded 4 times (x 106B)
Class com.android.tools.idea.gradle.project.sync.ModelCacheV2ImplKt$WhenMappings      : loaded 4 times (x 71B)
Class org.gradle.tooling.internal.consumer.converters.EclipseExternalDependencyUnresolvedMixin: loaded 4 times (x 73B)
Class com.intellij.gradle.toolingExtension.impl.util.GradleExecutorServiceUtil        : loaded 4 times (x 71B)
Class org.gradle.tooling.model.idea.IdeaSourceDirectory                               : loaded 4 times (x 70B)
Class com.android.tools.idea.gradle.project.sync.VariantDependenciesCompat$AdjacencyList: loaded 4 times (x 72B)
Class org.gradle.tooling.model.BuildableElement                                       : loaded 4 times (x 70B)
Class org.gradle.tooling.model.HasGradleProject                                       : loaded 4 times (x 70B)
Class org.gradle.tooling.internal.consumer.versioning.VersionDetails$R44VersionDetails: loaded 4 times (x 80B)
Class org.jetbrains.kotlin.idea.projectModel.KotlinPlatform                           : loaded 4 times (x 79B)
Class org.gradle.tooling.internal.consumer.connection.ParameterAwareBuildControllerAdapter: loaded 4 times (x 112B)
Class com.android.tools.idea.gradle.project.sync.ModelConverter                       : loaded 4 times (x 71B)
Class com.android.tools.idea.gradle.project.sync.LibraryIdentity$LibraryIdentityProvider$special$$inlined$thenBy$1: loaded 4 times (x 90B)
Class com.android.tools.idea.gradle.model.CodeShrinker                                : loaded 4 times (x 79B)
Class com.android.tools.idea.gradle.project.sync.SyncActionRunnerKt$toMeasuringController$1: loaded 4 times (x 90B)
Class com.android.tools.idea.gradle.project.sync.SyncVariantResultSuccess             : loaded 4 times (x 72B)
Class com.android.tools.idea.gradle.project.sync.FetchedVariant                       : loaded 4 times (x 72B)
Class com.android.tools.idea.gradle.model.impl.IdeSigningConfigImpl                   : loaded 4 times (x 78B)
Class com.google.common.collect.TreeRangeSet$AsRanges                                 : loaded 4 times (x 149B)
Class com.android.builder.model.v2.models.SourceType                                  : loaded 4 times (x 79B)
Class com.android.tools.idea.gradle.project.sync.SyncProjectActionWorker              : loaded 4 times (x 72B)
Class com.android.tools.idea.gradle.project.sync.AndroidModule$NativeModelVersion     : loaded 4 times (x 79B)
Class org.jetbrains.plugins.gradle.model.ExternalFilter                               : loaded 4 times (x 70B)
Class com.android.tools.idea.gradle.project.sync.IdeModelWithPostProcessor            : loaded 4 times (x 72B)
Class com.android.tools.idea.gradle.model.impl.IdeModuleWellKnownSourceSet$Companion  : loaded 4 times (x 71B)
Class com.android.ide.common.gradle.Version$Companion$ParseState$NONNUMERIC           : loaded 4 times (x 74B)
Class com.android.tools.idea.gradle.project.sync.SingleVariantSyncActionOptions       : loaded 4 times (x 73B)
Class com.android.tools.idea.gradle.project.sync.NativeVariantAbiResult$None          : loaded 4 times (x 71B)
Class com.android.tools.idea.gradle.project.sync.AndroidProjectResult$V2Project       : loaded 4 times (x 77B)
Class com.android.tools.idea.gradle.project.sync.VariantSelectionChange$Companion     : loaded 4 times (x 71B)
Class com.android.tools.idea.gradle.project.sync.VariantSelectionKt                   : loaded 4 times (x 71B)
Class com.android.tools.idea.gradle.model.IdeAndroidLibraryImplKt                     : loaded 4 times (x 71B)
Class com.android.tools.idea.gradle.model.IdeArtifactLibrary                          : loaded 4 times (x 70B)
Class com.android.tools.idea.gradle.model.IdeDependencyCore                           : loaded 4 times (x 70B)
Class com.android.builder.model.v2.models.BaseTestSuiteSourceIdentity                 : loaded 4 times (x 70B)
Class com.android.tools.idea.gradle.project.sync.AndroidModule                        : loaded 4 times (x 88B)
Class com.android.tools.idea.gradle.model.impl.IdeLintOptionsImpl                     : loaded 4 times (x 103B)
Class com.android.tools.idea.gradle.model.IdeSourceProviderContainer                  : loaded 4 times (x 70B)
Class com.android.tools.idea.projectsystem.gradle.sync.Counter$time$1                 : loaded 4 times (x 78B)
Class org.jetbrains.plugins.gradle.model.MavenRepositoryModel                         : loaded 4 times (x 70B)
Class com.google.common.collect.SortedLists$KeyPresentBehavior$2                      : loaded 4 times (x 80B)
Class org.jetbrains.kotlin.gradle.idea.tcs.IdeaKotlinDependency                       : loaded 4 times (x 70B)
Class org.gradle.tooling.internal.consumer.converters.IdeaProjectJavaLanguageSettingsMixin: loaded 4 times (x 73B)
Class com.android.tools.idea.gradle.project.sync.BuildInfo                            : loaded 4 times (x 72B)
Class com.android.builder.model.v2.models.TestApkTestSuiteSource                      : loaded 4 times (x 70B)
Class com.android.tools.idea.gradle.project.sync.ModelCacheV2ImplKt                   : loaded 4 times (x 71B)
Class com.android.tools.idea.gradle.model.IdeSigningConfig                            : loaded 4 times (x 70B)
Class com.android.tools.idea.gradle.model.IdeAndroidGradlePluginProjectFlags          : loaded 4 times (x 70B)
Class com.android.tools.idea.gradle.model.IdeLibrary                                  : loaded 4 times (x 70B)
Class org.gradle.tooling.model.build.BuildEnvironment                                 : loaded 4 times (x 70B)
Class com.android.tools.idea.gradle.project.sync.AgpCompatibilityKt$WhenMappings      : loaded 4 times (x 71B)
Class com.google.common.collect.ComparisonChain                                       : loaded 4 times (x 80B)
Class com.android.tools.idea.projectsystem.gradle.sync.Counter$time$2                 : loaded 4 times (x 78B)
Class com.intellij.gradle.toolingExtension.impl.model.sourceSetModel.GradleSourceSetModelProvider: loaded 4 times (x 79B)
Class org.gradle.tooling.internal.consumer.converters.GradleProjectIdentifierMixin    : loaded 4 times (x 73B)
Class com.intellij.util.ReflectionUtilRt                                              : loaded 4 times (x 71B)
Class org.jetbrains.plugins.gradle.tooling.serialization.internal.IdeaProjectSerializationService$TargetBytecodeVersionGetter: loaded 4 times (x 75B)
Class org.jetbrains.kotlin.idea.gradleTooling.KotlinMPPGradleModel$Companion          : loaded 4 times (x 71B)
Class com.android.tools.idea.gradle.project.sync.SelectedVariants                     : loaded 4 times (x 72B)
Class com.intellij.gradle.toolingExtension.impl.modelSerialization.ToolingSerializer$1: loaded 4 times (x 76B)
Class com.android.tools.idea.gradle.model.IdeBuild                                    : loaded 4 times (x 70B)
Class com.android.tools.idea.gradle.project.sync.ModelCache                           : loaded 4 times (x 70B)
Class com.android.tools.idea.gradle.model.impl.IdeDependenciesCoreImpl                : loaded 4 times (x 70B)
Class com.android.tools.idea.gradle.project.sync.AndroidProjectPathResolver           : loaded 4 times (x 70B)
Class com.android.tools.idea.gradle.project.sync.FetchedVariantResult$InProgress      : loaded 4 times (x 71B)
Class com.android.tools.idea.gradle.project.sync.VariantDiscovery$prepareRequestedOrDefaultModuleConfigurations$$inlined$sortedBy$1: loaded 4 times (x 89B)
Class [Lorg.gradle.tooling.internal.adapter.MethodInvoker;                            : loaded 4 times (x 69B)
Class com.android.tools.idea.gradle.model.IdeArtifactName$Companion$WhenMappings      : loaded 4 times (x 71B)
Class [Lcom.android.tools.idea.gradle.model.IdeTestOptions$Execution;                 : loaded 4 times (x 69B)
Class com.android.builder.model.v2.models.AssetsTestSuiteSource                       : loaded 4 times (x 70B)
Class com.android.tools.idea.gradle.project.sync.SyncActionOptions                    : loaded 4 times (x 72B)
Class com.android.tools.idea.gradle.model.impl.IdeViewBindingOptionsImpl              : loaded 4 times (x 74B)
Class com.android.tools.idea.gradle.project.sync.ModelCacheV2ImplKt$modelCacheV2Impl$createFromDependencies$1$LibraryWithDependencies: loaded 4 times (x 72B)
Class com.google.common.collect.SortedLists$KeyPresentBehavior$3                      : loaded 4 times (x 80B)
Class org.gradle.internal.impldep.com.google.common.base.Present                      : loaded 4 times (x 81B)
Class org.gradle.tooling.internal.consumer.connection.HasCompatibilityMapping         : loaded 4 times (x 73B)
Class kotlin.coroutines.jvm.internal.CoroutineDumpState                               : loaded 4 times (x 71B)
Class org.gradle.tooling.model.idea.IdeaContentRoot                                   : loaded 4 times (x 70B)
Class com.android.tools.idea.gradle.model.IdeArtifactName                             : loaded 4 times (x 79B)
Class org.jetbrains.plugins.gradle.tooling.serialization.internal.IdeaProjectSerializationService$JdkGetter: loaded 4 times (x 75B)
Class org.jetbrains.plugins.gradle.tooling.serialization.internal.IdeaProjectSerializationService$ResourceDirectoriesGetter: loaded 4 times (x 75B)
Class org.gradle.tooling.BuildController                                              : loaded 4 times (x 70B)
Class com.android.tools.idea.gradle.project.sync.SyncProjectActionOptions             : loaded 4 times (x 73B)
Class org.gradle.tooling.internal.consumer.connection.InternalBuildActionAdapter      : loaded 4 times (x 80B)
Class com.android.tools.idea.gradle.project.sync.AllKotlinModels                      : loaded 4 times (x 72B)
Class com.google.common.collect.SortedLists                                           : loaded 4 times (x 71B)
Class com.android.tools.idea.gradle.model.IdeUnresolvedLibrary                        : loaded 4 times (x 70B)
Class com.android.tools.idea.gradle.project.sync.ModelCacheV2ImplKt$modelCacheV2Impl$variantCoreFrom$6: loaded 4 times (x 129B)
Class com.android.tools.idea.gradle.model.impl.BuildFolderPaths                       : loaded 4 times (x 72B)
Class com.intellij.openapi.util.Pair                                                  : loaded 4 times (x 72B)
Class com.intellij.gradle.toolingExtension.impl.modelAction.GradleModelHolderState    : loaded 4 times (x 77B)
Class com.google.common.collect.ComparisonChain$1                                     : loaded 4 times (x 81B)
Class com.android.tools.idea.gradle.model.IdeAndroidProjectType                       : loaded 4 times (x 79B)
Class com.android.tools.idea.gradle.project.sync.ModelCacheV2ImplKt$modelCacheV2Impl$variantCoreFrom$15: loaded 4 times (x 129B)
Class com.android.tools.idea.gradle.project.sync.ModelResult$Context                  : loaded 4 times (x 70B)
Class com.android.tools.idea.gradle.project.sync.DeliverableGradleModule$ModelConsumer: loaded 4 times (x 72B)
Class com.intellij.gradle.toolingExtension.impl.modelSerialization.DefaultSerializationService: loaded 4 times (x 76B)
Class [Lcom.google.common.collect.SortedLists$KeyPresentBehavior;                     : loaded 4 times (x 69B)
Class com.google.common.collect.SortedLists$KeyPresentBehavior$4                      : loaded 4 times (x 80B)
Class org.gradle.tooling.model.idea.IdeaJavaLanguageSettings                          : loaded 4 times (x 70B)
Class org.gradle.tooling.FetchModelResult                                             : loaded 4 times (x 70B)
Class org.jetbrains.plugins.gradle.tooling.serialization.internal.adapter.kotlin.dsl.InternalKotlinDslScriptsModel: loaded 4 times (x 76B)
Class org.jetbrains.kotlin.idea.gradleTooling.IdeaKotlinDependenciesContainer         : loaded 4 times (x 70B)
Class org.gradle.tooling.model.BuildModel                                             : loaded 4 times (x 70B)
Class org.jetbrains.plugins.gradle.model.ProjectImportModelProvider$GradleModelConsumer$1: loaded 4 times (x 77B)
Class com.android.tools.idea.gradle.project.sync.AndroidExtraModelProviderKt$flattenDag$2: loaded 4 times (x 95B)
Class com.android.tools.idea.gradle.model.IdeVariantBuildInformation                  : loaded 4 times (x 70B)
Class com.android.tools.idea.gradle.project.sync.ModelVersions                        : loaded 4 times (x 72B)
Class org.gradle.tooling.internal.adapter.ProtocolToModelAdapter$ChainedMethodInvoker : loaded 4 times (x 76B)
Class com.google.common.collect.Cut$AboveValue                                        : loaded 4 times (x 88B)
Class com.android.tools.idea.gradle.project.upgrade.AndroidGradlePluginCompatibility  : loaded 4 times (x 79B)
Class com.android.tools.idea.gradle.project.sync.BasicModulesKt                       : loaded 4 times (x 71B)
Class com.android.tools.idea.gradle.model.impl.IdeCustomSourceDirectoryImpl           : loaded 4 times (x 76B)
Class com.android.tools.idea.gradle.model.impl.IdeSourceProviderContainerImpl         : loaded 4 times (x 76B)
Class com.android.tools.idea.gradle.model.IdeVariantHeader                            : loaded 4 times (x 70B)
Class com.android.tools.idea.gradle.project.sync.ResolvedAndroidProjectPath           : loaded 4 times (x 70B)
Class com.android.tools.idea.gradle.model.IdeDependenciesCore                         : loaded 4 times (x 70B)
Class com.android.tools.idea.gradle.model.impl.IdeDependenciesImplKt                  : loaded 4 times (x 71B)
Class com.android.tools.idea.gradle.project.sync.VariantNameResolutionKt              : loaded 4 times (x 71B)
Class com.google.common.collect.SortedLists$KeyPresentBehavior$5                      : loaded 4 times (x 80B)
Class com.google.common.collect.ComparisonChain$InactiveComparisonChain               : loaded 4 times (x 80B)
Class com.android.tools.idea.gradle.project.sync.AgpVersionIncompatible               : loaded 4 times (x 82B)
Class org.jetbrains.plugins.gradle.model.FilePatternSet                               : loaded 4 times (x 70B)
Class com.android.tools.idea.gradle.project.sync.ModelVersion                         : loaded 4 times (x 75B)
Class org.jetbrains.plugins.gradle.model.GradleLightProject                           : loaded 4 times (x 70B)
Class com.android.tools.idea.gradle.project.sync.AdditionalClassifierArtifactsActionOptions: loaded 4 times (x 72B)
Class com.android.tools.idea.gradle.project.sync.ModelProviderCachedData              : loaded 4 times (x 72B)
Class com.android.tools.idea.gradle.project.sync.SyncTestMode                         : loaded 4 times (x 79B)
Class org.jetbrains.plugins.gradle.model.ExternalSourceDirectorySet                   : loaded 4 times (x 70B)
Class com.android.tools.idea.gradle.project.sync.ModelCacheV2ImplKt$modelCacheV2Impl$variantCoreFrom$12: loaded 4 times (x 129B)
Class com.android.tools.idea.gradle.project.sync.ModelResult$Companion                : loaded 4 times (x 71B)
Class com.android.tools.idea.gradle.project.sync.AndroidProjectResultKt               : loaded 4 times (x 71B)
Class com.android.tools.idea.gradle.project.sync.ModuleConfiguration                  : loaded 4 times (x 72B)
Class com.intellij.gradle.toolingExtension.modelAction.GradleProjectLoadedModelFetchPhase: loaded 4 times (x 81B)
Class com.intellij.util.containers.UtilKt                                             : loaded 4 times (x 71B)
Class com.android.tools.idea.gradle.model.IdeUnknownLibrary                           : loaded 4 times (x 70B)
Class com.android.tools.idea.gradle.project.sync.LibraryIdentity$LibraryIdentityProvider$special$$inlined$compareBy$1: loaded 4 times (x 90B)
Class com.android.builder.model.AndroidProject                                        : loaded 4 times (x 70B)
Class com.google.common.collect.TreeRangeSet                                          : loaded 4 times (x 115B)
Class com.android.tools.idea.gradle.project.sync.DefaultVariantsKt$getDefaultVariant$$inlined$thenBy$2: loaded 4 times (x 90B)
Class com.android.tools.idea.gradle.model.impl.IdeAndroidProjectImpl                  : loaded 4 times (x 107B)
Class com.android.tools.idea.gradle.project.sync.VariantDiscovery                     : loaded 4 times (x 72B)
Class com.intellij.openapi.util.io.FileUtilRt$SymlinkResolver                         : loaded 4 times (x 70B)
Class com.android.tools.idea.gradle.model.IdeJavaLibraryImpl                          : loaded 4 times (x 92B)
Class com.android.tools.idea.gradle.model.IdeJavaCompileOptions                       : loaded 4 times (x 70B)
Class com.android.tools.idea.gradle.project.sync.ModelCacheV2ImplKt$modelCacheV2Impl$variantCoreFrom$9: loaded 4 times (x 129B)
Class com.android.tools.idea.gradle.project.sync.DependencyGraphCompat                : loaded 4 times (x 71B)
Class com.android.tools.idea.gradle.model.IdeArtifactName$Companion                   : loaded 4 times (x 71B)
Class com.android.tools.idea.gradle.project.sync.GradleInjectedSyncActionRunner       : loaded 4 times (x 70B)
Class org.gradle.tooling.model.gradle.ProjectPublications                             : loaded 4 times (x 70B)
Class org.jetbrains.kotlin.idea.projectModel.KotlinSwiftExportModel                   : loaded 4 times (x 70B)
Class org.gradle.tooling.internal.consumer.converters.ConsumerTargetTypeProvider      : loaded 4 times (x 76B)
Class com.google.common.collect.Cut$BelowValue                                        : loaded 4 times (x 88B)
Class com.google.common.collect.Iterators$PeekingImpl                                 : loaded 4 times (x 85B)
Class com.android.tools.idea.gradle.project.sync.JavaModule                           : loaded 4 times (x 78B)
Class com.android.tools.idea.gradle.project.sync.DefaultVariantsKt$getDefaultVariant$$inlined$thenBy$1: loaded 4 times (x 90B)
Class com.android.builder.model.v2.models.TestSuiteDependenciesAdjacencyList          : loaded 4 times (x 70B)
Class [Lcom.android.tools.idea.gradle.model.impl.IdeModuleSourceSet;                  : loaded 4 times (x 69B)
Class org.jetbrains.kotlin.idea.projectModel.KotlinTargetJar                          : loaded 4 times (x 70B)
Class com.android.tools.idea.gradle.model.IdeAndroidProject                           : loaded 4 times (x 70B)
Class com.intellij.gradle.toolingExtension.modelAction.GradleModelFetchPhase$BuildFinished: loaded 4 times (x 70B)
Class org.jetbrains.plugins.gradle.tooling.serialization.internal.IdeaProjectSerializationService$1: loaded 4 times (x 76B)
Class org.jetbrains.plugins.gradle.model.GradleConvention                             : loaded 4 times (x 70B)
Class com.android.tools.idea.gradle.project.sync.LibraryIdentity$LibraryIdentityProvider: loaded 4 times (x 72B)
Class org.gradle.tooling.model.SourceDirectory                                        : loaded 4 times (x 70B)
Class com.intellij.openapi.util.io.FileUtilRt                                         : loaded 4 times (x 71B)
Class org.jetbrains.kotlin.idea.projectModel.KotlinTarget$Companion                   : loaded 4 times (x 71B)
Class org.gradle.tooling.internal.adapter.ProtocolToModelAdapter$ClassMixInMethodInvoker: loaded 4 times (x 76B)
Class org.gradle.internal.impldep.com.google.common.base.Preconditions                : loaded 4 times (x 71B)
Class org.gradle.tooling.model.idea.IdeaSingleEntryLibraryDependency                  : loaded 4 times (x 70B)
Class org.gradle.tooling.model.ExternalDependency                                     : loaded 4 times (x 70B)
Class com.android.tools.idea.gradle.project.sync.ModelConsumerVersion                 : loaded 4 times (x 75B)
Class com.android.tools.idea.gradle.model.IdeUnresolvedUnknownLibrary                 : loaded 4 times (x 70B)
Class com.intellij.openapi.util.io.FileUtil$2                                         : loaded 4 times (x 82B)
Class org.jetbrains.kotlin.idea.gradleTooling.AndroidAwareGradleModelProvider$populateModels$1: loaded 4 times (x 74B)
Class com.android.tools.idea.gradle.project.sync.IndexedModels                        : loaded 4 times (x 72B)
Class org.jetbrains.kotlin.gradle.idea.kpm.IdeaKpmProjectContainer                    : loaded 4 times (x 70B)
Class com.android.tools.idea.gradle.model.IdeBaseArtifactCore                         : loaded 4 times (x 70B)
Class org.jetbrains.plugins.gradle.tooling.serialization.internal.IdeaProjectSerializationService$2: loaded 4 times (x 77B)
Class com.android.tools.idea.gradle.model.IdeViewBindingOptions                       : loaded 4 times (x 70B)
Class com.android.tools.idea.gradle.project.sync.SyncProjectActionWorker$populateAndroidModels$2$variantDiscovery$1: loaded 4 times (x 78B)
Class com.android.tools.idea.gradle.project.sync.AllVariantsSyncActionOptions         : loaded 4 times (x 73B)
Class com.android.tools.idea.gradle.model.impl.IdeProductFlavorImpl                   : loaded 4 times (x 101B)
Class com.android.tools.idea.gradle.model.impl.IdeUnresolvedLibraryTable              : loaded 4 times (x 70B)
Class com.android.tools.idea.gradle.project.sync.AndroidSdkBootClasspathUtilKt        : loaded 4 times (x 71B)
Class com.intellij.gradle.toolingExtension.impl.model.sourceSetDependencyModel.GradleSourceSetDependencyModelProvider: loaded 4 times (x 79B)
Class org.jetbrains.kotlin.gradle.idea.tcs.IdeaKotlinDependencyCoordinates            : loaded 4 times (x 70B)
Class com.intellij.gradle.toolingExtension.model.repositoryModel.RepositoryModel      : loaded 4 times (x 70B)
Class com.android.builder.model.v2.models.TestSuiteSource                             : loaded 4 times (x 70B)
Class com.android.tools.idea.gradle.model.IdeBuildTypeContainer                       : loaded 4 times (x 70B)
Class com.android.tools.idea.gradle.model.impl.IdeJavaArtifactCoreImpl                : loaded 4 times (x 91B)
Class com.android.tools.idea.gradle.model.impl.IdeVariantCoreImpl                     : loaded 4 times (x 108B)
Class com.intellij.gradle.toolingExtension.impl.model.taskModel.GradleTaskModelProvider: loaded 4 times (x 78B)
Class com.android.tools.idea.gradle.model.impl.IdeExtraSourceProviderImpl             : loaded 4 times (x 76B)
Class org.gradle.tooling.model.eclipse.EclipseProject                                 : loaded 4 times (x 70B)
Class com.android.tools.idea.gradle.project.sync.AgpVersionTooOld                     : loaded 4 times (x 82B)
Class org.gradle.tooling.model.kotlin.dsl.EditorPosition                              : loaded 4 times (x 70B)
Class com.intellij.gradle.toolingExtension.impl.modelSerialization.ToolingSerializer  : loaded 4 times (x 72B)
Class com.android.tools.idea.gradle.model.IdePreResolvedModuleLibrary                 : loaded 4 times (x 70B)
Class com.android.builder.model.v2.ide.TestSuiteTarget                                : loaded 4 times (x 70B)
Class com.intellij.gradle.toolingExtension.impl.modelAction.GradleDaemonModelHolder   : loaded 4 times (x 76B)
Class org.gradle.tooling.model.kotlin.dsl.EditorReport                                : loaded 4 times (x 70B)
Class com.android.tools.idea.gradle.model.IdeBaseConfig                               : loaded 4 times (x 70B)
Class org.jetbrains.plugins.gradle.tooling.serialization.internal.IdeaProjectSerializationService$3: loaded 4 times (x 77B)
Class com.android.tools.idea.gradle.project.sync.GradleModelCollection                : loaded 4 times (x 70B)
Class org.gradle.tooling.internal.consumer.converters.IncludedBuildsMixin             : loaded 4 times (x 74B)
Class com.android.tools.idea.gradle.model.IdeAndroidLibrary                           : loaded 4 times (x 70B)
Class com.android.tools.idea.gradle.project.sync.StandaloneDeliverableModel$Companion : loaded 4 times (x 71B)
Class [Lcom.android.tools.idea.gradle.project.sync.AndroidModule$NativeModelVersion;  : loaded 4 times (x 69B)
Class com.android.tools.idea.gradle.model.impl.IdeAndroidProjectImpl$Companion        : loaded 4 times (x 71B)
Class com.android.tools.idea.gradle.model.impl.IdeAaptOptionsImpl                     : loaded 4 times (x 75B)
Class com.android.tools.idea.gradle.project.sync.AgpCompatibilityKt                   : loaded 4 times (x 71B)
Class org.gradle.tooling.internal.consumer.converters.IdeaModuleDependencyTargetNameMixin: loaded 4 times (x 73B)
Class com.android.tools.idea.gradle.project.sync.AgpVersionsMismatch                  : loaded 4 times (x 82B)
Class [Lcom.android.tools.idea.gradle.project.sync.ModelFeature;                      : loaded 4 times (x 69B)
Class com.android.tools.idea.gradle.project.sync.ModelCache$V2                        : loaded 4 times (x 70B)
Class kotlin.jvm.internal.FunctionAdapter                                             : loaded 4 times (x 70B)
Class com.android.ide.common.gradle.Module$Companion                                  : loaded 4 times (x 71B)
Class org.gradle.tooling.internal.adapter.ProtocolToModelAdapter$2                    : loaded 4 times (x 78B)
Class org.gradle.tooling.internal.consumer.connection.ToolingParameterProxy           : loaded 4 times (x 76B)
Class org.gradle.tooling.internal.consumer.versioning.VersionDetails$R26VersionDetails: loaded 4 times (x 80B)
Class com.intellij.openapi.util.io.FileUtil$1                                         : loaded 4 times (x 77B)
Class com.android.tools.idea.gradle.project.sync.VariantDef                           : loaded 4 times (x 72B)
Class com.android.tools.idea.gradle.project.sync.ClasspathIdentifier                  : loaded 4 times (x 72B)
Class com.android.tools.idea.gradle.project.sync.VariantDiscovery$toTraverseAction$1$1$moduleDependencies$1: loaded 4 times (x 129B)
Class com.intellij.gradle.toolingExtension.modelAction.GradleModelFetchPhase$ProjectLoaded: loaded 4 times (x 70B)
Class com.android.tools.idea.gradle.model.impl.IdeVariantCoreSerializable             : loaded 4 times (x 70B)
Class com.android.builder.model.v2.models.ndk.NativeBuildSystem                       : loaded 4 times (x 79B)
Class com.intellij.gradle.toolingExtension.modelProvider.GradleClassProjectModelProvider: loaded 4 times (x 80B)
Class com.android.tools.idea.gradle.model.IdeCompositeBuildMap                        : loaded 4 times (x 70B)
Class org.gradle.tooling.model.cpp.CppBinary                                          : loaded 4 times (x 70B)
Class com.android.tools.idea.gradle.model.impl.FileImpl                               : loaded 4 times (x 121B)
Class org.jetbrains.plugins.gradle.tooling.serialization.internal.IdeaProjectSerializationService$8: loaded 4 times (x 76B)
Class com.android.tools.idea.gradle.project.sync.AndroidExtraModelProviderImpl        : loaded 4 times (x 72B)
Class com.android.tools.idea.gradle.model.IdeVectorDrawablesOptions                   : loaded 4 times (x 70B)
Class com.android.tools.idea.gradle.model.IdeSourceProvider                           : loaded 4 times (x 72B)
Class com.android.tools.idea.gradle.model.IdeTestOptions                              : loaded 4 times (x 70B)
Class com.intellij.openapi.diagnostic.DefaultLogger                                   : loaded 4 times (x 101B)
Class com.intellij.gradle.toolingExtension.impl.modelAction.GradleDaemonModelHolder$1 : loaded 4 times (x 78B)
Class com.intellij.openapi.diagnostic.Attachment                                      : loaded 4 times (x 72B)
Class com.android.tools.idea.gradle.project.sync.GradleProject$ModelConsumer          : loaded 4 times (x 72B)
Class org.gradle.tooling.model.gradle.BasicGradleProject                              : loaded 4 times (x 70B)
Class com.android.tools.idea.gradle.model.LibraryReference                            : loaded 4 times (x 72B)
Class com.android.tools.idea.gradle.model.IdeAaptOptions                              : loaded 4 times (x 70B)
Class com.android.builder.model.v2.ide.TestSuite                                      : loaded 4 times (x 70B)
Class com.google.common.collect.SortedLists$KeyAbsentBehavior$1                       : loaded 4 times (x 80B)
Class com.android.tools.idea.gradle.project.sync.HasLintJar                           : loaded 4 times (x 70B)
Class org.jetbrains.plugins.gradle.tooling.serialization.internal.IdeaProjectSerializationService$11: loaded 4 times (x 76B)
Class org.jetbrains.kotlin.idea.gradleTooling.IdeaKpmProjectProvider                  : loaded 4 times (x 78B)
Class com.google.common.collect.SortedLists$KeyAbsentBehavior$3                       : loaded 4 times (x 80B)
Class com.android.builder.model.v2.ide.TestSuiteArtifact                              : loaded 4 times (x 70B)
Class org.gradle.tooling.model.internal.Exceptions                                    : loaded 4 times (x 71B)
Class org.gradle.tooling.UnsupportedVersionException                                  : loaded 4 times (x 83B)
Class org.jetbrains.plugins.gradle.tooling.serialization.internal.IdeaProjectSerializationService$6: loaded 4 times (x 76B)
Class com.intellij.gradle.toolingExtension.impl.model.buildScriptClasspathModel.GradleBuildScriptClasspathModelProvider: loaded 4 times (x 79B)
Class com.intellij.gradle.toolingExtension.impl.modelAction.GradleModelFetchAction    : loaded 4 times (x 86B)
Class [Lcom.android.tools.idea.gradle.model.ClasspathType;                            : loaded 4 times (x 69B)
Class [Lcom.android.builder.model.v2.models.ndk.NativeBuildSystem;                    : loaded 4 times (x 69B)
Class org.gradle.tooling.BuildAction                                                  : loaded 4 times (x 70B)
Class [Lcom.android.tools.idea.gradle.model.IdeArtifactName;                          : loaded 4 times (x 69B)
Class com.google.common.collect.SortedLists$KeyAbsentBehavior$2                       : loaded 4 times (x 80B)
Class com.google.common.collect.Cut$AboveAll                                          : loaded 4 times (x 88B)
Class org.jetbrains.plugins.gradle.model.ProjectImportModelProvider$GradleModelConsumer: loaded 4 times (x 70B)
Class com.android.tools.idea.gradle.project.sync.ModelFeature                         : loaded 4 times (x 79B)
Class com.android.tools.idea.gradle.model.impl.IdeBuildTypeImpl                       : loaded 4 times (x 93B)
Class com.android.tools.idea.gradle.model.impl.IdeAndroidArtifactCoreImpl             : loaded 4 times (x 103B)
Class com.android.tools.idea.gradle.project.sync.SyncCounters                         : loaded 4 times (x 72B)
Class org.jetbrains.plugins.gradle.model.DefaultBuildController                       : loaded 4 times (x 106B)
Class com.android.tools.idea.gradle.project.sync.ArtifactDependenciesCompat           : loaded 4 times (x 72B)
Class com.intellij.openapi.diagnostic.Logger$DefaultFactory                           : loaded 4 times (x 74B)
Class com.intellij.gradle.toolingExtension.modelProvider.GradleClassBuildModelProvider: loaded 4 times (x 80B)
Class com.intellij.openapi.util.io.FileUtil                                           : loaded 4 times (x 71B)
Class com.android.tools.idea.gradle.project.sync.DeliverableJavaModule                : loaded 4 times (x 76B)
Class org.jetbrains.plugins.gradle.tooling.serialization.internal.IdeaProjectSerializationService$7: loaded 4 times (x 76B)
Class com.google.common.base.Objects                                                  : loaded 3 times (x 71B)
Class com.google.common.base.ExtraObjectsMethodsForWeb                                : loaded 3 times (x 71B)
Class com.google.common.collect.Multimap                                              : loaded 3 times (x 70B)
Class org.objectweb.asm.RecordComponentWriter                                         : loaded 2 times (x 78B)
Class com.google.common.util.concurrent.AbstractFuture$Listener                       : loaded 2 times (x 72B)
Class com.google.gson.JsonElement                                                     : loaded 2 times (x 92B)
Class Settings_gradle$1$1                                                             : loaded 2 times (x 74B)
Class com.google.common.io.LineProcessor                                              : loaded 2 times (x 70B)
Class com.google.common.io.Closer$Suppressor                                          : loaded 2 times (x 70B)
Class com.google.common.collect.Interners                                             : loaded 2 times (x 71B)
Class com.google.gson.JsonPrimitive                                                   : loaded 2 times (x 93B)
Class com.google.gson.internal.sql.SqlTimestampTypeAdapter$1                          : loaded 2 times (x 75B)
Class com.google.common.cache.CacheStats                                              : loaded 2 times (x 71B)
Class org.objectweb.asm.AnnotationWriter                                              : loaded 2 times (x 79B)
Class org.gradle.internal.classloader.ClassLoaderSpec                                 : loaded 2 times (x 71B)
Class com.google.common.collect.RegularImmutableMap$Values                            : loaded 2 times (x 207B)
Class com.google.gson.reflect.TypeToken                                               : loaded 2 times (x 75B)
Class [Lcom.google.gson.Strictness;                                                   : loaded 2 times (x 69B)
Class com.google.common.base.CharMatcher$Ascii                                        : loaded 2 times (x 112B)
Class org.jetbrains.kotlin.config.ApiVersion$Companion                                : loaded 2 times (x 71B)
Class com.google.common.io.Closer                                                     : loaded 2 times (x 78B)
Class [Lorg.jetbrains.kotlin.utils.DescriptionAware;                                  : loaded 2 times (x 69B)
Class org.objectweb.asm.Attribute                                                     : loaded 2 times (x 77B)
Class com.google.common.base.Supplier                                                 : loaded 2 times (x 70B)
Class com.google.gson.internal.bind.CollectionTypeAdapterFactory                      : loaded 2 times (x 75B)
Class org.gradle.internal.classloader.VisitableURLClassLoader                         : loaded 2 times (x 117B)
Class com.google.common.io.Java8Compatibility                                         : loaded 2 times (x 71B)
Class jdk.internal.jimage.decompressor.ZipDecompressorFactory                         : loaded 2 times (x 74B)
Class org.objectweb.asm.Symbol                                                        : loaded 2 times (x 73B)
Class com.google.common.reflect.Types$ClassOwnership                                  : loaded 2 times (x 80B)
Class com.google.common.base.AbstractIterator                                         : loaded 2 times (x 80B)
Class org.gradle.internal.classpath.DefaultClassPath                                  : loaded 2 times (x 90B)
Class org.gradle.internal.classloader.VisitableURLClassLoader$Spec                    : loaded 2 times (x 74B)
Class com.google.common.math.IntMath$1                                                : loaded 2 times (x 71B)
Class com.google.gson.LongSerializationPolicy$2                                       : loaded 2 times (x 80B)
Class [Lcom.google.common.cache.CacheBuilder$NullListener;                            : loaded 2 times (x 69B)
Class org.objectweb.asm.ByteVector                                                    : loaded 2 times (x 79B)
Class com.google.common.io.Files$FileByteSink                                         : loaded 2 times (x 77B)
Class org.apache.commons.io.FileUtils                                                 : loaded 2 times (x 71B)
Class com.google.common.collect.MapMakerInternalMap$StrongKeyDummyValueEntry$Helper   : loaded 2 times (x 79B)
Class org.apache.commons.io.file.Counters                                             : loaded 2 times (x 71B)
Class org.apache.commons.io.file.PathVisitor                                          : loaded 2 times (x 70B)
Class com.google.common.collect.ImmutableList$SerializedForm                          : loaded 2 times (x 73B)
Class com.google.common.util.concurrent.AbstractFuture$Waiter                         : loaded 2 times (x 72B)
Class Settings_gradle                                                                 : loaded 2 times (x 128B)
Class ijJvmDebugger2_cvyxtl4tut47ul12ap9qjiqqi$_run_closure1$_closure2                : loaded 2 times (x 140B)
Class org.gradle.internal.classloader.VisitableURLClassLoader$InstrumentingVisitableURLClassLoader: loaded 2 times (x 123B)
Class com.google.gson.LongSerializationPolicy$1                                       : loaded 2 times (x 80B)
Class org.objectweb.asm.Type                                                          : loaded 2 times (x 72B)
Class org.jetbrains.kotlin.config.JVMAssertionsMode                                   : loaded 2 times (x 79B)
Class [Lorg.jetbrains.kotlin.config.JVMAssertionsMode;                                : loaded 2 times (x 69B)
Class com.google.common.graph.SuccessorsFunction                                      : loaded 2 times (x 70B)
Class com.google.common.util.concurrent.AbstractFuture$SynchronizedHelper             : loaded 2 times (x 78B)
Class com.google.common.cache.LocalCache$StrongValueReference                         : loaded 2 times (x 90B)
Class com.google.common.collect.Sets$SetView                                          : loaded 2 times (x 138B)
Class [Lcom.google.common.collect.Iterators$EmptyModifiableIterator;                  : loaded 2 times (x 69B)
Class jdk.internal.jimage.ImageReader$Directory                                       : loaded 2 times (x 84B)
Class com.google.common.collect.Maps$8                                                : loaded 2 times (x 82B)
Class com.google.common.collect.MapMakerInternalMap                                   : loaded 2 times (x 161B)
Class com.google.common.base.Strings                                                  : loaded 2 times (x 71B)
Class com.google.common.collect.Sets                                                  : loaded 2 times (x 71B)
Class org.objectweb.asm.Handler                                                       : loaded 2 times (x 72B)
Class com.google.common.base.Ticker                                                   : loaded 2 times (x 72B)
Class com.google.gson.internal.bind.TreeTypeAdapter                                   : loaded 2 times (x 75B)
Class com.google.gson.internal.sql.SqlTimeTypeAdapter                                 : loaded 2 times (x 74B)
Class jdk.internal.jimage.decompressor.ZipDecompressor                                : loaded 2 times (x 75B)
Class com.google.gson.JsonIOException                                                 : loaded 2 times (x 82B)
Class [Lorg.objectweb.asm.AnnotationWriter;                                           : loaded 2 times (x 69B)
Class com.google.gson.internal.reflect.ReflectionHelper$RecordNotSupportedHelper      : loaded 2 times (x 78B)
Class com.google.common.collect.AbstractMapBasedMultimap$WrappedList                  : loaded 2 times (x 205B)
Class jdk.internal.jimage.decompressor.ResourceDecompressorRepository                 : loaded 2 times (x 71B)
Class com.google.gson.internal.bind.ReflectiveTypeAdapterFactory$RecordAdapter        : loaded 2 times (x 77B)
Class com.google.common.base.Platform                                                 : loaded 2 times (x 71B)
Class com.google.common.reflect.Invokable$MethodInvokable                             : loaded 2 times (x 107B)
Class com.google.common.collect.AbstractMapBasedMultimap$AsMap                        : loaded 2 times (x 128B)
Class com.google.common.collect.CollectSpliterators                                   : loaded 2 times (x 71B)
Class com.google.common.io.LineReader$1                                               : loaded 2 times (x 75B)
Class com.google.common.collect.MapMakerInternalMap$StrongKeyDummyValueEntry          : loaded 2 times (x 82B)
Class org.apache.commons.io.filefilter.AndFileFilter                                  : loaded 2 times (x 132B)
Class Build_gradle$1                                                                  : loaded 2 times (x 75B)
Class com.google.common.cache.LocalCache$LoadingValueReference                        : loaded 2 times (x 96B)
Class ijKotlinCoroutineJvmDebugInit2_778hquxyzs0phpvaot84olfba$_run_closure1$_closure2: loaded 2 times (x 139B)
Class jdk.internal.jimage.ImageReader$SharedImageReader$LocationVisitor               : loaded 2 times (x 70B)
Class [Lcom.google.common.collect.ImmutableEntry;                                     : loaded 2 times (x 69B)
Class [Lcom.google.common.cache.LocalCache$Segment;                                   : loaded 2 times (x 69B)
Class [Lcom.google.common.cache.LocalCache$Strength;                                  : loaded 2 times (x 69B)
Class com.google.common.cache.CacheBuilder$1                                          : loaded 2 times (x 85B)
Class com.google.gson.internal.bind.TypeAdapters$20                                   : loaded 2 times (x 75B)
Class com.google.common.collect.ImmutableMap                                          : loaded 2 times (x 120B)
Class org.gradle.internal.classpath.DefaultClassPath$ImmutableUniqueList$Builder      : loaded 2 times (x 75B)
Class com.google.gson.internal.sql.SqlDateTypeAdapter                                 : loaded 2 times (x 74B)
Class com.google.common.reflect.Types$JavaVersion                                     : loaded 2 times (x 83B)
Class org.apache.commons.io.file.PathFilter                                           : loaded 2 times (x 70B)
Class com.google.common.collect.MapMaker                                              : loaded 2 times (x 72B)
Class org.gradle.api.specs.Spec                                                       : loaded 2 times (x 70B)
Class com.google.common.collect.Maps                                                  : loaded 2 times (x 71B)
Class com.google.common.util.concurrent.Uninterruptibles                              : loaded 2 times (x 71B)
Class com.google.common.base.Charsets                                                 : loaded 2 times (x 71B)
Class org.gradle.internal.classloader.ClasspathUtil                                   : loaded 2 times (x 71B)
Class jdk.internal.jrtfs.JrtPath                                                      : loaded 2 times (x 118B)
Class jdk.internal.jimage.ImageBufferCache                                            : loaded 2 times (x 71B)
Class com.google.common.collect.MapMakerInternalMap$WeakValueReference                : loaded 2 times (x 70B)
Class com.google.common.cache.LocalCache                                              : loaded 2 times (x 187B)
Class com.google.common.cache.CacheBuilder$2                                          : loaded 2 times (x 79B)
Class com.google.gson.internal.bind.TypeAdapters$21                                   : loaded 2 times (x 75B)
Class com.google.gson.FieldNamingPolicy$1                                             : loaded 2 times (x 83B)
Class com.google.common.reflect.Types$ClassOwnership$1LocalClass                      : loaded 2 times (x 71B)
Class com.google.gson.JsonParseException                                              : loaded 2 times (x 82B)
Class com.google.common.cache.CacheBuilder$OneWeigher                                 : loaded 2 times (x 82B)
Class [Lorg.jetbrains.kotlin.cli.common.CompilerSystemProperties;                     : loaded 2 times (x 69B)
Class org.apache.commons.io.output.AbstractByteArrayOutputStream                      : loaded 2 times (x 102B)
Class com.google.common.collect.ImmutableMapEntry$NonTerminalImmutableMapEntry        : loaded 2 times (x 85B)
Class com.google.gson.internal.bind.TypeAdapters$9                                    : loaded 2 times (x 75B)
Class com.google.common.base.Equivalence                                              : loaded 2 times (x 82B)
Class com.google.common.collect.ImmutableMultimap                                     : loaded 2 times (x 147B)
Class org.jetbrains.kotlin.cli.common.arguments.CommonCompilerArguments$Companion     : loaded 2 times (x 71B)
Class com.google.common.collect.ImmutableMapEntry                                     : loaded 2 times (x 85B)
Class com.google.gson.internal.bind.TypeAdapters$8                                    : loaded 2 times (x 75B)
Class com.google.gson.internal.bind.CollectionTypeAdapterFactory$Adapter              : loaded 2 times (x 74B)
Class com.google.common.reflect.Types$TypeVariableInvocationHandler                   : loaded 2 times (x 75B)
Class com.google.common.collect.MapMakerInternalMap$InternalEntry                     : loaded 2 times (x 70B)
Class org.jetbrains.kotlin.cli.common.arguments.K2JVMCompilerArguments                : loaded 2 times (x 80B)
Class org.jetbrains.kotlin.config.LanguageVersion                                     : loaded 2 times (x 91B)
Class com.google.common.collect.ArrayListMultimap                                     : loaded 2 times (x 172B)
Class com.google.common.cache.CacheBuilder$3                                          : loaded 2 times (x 72B)
Class com.google.gson.internal.bind.TypeAdapters$22                                   : loaded 2 times (x 75B)
Class com.google.gson.FieldNamingPolicy$2                                             : loaded 2 times (x 83B)
Class com.google.gson.internal.Excluder$1                                             : loaded 2 times (x 74B)
Class [Lcom.google.common.collect.AbstractMapEntry;                                   : loaded 2 times (x 69B)
Class com.google.common.collect.ImmutableEntry                                        : loaded 2 times (x 82B)
Class org.apache.commons.io.file.Counters$AbstractPathCounters                        : loaded 2 times (x 82B)
Class com.google.common.math.IntMath                                                  : loaded 2 times (x 71B)
Class com.google.gson.internal.bind.TypeAdapters$7                                    : loaded 2 times (x 75B)
Class com.google.gson.annotations.SerializedName                                      : loaded 2 times (x 70B)
Class com.google.common.collect.AbstractMapBasedMultimap$KeySet                       : loaded 2 times (x 137B)
Class com.google.common.collect.Streams                                               : loaded 2 times (x 71B)
Class org.apache.commons.io.filefilter.ConditionalFileFilter                          : loaded 2 times (x 70B)
Class org.gradle.internal.service.CachingServiceLocator                               : loaded 2 times (x 82B)
Class com.google.gson.internal.bind.TypeAdapters$6                                    : loaded 2 times (x 75B)
Class com.google.gson.internal.bind.TypeAdapters$19                                   : loaded 2 times (x 75B)
Class com.google.gson.internal.bind.ReflectiveTypeAdapterFactory$FieldReflectionAdapter: loaded 2 times (x 77B)
Class com.google.common.cache.LocalCache$LocalManualCache                             : loaded 2 times (x 99B)
Class com.google.common.base.CommonPattern                                            : loaded 2 times (x 74B)
Class org.apache.commons.io.CloseableURLConnection                                    : loaded 2 times (x 116B)
Class com.google.common.collect.ImmutableMap$SerializedForm                           : loaded 2 times (x 73B)
Class [Lorg.apache.commons.io.FileSystem;                                             : loaded 2 times (x 69B)
Class org.apache.commons.io.function.IOBiFunction                                     : loaded 2 times (x 70B)
Class org.gradle.internal.classloader.ClassLoaderFactory                              : loaded 2 times (x 70B)
Class com.google.common.base.Suppliers$MemoizingSupplier                              : loaded 2 times (x 79B)
Class org.apache.commons.io.StandardLineSeparator                                     : loaded 2 times (x 79B)
Class com.google.gson.internal.bind.TypeAdapters$23                                   : loaded 2 times (x 75B)
Class com.google.gson.FieldNamingPolicy$3                                             : loaded 2 times (x 83B)
Class com.google.common.collect.CollectPreconditions                                  : loaded 2 times (x 71B)
Class jdk.internal.jimage.ImageStrings                                                : loaded 2 times (x 70B)
Class jdk.internal.jrtfs.JrtFileAttributes                                            : loaded 2 times (x 83B)
Class com.google.gson.internal.bind.TypeAdapters$5                                    : loaded 2 times (x 75B)
Class com.google.gson.internal.bind.TypeAdapters$18                                   : loaded 2 times (x 75B)
Class com.google.gson.internal.bind.SerializationDelegatingTypeAdapter                : loaded 2 times (x 74B)
Class [Lcom.google.gson.ReflectionAccessFilter$FilterResult;                          : loaded 2 times (x 69B)
Class com.google.gson.annotations.JsonAdapter                                         : loaded 2 times (x 70B)
Class com.google.common.base.CharMatcher$JavaLetter                                   : loaded 2 times (x 111B)
Class org.gradle.internal.service.ServiceLookupException                              : loaded 2 times (x 82B)
Class [Lcom.google.common.collect.MapMakerInternalMap$Strength;                       : loaded 2 times (x 69B)
Class [Lcom.google.common.io.FileWriteMode;                                           : loaded 2 times (x 69B)
Class com.google.gson.internal.bind.TypeAdapters$24                                   : loaded 2 times (x 75B)
Class com.google.gson.FieldNamingPolicy$4                                             : loaded 2 times (x 83B)
Class com.google.common.collect.SortedMapDifference                                   : loaded 2 times (x 70B)
Class jdk.internal.jimage.ImageReader$Resource                                        : loaded 2 times (x 84B)
Class jdk.internal.jimage.decompressor.Decompressor                                   : loaded 2 times (x 72B)
Class com.google.common.collect.Maps$EntryTransformer                                 : loaded 2 times (x 70B)
Class com.google.gson.internal.bind.TypeAdapters$4                                    : loaded 2 times (x 75B)
Class com.google.gson.internal.bind.TypeAdapters$17                                   : loaded 2 times (x 75B)
Class [Lorg.jetbrains.kotlin.config.LanguageVersion;                                  : loaded 2 times (x 69B)
Class org.jetbrains.kotlin.cli.common.CompilerSystemProperties$value$1                : loaded 2 times (x 125B)
Class com.google.common.reflect.TypeResolver$TypeTable$1                              : loaded 2 times (x 73B)
Class com.google.gson.internal.bind.TypeAdapters$3                                    : loaded 2 times (x 75B)
Class com.google.gson.internal.bind.TypeAdapters$16                                   : loaded 2 times (x 75B)
Class com.google.gson.internal.sql.SqlTypesSupport$2                                  : loaded 2 times (x 74B)
Class com.google.common.cache.CacheLoader$SupplierToCacheLoader                       : loaded 2 times (x 75B)
Class com.google.common.collect.Iterables$4                                           : loaded 2 times (x 81B)
Class com.google.common.cache.LocalCache$WriteThroughEntry                            : loaded 2 times (x 79B)
Class com.google.common.cache.LocalCache$HashIterator                                 : loaded 2 times (x 86B)
Class com.google.common.collect.MapMakerInternalMap$StrongKeyDummyValueSegment        : loaded 2 times (x 142B)
Class com.google.common.io.Files                                                      : loaded 2 times (x 71B)
Class org.jetbrains.kotlin.cli.common.arguments.CommonCompilerArguments               : loaded 2 times (x 79B)
Class com.google.common.cache.LocalCache$EntryFactory                                 : loaded 2 times (x 83B)
Class com.google.gson.internal.bind.TypeAdapters$25                                   : loaded 2 times (x 75B)
Class com.google.gson.FieldNamingPolicy$5                                             : loaded 2 times (x 83B)
Class org.objectweb.asm.RecordComponentVisitor                                        : loaded 2 times (x 77B)
Class com.google.common.collect.ImmutableMultiset                                     : loaded 2 times (x 163B)
Class org.jetbrains.kotlin.config.ExplicitApiMode                                     : loaded 2 times (x 79B)
Class com.google.common.reflect.TypeResolver$TypeTable                                : loaded 2 times (x 73B)
Class com.google.common.io.CharStreams                                                : loaded 2 times (x 71B)
Class com.google.gson.internal.bind.TypeAdapters$15                                   : loaded 2 times (x 75B)
Class com.google.gson.internal.bind.TypeAdapters$2                                    : loaded 2 times (x 75B)
Class com.google.gson.internal.sql.SqlTypesSupport$1                                  : loaded 2 times (x 74B)
Class com.google.gson.Strictness                                                      : loaded 2 times (x 79B)
Class com.google.common.base.FunctionalEquivalence                                    : loaded 2 times (x 83B)
Class com.google.common.util.concurrent.AbstractFuture                                : loaded 2 times (x 106B)
Class com.google.common.collect.AbstractMapBasedMultimap                              : loaded 2 times (x 139B)
Class jdk.internal.jimage.BasicImageReader$1                                          : loaded 2 times (x 77B)
Class [Lcom.google.common.collect.MapMaker$Dummy;                                     : loaded 2 times (x 69B)
Class com.google.common.base.CharMatcher$Whitespace                                   : loaded 2 times (x 112B)
Class com.google.common.base.Splitter$1$1                                             : loaded 2 times (x 86B)
Class com.google.common.reflect.Types$NativeTypeVariableEquals                        : loaded 2 times (x 71B)
Class com.google.common.reflect.TypeParameter                                         : loaded 2 times (x 72B)
Class com.google.common.cache.LocalCache$AbstractReferenceEntry                       : loaded 2 times (x 107B)
Class com.google.gson.internal.bind.ArrayTypeAdapter                                  : loaded 2 times (x 74B)
Class com.google.gson.internal.bind.TypeAdapters$26                                   : loaded 2 times (x 75B)
Class com.google.gson.FieldNamingPolicy$6                                             : loaded 2 times (x 83B)
Class com.google.common.base.Converter                                                : loaded 2 times (x 90B)
Class com.google.gson.internal.bind.TypeAdapters$14                                   : loaded 2 times (x 75B)
Class com.google.gson.internal.bind.TypeAdapters$1                                    : loaded 2 times (x 75B)
Class com.google.gson.internal.bind.NumberTypeAdapter$1                               : loaded 2 times (x 76B)
Class com.google.common.cache.ReferenceEntry                                          : loaded 2 times (x 70B)
Class com.google.common.util.concurrent.ListenableFuture                              : loaded 2 times (x 70B)
Class ijJvmDebugger2_cvyxtl4tut47ul12ap9qjiqqi$_run_closure1                          : loaded 2 times (x 139B)
Class ijKotlinCoroutineJvmDebugInit2_778hquxyzs0phpvaot84olfba$_run_closure1          : loaded 2 times (x 139B)
Class org.gradle.api.internal.classpath.DefaultModuleRegistry                         : loaded 2 times (x 86B)
Class jdk.internal.jimage.ImageReader$Node                                            : loaded 2 times (x 84B)
Class com.google.gson.internal.bind.TypeAdapters$13                                   : loaded 2 times (x 75B)
Class org.jetbrains.kotlin.config.AnalysisFlag                                        : loaded 2 times (x 72B)
Class [Lcom.google.gson.ToNumberStrategy;                                             : loaded 2 times (x 69B)
Class com.google.gson.internal.bind.TypeAdapters$12                                   : loaded 2 times (x 75B)
Class com.google.common.cache.LocalCache$LocalManualCache$1                           : loaded 2 times (x 75B)
Class com.google.common.util.concurrent.AbstractFuture$UnsafeAtomicHelper             : loaded 2 times (x 78B)
Class org.apache.commons.io.filefilter.TrueFileFilter                                 : loaded 2 times (x 99B)
Class com.google.common.collect.ImmutableMapKeySet                                    : loaded 2 times (x 152B)
Class com.google.gson.internal.reflect.ReflectionHelper                               : loaded 2 times (x 71B)
Class org.objectweb.asm.SymbolTable                                                   : loaded 2 times (x 72B)
Class com.google.common.cache.CacheLoader$InvalidCacheLoadException                   : loaded 2 times (x 82B)
Class com.google.gson.internal.bind.TypeAdapters$27                                   : loaded 2 times (x 75B)
Class com.google.gson.FieldNamingPolicy$7                                             : loaded 2 times (x 83B)
Class org.gradle.internal.classloader.SystemClassLoaderSpec                           : loaded 2 times (x 71B)
Class com.google.common.collect.ImmutableMultimap$Values                              : loaded 2 times (x 126B)
Class jdk.internal.jimage.decompressor.ResourceDecompressorFactory                    : loaded 2 times (x 74B)
Class com.google.common.collect.ImmutableSet$JdkBackedSetBuilderImpl                  : loaded 2 times (x 76B)
Class [Lcom.google.gson.FieldNamingPolicy;                                            : loaded 2 times (x 69B)
Class com.google.gson.internal.bind.TypeAdapters$11                                   : loaded 2 times (x 75B)
Class com.google.common.util.concurrent.internal.InternalFutureFailureAccess          : loaded 2 times (x 72B)
Class org.apache.commons.io.output.NullWriter                                         : loaded 2 times (x 99B)
Class com.google.common.base.Splitter$SplittingIterator                               : loaded 2 times (x 84B)
Class org.gradle.api.internal.classpath.ModuleRegistry                                : loaded 2 times (x 70B)
Class org.gradle.internal.installation.GradleInstallation$1                           : loaded 2 times (x 75B)
Class jdk.internal.jimage.ImageReader$SharedImageReader                               : loaded 2 times (x 95B)
Class com.google.common.collect.ImmutableBiMap                                        : loaded 2 times (x 143B)
Class com.google.common.collect.FluentIterable                                        : loaded 2 times (x 81B)
Class com.google.common.cache.LocalCache$StrongEntry                                  : loaded 2 times (x 108B)
Class com.google.common.util.concurrent.AbstractFuture$TrustedFuture                  : loaded 2 times (x 114B)
Class com.google.common.cache.LoadingCache                                            : loaded 2 times (x 70B)
Class [Lcom.google.gson.LongSerializationPolicy;                                      : loaded 2 times (x 69B)
Class com.google.gson.internal.bind.TypeAdapters$10                                   : loaded 2 times (x 75B)
Class com.google.gson.internal.bind.ReflectiveTypeAdapterFactory$Adapter              : loaded 2 times (x 77B)
Class com.google.common.cache.CacheLoader                                             : loaded 2 times (x 74B)
Class [Lorg.objectweb.asm.SymbolTable$Entry;                                          : loaded 2 times (x 69B)
Class com.google.common.collect.AbstractListMultimap                                  : loaded 2 times (x 172B)
Class org.jetbrains.kotlin.utils.DescriptionAware                                     : loaded 2 times (x 70B)
Class jdk.internal.jimage.ImageReader                                                 : loaded 2 times (x 75B)
Class com.google.common.cache.LocalCache$Segment                                      : loaded 2 times (x 154B)
Class com.google.common.reflect.TypeToken$2                                           : loaded 2 times (x 110B)
Class com.google.common.collect.AbstractMapBasedMultimap$AsMap$AsMapEntries           : loaded 2 times (x 138B)
Class ijJvmDebugger2_cvyxtl4tut47ul12ap9qjiqqi                                        : loaded 2 times (x 179B)
Class com.google.common.collect.ImmutableMap$IteratorBasedImmutableMap                : loaded 2 times (x 126B)
Class com.google.gson.internal.sql.SqlDateTypeAdapter$1                               : loaded 2 times (x 75B)
Class com.google.common.cache.LocalCache$ComputingValueReference                      : loaded 2 times (x 96B)
Class com.google.common.reflect.TypeToken$1                                           : loaded 2 times (x 110B)
Class jdk.internal.jimage.ImageStringsReader                                          : loaded 2 times (x 80B)
Class com.google.common.base.Suppliers$NonSerializableMemoizingSupplier               : loaded 2 times (x 79B)
Class com.google.gson.internal.Streams$AppendableWriter                               : loaded 2 times (x 99B)
Class org.objectweb.asm.MethodWriter                                                  : loaded 2 times (x 106B)
Class [Lcom.google.common.cache.Weigher;                                              : loaded 2 times (x 69B)
Class com.google.gson.internal.bind.MapTypeAdapterFactory                             : loaded 2 times (x 75B)
Class com.google.gson.internal.bind.TypeAdapters$29                                   : loaded 2 times (x 75B)
Class com.google.gson.JsonNull                                                        : loaded 2 times (x 92B)
Class com.google.common.collect.RegularImmutableMap$BucketOverflowException           : loaded 2 times (x 82B)
Class jdk.internal.jrtfs.JrtFileSystem                                                : loaded 2 times (x 102B)
Class com.google.gson.internal.sql.SqlTimestampTypeAdapter                            : loaded 2 times (x 76B)
Class com.google.gson.internal.bind.ReflectiveTypeAdapterFactory                      : loaded 2 times (x 75B)
Class com.google.common.base.Suppliers$SupplierOfInstance                             : loaded 2 times (x 79B)
Class org.objectweb.asm.Edge                                                          : loaded 2 times (x 72B)
Class com.google.common.util.concurrent.AbstractFuture$AtomicHelper                   : loaded 2 times (x 78B)
Class org.objectweb.asm.SymbolTable$Entry                                             : loaded 2 times (x 74B)
Class org.jetbrains.kotlin.cli.common.arguments.Freezable                             : loaded 2 times (x 72B)
Class com.google.errorprone.annotations.DoNotMock                                     : loaded 2 times (x 70B)
Class com.google.common.io.CharStreams$NullWriter                                     : loaded 2 times (x 99B)
Class com.google.common.base.JdkPattern                                               : loaded 2 times (x 75B)
Class [Lcom.google.common.reflect.Types$JavaVersion;                                  : loaded 2 times (x 69B)
Class com.google.common.io.Files$FileByteSource                                       : loaded 2 times (x 85B)
Class com.google.common.collect.Interners$InternerBuilder                             : loaded 2 times (x 76B)
Class org.gradle.api.UncheckedIOException                                             : loaded 2 times (x 82B)
Class com.google.common.collect.AbstractMapBasedMultimap$RandomAccessWrappedList      : loaded 2 times (x 205B)
Class com.google.common.collect.ImmutableMultimap$1                                   : loaded 2 times (x 82B)
Class org.jetbrains.kotlin.cli.common.CompilerSystemProperties$Companion              : loaded 2 times (x 71B)
Class jdk.internal.jimage.decompressor.CompressedResourceHeader                       : loaded 2 times (x 71B)
Class org.gradle.internal.classpath.ClassPath                                         : loaded 2 times (x 70B)
Class Settings_gradle$1                                                               : loaded 2 times (x 74B)
Class com.google.gson.internal.bind.JsonTreeWriter                                    : loaded 2 times (x 98B)
Class com.google.gson.internal.bind.ArrayTypeAdapter$1                                : loaded 2 times (x 75B)
Class com.google.common.cache.CacheBuilder                                            : loaded 2 times (x 72B)
Class org.jetbrains.kotlin.config.JvmDefaultMode$Companion                            : loaded 2 times (x 71B)
Class com.google.common.io.ByteSink                                                   : loaded 2 times (x 76B)
Class jdk.internal.jimage.decompressor.ResourceDecompressor                           : loaded 2 times (x 70B)
Class org.apache.commons.io.IOUtils                                                   : loaded 2 times (x 71B)
Class com.google.common.reflect.TypeToken                                             : loaded 2 times (x 73B)
Class org.jetbrains.kotlin.config.MavenComparableVersion$ListItem                     : loaded 2 times (x 218B)
Class com.google.common.collect.MapMakerInternalMap$Segment                           : loaded 2 times (x 142B)
Class org.gradle.internal.classpath.DefaultClassPath$ImmutableUniqueList              : loaded 2 times (x 199B)
Class org.gradle.api.internal.ClassPathRegistry                                       : loaded 2 times (x 70B)
Class com.google.common.collect.AbstractIterator$State                                : loaded 2 times (x 79B)
Class com.google.common.reflect.Types$JavaVersion$1                                   : loaded 2 times (x 83B)
Class [Lorg.jetbrains.kotlin.config.ExplicitApiMode;                                  : loaded 2 times (x 69B)
Class com.google.common.collect.ImmutableMultimap$2                                   : loaded 2 times (x 81B)
Class com.google.common.collect.RegularImmutableBiMap                                 : loaded 2 times (x 149B)
Class com.google.common.cache.LocalCache$ValueReference                               : loaded 2 times (x 70B)
Class com.google.gson.internal.bind.DefaultDateTypeAdapter$DateType$1                 : loaded 2 times (x 73B)
Class [Lcom.google.common.cache.LocalCache$EntryFactory;                              : loaded 2 times (x 69B)
Class com.google.common.primitives.IntsMethodsForWeb                                  : loaded 2 times (x 71B)
Class com.google.common.collect.ImmutableMultimap$Keys                                : loaded 2 times (x 166B)
Class [Lorg.jetbrains.kotlin.config.JvmDefaultMode;                                   : loaded 2 times (x 69B)
Class org.jetbrains.kotlin.cli.common.messages.MessageCollector                       : loaded 2 times (x 70B)
Class com.google.common.reflect.Invokable$ConstructorInvokable                        : loaded 2 times (x 107B)
Class org.apache.commons.io.file.DeleteOption                                         : loaded 2 times (x 70B)
Class org.gradle.api.internal.DefaultClassPathRegistry                                : loaded 2 times (x 76B)
Class com.google.gson.ToNumberPolicy                                                  : loaded 2 times (x 83B)
Class [Lcom.google.gson.ToNumberPolicy;                                               : loaded 2 times (x 69B)
Class com.google.common.cache.RemovalListener                                         : loaded 2 times (x 70B)
Class org.jetbrains.kotlin.cli.common.arguments.CommonToolArguments$Companion         : loaded 2 times (x 71B)
Class com.google.common.collect.AbstractMapBasedMultimap$AsMap$AsMapIterator          : loaded 2 times (x 83B)
Class com.google.gson.internal.Streams                                                : loaded 2 times (x 71B)
Class com.google.common.reflect.Types$JavaVersion$2                                   : loaded 2 times (x 83B)
Class com.google.common.reflect.Types                                                 : loaded 2 times (x 71B)
Class org.jetbrains.kotlin.cli.common.arguments.CommonToolArguments                   : loaded 2 times (x 73B)
Class com.google.common.base.PatternCompiler                                          : loaded 2 times (x 70B)
Class com.google.common.util.concurrent.AbstractFuture$Failure                        : loaded 2 times (x 72B)
Class com.google.common.base.Equivalence$Equals                                       : loaded 2 times (x 82B)
Class com.google.gson.internal.LazilyParsedNumber                                     : loaded 2 times (x 78B)
Class com.google.common.collect.Hashing                                               : loaded 2 times (x 71B)
Class com.google.common.collect.AbstractMapBasedMultimap$WrappedCollection$WrappedIterator: loaded 2 times (x 84B)
Class com.google.common.base.Present                                                  : loaded 2 times (x 81B)
Class com.google.common.collect.ImmutableMap$Builder                                  : loaded 2 times (x 82B)
Class com.google.common.util.concurrent.AbstractFuture$Cancellation                   : loaded 2 times (x 72B)
Class com.google.common.base.NullnessCasts                                            : loaded 2 times (x 71B)
Class com.google.common.io.Files$2                                                    : loaded 2 times (x 76B)
Class org.apache.commons.io.filefilter.IOFileFilter                                   : loaded 2 times (x 70B)
Class com.google.common.io.AppendableWriter                                           : loaded 2 times (x 100B)
Class jdk.internal.jimage.ImageHeader                                                 : loaded 2 times (x 71B)
Class com.google.common.cache.Cache                                                   : loaded 2 times (x 70B)
Class com.google.common.cache.LocalCache$Strength                                     : loaded 2 times (x 81B)
Class com.google.common.base.Stopwatch                                                : loaded 2 times (x 72B)
Class org.jetbrains.kotlin.config.ApiVersion                                          : loaded 2 times (x 86B)
Class org.jetbrains.kotlin.cli.common.arguments.K2JVMCompilerArguments$Companion      : loaded 2 times (x 71B)
Class org.apache.commons.io.file.Counters$PathCounters                                : loaded 2 times (x 70B)
Class org.gradle.api.internal.classpath.UnknownModuleException                        : loaded 2 times (x 82B)
Class com.google.common.cache.Weigher                                                 : loaded 2 times (x 70B)
Class org.gradle.api.internal.classpath.Module                                        : loaded 2 times (x 70B)
Class com.google.common.collect.ImmutableMapEntrySet                                  : loaded 2 times (x 152B)
Class com.google.gson.internal.ObjectConstructor                                      : loaded 2 times (x 70B)
Class org.apache.commons.io.output.NullOutputStream                                   : loaded 2 times (x 85B)
Class [Lorg.apache.commons.io.file.DeleteOption;                                      : loaded 2 times (x 69B)
Class com.google.common.io.CharSink                                                   : loaded 2 times (x 79B)
Class com.google.common.collect.ImmutableSetMultimap                                  : loaded 2 times (x 180B)
Class com.google.common.reflect.Types$JavaVersion$3                                   : loaded 2 times (x 83B)
Class org.objectweb.asm.Label                                                         : loaded 2 times (x 73B)
Class org.objectweb.asm.CurrentFrame                                                  : loaded 2 times (x 73B)
Class org.objectweb.asm.ClassTooLargeException                                        : loaded 2 times (x 83B)
Class com.google.gson.stream.JsonReader                                               : loaded 2 times (x 97B)
Class com.google.common.math.MathPreconditions                                        : loaded 2 times (x 71B)
Class com.google.common.collect.ArrayListMultimapGwtSerializationDependencies         : loaded 2 times (x 172B)
Class com.google.common.collect.Multiset                                              : loaded 2 times (x 70B)
Class com.google.common.collect.ObjectArrays                                          : loaded 2 times (x 71B)
Class org.apache.commons.io.file.CountingPathVisitor                                  : loaded 2 times (x 91B)
Class com.google.common.collect.FluentIterable$3                                      : loaded 2 times (x 81B)
Class com.google.common.primitives.Ints                                               : loaded 2 times (x 71B)
Class com.google.common.reflect.Reflection                                            : loaded 2 times (x 71B)
Class com.google.common.collect.FluentIterable$2                                      : loaded 2 times (x 81B)
Class com.google.common.base.Absent                                                   : loaded 2 times (x 80B)
Class org.gradle.api.internal.classpath.DefaultModuleRegistry$DefaultModule           : loaded 2 times (x 86B)
Class jdk.internal.jimage.ImageBufferCache$2                                          : loaded 2 times (x 91B)
Class com.google.common.collect.BiMap                                                 : loaded 2 times (x 70B)
Class com.google.common.collect.ImmutableMap$1                                        : loaded 2 times (x 81B)
Class com.google.common.collect.IndexedImmutableSet                                   : loaded 2 times (x 152B)
Class com.google.common.collect.MapMakerInternalMap$InternalEntryHelper               : loaded 2 times (x 70B)
Class com.google.common.collect.Maps$IteratorBasedAbstractMap                         : loaded 2 times (x 125B)
Class com.google.common.collect.RangeGwtSerializationDependencies                     : loaded 2 times (x 71B)
Class com.google.common.collect.Table                                                 : loaded 2 times (x 70B)
Class com.google.common.reflect.Types$JavaVersion$4                                   : loaded 2 times (x 83B)
Class org.jetbrains.kotlin.config.MavenComparableVersion$Item                         : loaded 2 times (x 70B)
Class com.google.gson.internal.reflect.ReflectionHelper$RecordSupportedHelper         : loaded 2 times (x 78B)
Class org.objectweb.asm.Frame                                                         : loaded 2 times (x 73B)
Class org.objectweb.asm.MethodVisitor                                                 : loaded 2 times (x 105B)
Class com.google.common.cache.LocalCache$EntryFactory$1                               : loaded 2 times (x 83B)
Class [Lcom.google.common.cache.RemovalListener;                                      : loaded 2 times (x 69B)
Class com.google.gson.TypeAdapter                                                     : loaded 2 times (x 73B)
Class com.google.gson.ToNumberStrategy                                                : loaded 2 times (x 70B)
Class org.objectweb.asm.FieldVisitor                                                  : loaded 2 times (x 77B)
Class com.google.common.collect.ImmutableMultisetGwtSerializationDependencies         : loaded 2 times (x 125B)
Class com.google.common.collect.FluentIterable$1                                      : loaded 2 times (x 81B)
Class org.gradle.internal.classloader.ClasspathUtil$1                                 : loaded 2 times (x 76B)
Class jdk.internal.jimage.ImageBufferCache$1                                          : loaded 2 times (x 83B)
Class com.google.gson.internal.bind.ReflectiveTypeAdapterFactory$2                    : loaded 2 times (x 79B)
Class com.google.common.cache.CacheLoader$UnsupportedLoadingOperationException        : loaded 2 times (x 82B)
Class org.objectweb.asm.ClassWriter                                                   : loaded 2 times (x 106B)
Class com.google.common.collect.AbstractMapBasedMultimap$KeySet$1                     : loaded 2 times (x 82B)
Class com.google.common.reflect.Types$JavaVersion$5                                   : loaded 2 times (x 71B)
Class [Lcom.google.common.reflect.Types$ClassOwnership;                               : loaded 2 times (x 69B)
Class com.google.common.cache.LocalCache$EntryFactory$2                               : loaded 2 times (x 83B)
Class com.google.gson.internal.bind.JsonAdapterAnnotationTypeAdapterFactory           : loaded 2 times (x 75B)
Class org.gradle.api.internal.classpath.GlobalCacheRootsProvider                      : loaded 2 times (x 70B)
Class ijKotlinCoroutineJvmDebugInit2_778hquxyzs0phpvaot84olfba                        : loaded 2 times (x 179B)
Class org.gradle.internal.InternalTransformer                                         : loaded 2 times (x 70B)
Class com.google.gson.internal.bind.ReflectiveTypeAdapterFactory$1                    : loaded 2 times (x 74B)
Class org.jetbrains.kotlin.config.MavenComparableVersion                              : loaded 2 times (x 78B)
Class jdk.internal.jrtfs.JrtDirectoryStream$1                                         : loaded 2 times (x 83B)
Class jdk.internal.jimage.ImageLocation                                               : loaded 2 times (x 90B)
Class com.google.gson.internal.bind.DefaultDateTypeAdapter$DateType                   : loaded 2 times (x 73B)
Class com.google.common.util.concurrent.UncheckedExecutionException                   : loaded 2 times (x 82B)
Class org.jetbrains.kotlin.tooling.core.KotlinToolingVersion                          : loaded 2 times (x 75B)
Class com.google.common.io.ByteSink$AsCharSink                                        : loaded 2 times (x 80B)
Class com.google.common.util.concurrent.AbstractFuture$Trusted                        : loaded 2 times (x 70B)
Class com.google.common.base.Optional                                                 : loaded 2 times (x 80B)
Class com.google.gson.internal.sql.SqlTimeTypeAdapter$1                               : loaded 2 times (x 75B)
Class com.google.gson.internal.bind.MapTypeAdapterFactory$Adapter                     : loaded 2 times (x 74B)
Class com.google.common.util.concurrent.AbstractFuture$UnsafeAtomicHelper$1           : loaded 2 times (x 76B)
Class org.jetbrains.kotlin.config.MavenComparableVersion$IntegerItem                  : loaded 2 times (x 80B)
Class com.google.common.cache.LocalCache$2                                            : loaded 2 times (x 142B)
Class com.google.common.collect.CollectCollectors                                     : loaded 2 times (x 71B)
Class org.objectweb.asm.ModuleWriter                                                  : loaded 2 times (x 82B)
Class com.google.common.cache.LocalCache$EntryFactory$3                               : loaded 2 times (x 83B)
Class com.google.common.base.Ticker$1                                                 : loaded 2 times (x 72B)
Class com.google.gson.internal.bind.NumberTypeAdapter                                 : loaded 2 times (x 74B)
Class com.google.common.collect.Maps$BiMapConverter                                   : loaded 2 times (x 90B)
Class com.google.common.collect.ImmutableMapEntrySet$RegularEntrySet                  : loaded 2 times (x 152B)
Class com.google.common.collect.AbstractMultimap                                      : loaded 2 times (x 123B)
Class com.google.common.collect.Sets$ImprovedAbstractSet                              : loaded 2 times (x 135B)
Class com.google.common.reflect.TypeToken$SimpleTypeToken                             : loaded 2 times (x 73B)
Class com.google.common.collect.MapMakerInternalMap$AbstractStrongKeyEntry            : loaded 2 times (x 80B)
Class org.apache.commons.io.function.IOSupplier                                       : loaded 2 times (x 70B)
Class jdk.internal.jrtfs.JrtFileSystemProvider                                        : loaded 2 times (x 101B)
Class com.google.common.collect.AbstractMapEntry                                      : loaded 2 times (x 81B)
Class com.google.gson.internal.bind.TypeAdapterRuntimeTypeWrapper                     : loaded 2 times (x 74B)
Class com.google.common.cache.LocalCache$1                                            : loaded 2 times (x 89B)
Class com.google.common.collect.SingletonImmutableBiMap                               : loaded 2 times (x 143B)
Class com.google.common.base.Ascii                                                    : loaded 2 times (x 71B)
Class org.apache.commons.io.FileExistsException                                       : loaded 2 times (x 82B)
Class org.gradle.internal.service.ServiceLocator                                      : loaded 2 times (x 70B)
Class com.google.gson.stream.JsonWriter                                               : loaded 2 times (x 98B)
Class [Lorg.objectweb.asm.Type;                                                       : loaded 2 times (x 69B)
Class com.google.common.collect.Platform                                              : loaded 2 times (x 71B)
Class org.jetbrains.kotlin.config.LanguageOrApiVersion                                : loaded 2 times (x 70B)
Class com.google.common.collect.SetMultimap                                           : loaded 2 times (x 70B)
Class com.google.common.cache.LocalCache$EntryFactory$4                               : loaded 2 times (x 83B)
Class com.google.gson.ToNumberPolicy$1                                                : loaded 2 times (x 83B)
Class [Lcom.google.gson.FieldNamingStrategy;                                          : loaded 2 times (x 69B)
Class com.google.gson.internal.Excluder                                               : loaded 2 times (x 75B)
Class com.google.common.collect.ImmutableSet$Builder                                  : loaded 2 times (x 85B)
Class com.google.gson.internal.Primitives                                             : loaded 2 times (x 71B)
Class jdk.internal.jrtfs.SystemImage$2                                                : loaded 2 times (x 76B)
Class com.google.gson.GsonBuilder                                                     : loaded 2 times (x 72B)
Class com.google.gson.internal.bind.DefaultDateTypeAdapter                            : loaded 2 times (x 74B)
Class com.google.common.base.MoreObjects                                              : loaded 2 times (x 71B)
Class org.apache.commons.io.output.ByteArrayOutputStream                              : loaded 2 times (x 102B)
Class com.google.common.collect.BaseImmutableMultimap                                 : loaded 2 times (x 123B)
Class com.google.common.collect.EmptyImmutableListMultimap                            : loaded 2 times (x 176B)
Class org.jetbrains.kotlin.config.LanguageFeature                                     : loaded 2 times (x 80B)
Class com.google.common.reflect.TypeResolver$TypeVariableKey                          : loaded 2 times (x 72B)
Class jdk.internal.jrtfs.SystemImage$1                                                : loaded 2 times (x 78B)
Class com.google.common.cache.CacheLoader$FunctionToCacheLoader                       : loaded 2 times (x 75B)
Class org.apache.commons.io.output.UnsynchronizedByteArrayOutputStream                : loaded 2 times (x 102B)
Class com.google.gson.internal.ReflectionAccessFilterHelper                           : loaded 2 times (x 71B)
Class com.google.gson.internal.reflect.ReflectionHelper$RecordHelper                  : loaded 2 times (x 75B)
Class com.google.common.cache.LocalCache$EntryFactory$5                               : loaded 2 times (x 83B)
Class com.google.gson.ToNumberPolicy$2                                                : loaded 2 times (x 83B)
Class com.google.common.collect.ImmutableListMultimap                                 : loaded 2 times (x 176B)
Class com.google.common.reflect.Types$ParameterizedTypeImpl                           : loaded 2 times (x 81B)
Class org.apache.commons.io.filefilter.AbstractFileFilter                             : loaded 2 times (x 121B)
Class org.gradle.internal.classloader.InstrumentingClassLoader                        : loaded 2 times (x 70B)
Class org.gradle.internal.classpath.TransformedClassPath                              : loaded 2 times (x 96B)
Class com.google.gson.LongSerializationPolicy                                         : loaded 2 times (x 80B)
Class com.google.common.cache.CacheBuilder$NullListener                               : loaded 2 times (x 82B)
Class org.objectweb.asm.FieldWriter                                                   : loaded 2 times (x 78B)
Class com.google.common.reflect.Invokable                                             : loaded 2 times (x 103B)
Class com.google.common.collect.MapMaker$Dummy                                        : loaded 2 times (x 79B)
Class com.google.common.collect.MapDifference                                         : loaded 2 times (x 70B)
Class com.google.common.cache.LocalCache$Strength$3                                   : loaded 2 times (x 81B)
Class com.google.common.base.Splitter$1                                               : loaded 2 times (x 77B)
Class Build_gradle                                                                    : loaded 2 times (x 130B)
Class org.jetbrains.kotlin.config.JVMAssertionsMode$Companion                         : loaded 2 times (x 71B)
Class org.apache.commons.io.output.AppendableWriter                                   : loaded 2 times (x 100B)
Class com.google.gson.internal.bind.ReflectiveTypeAdapterFactory$FieldsData           : loaded 2 times (x 72B)
Class com.google.common.cache.LocalCache$EntryFactory$6                               : loaded 2 times (x 83B)
Class com.google.gson.ToNumberPolicy$3                                                : loaded 2 times (x 83B)
Class org.gradle.internal.installation.CurrentGradleInstallationLocator               : loaded 2 times (x 71B)
Class com.google.common.collect.TransformedIterator                                   : loaded 2 times (x 80B)
Class com.google.common.collect.Interner                                              : loaded 2 times (x 70B)
Class com.google.common.collect.Interners$InternerImpl                                : loaded 2 times (x 75B)
Class org.apache.commons.io.IOCase                                                    : loaded 2 times (x 80B)
Class com.google.common.cache.LocalCache$Strength$2                                   : loaded 2 times (x 81B)
Class com.google.common.util.concurrent.SettableFuture                                : loaded 2 times (x 114B)
Class org.apache.commons.io.output.QueueOutputStream                                  : loaded 2 times (x 87B)
Class com.google.common.reflect.Types$ClassOwnership$3                                : loaded 2 times (x 71B)
Class org.apache.commons.io.file.Counters$Counter                                     : loaded 2 times (x 70B)
Class com.google.common.cache.LocalCache$Strength$1                                   : loaded 2 times (x 81B)
Class org.objectweb.asm.ModuleVisitor                                                 : loaded 2 times (x 81B)
Class com.google.common.collect.Sets$4                                                : loaded 2 times (x 139B)
Class org.jetbrains.kotlin.config.JvmDefaultMode                                      : loaded 2 times (x 79B)
Class org.apache.commons.io.file.SimplePathVisitor                                    : loaded 2 times (x 85B)
Class com.google.common.collect.ImmutableMultimap$Builder                             : loaded 2 times (x 86B)
Class org.apache.commons.io.output.ThresholdingOutputStream                           : loaded 2 times (x 95B)
Class com.google.common.collect.Maps$KeySet                                           : loaded 2 times (x 137B)
Class com.google.common.cache.LocalCache$EntryFactory$7                               : loaded 2 times (x 83B)
Class com.google.gson.ToNumberPolicy$4                                                : loaded 2 times (x 83B)
Class com.google.common.collect.ImmutableSet$EmptySetBuilderImpl                      : loaded 2 times (x 76B)
Class org.gradle.internal.service.DefaultServiceLocator                               : loaded 2 times (x 83B)
Class com.google.common.reflect.TypeResolver                                          : loaded 2 times (x 72B)
Class com.google.common.reflect.Types$ClassOwnership$2                                : loaded 2 times (x 80B)
Class com.google.common.collect.MapMakerInternalMap$StrongValueEntry                  : loaded 2 times (x 70B)
Class [Lorg.apache.commons.io.IOCase;                                                 : loaded 2 times (x 69B)
Class org.gradle.internal.service.UnknownServiceException                             : loaded 2 times (x 83B)
Class jdk.internal.jrtfs.SystemImage                                                  : loaded 2 times (x 74B)
Class com.google.common.cache.LocalCache$LocalLoadingCache                            : loaded 2 times (x 134B)
Class com.google.common.util.concurrent.AbstractFuture$SafeAtomicHelper               : loaded 2 times (x 79B)
Class com.google.common.collect.Sets$3                                                : loaded 2 times (x 139B)
Class [Lorg.objectweb.asm.AnnotationVisitor;                                          : loaded 2 times (x 69B)
Class org.jetbrains.kotlin.config.LanguageVersion$Companion                           : loaded 2 times (x 71B)
Class org.jetbrains.kotlin.cli.common.CompilerSystemProperties                        : loaded 2 times (x 80B)
Class com.google.common.reflect.Types$ClassOwnership$1                                : loaded 2 times (x 80B)
Class com.google.common.base.AbstractIterator$State                                   : loaded 2 times (x 79B)
Class com.google.common.collect.MapMakerInternalMap$Strength$2                        : loaded 2 times (x 80B)
Class org.gradle.api.internal.ClassPathProvider                                       : loaded 2 times (x 70B)
Class com.google.common.cache.LocalCache$SoftValueReference                           : loaded 2 times (x 97B)
Class com.google.common.collect.Maps$EntrySet                                         : loaded 2 times (x 136B)
Class com.google.common.collect.ImmutableMultimap$EntryCollection                     : loaded 2 times (x 128B)
Class org.jetbrains.kotlin.util.capitalizeDecapitalize.CapitalizeDecapitalizeKt       : loaded 2 times (x 71B)
Class com.google.common.cache.LocalCache$EntryFactory$8                               : loaded 2 times (x 83B)
Class com.google.gson.internal.sql.SqlTypesSupport                                    : loaded 2 times (x 71B)
Class com.google.gson.Gson                                                            : loaded 2 times (x 72B)
Class jdk.internal.jrtfs.JrtDirectoryStream                                           : loaded 2 times (x 89B)
Class org.gradle.internal.installation.CurrentGradleInstallation                      : loaded 2 times (x 73B)
Class [Lorg.gradle.api.internal.ClassPathProvider;                                    : loaded 2 times (x 69B)
Class com.google.gson.FieldNamingStrategy                                             : loaded 2 times (x 70B)
Class com.google.gson.JsonArray                                                       : loaded 2 times (x 100B)
Class com.google.common.collect.Sets$2                                                : loaded 2 times (x 139B)
Class com.google.common.collect.Maps$ViewCachingAbstractMap                           : loaded 2 times (x 125B)
Class com.google.common.collect.MapMakerInternalMap$Strength$1                        : loaded 2 times (x 80B)
Class org.apache.commons.io.FilenameUtils                                             : loaded 2 times (x 71B)
Class org.gradle.api.internal.DefaultClassPathProvider                                : loaded 2 times (x 76B)
Class com.google.gson.FieldNamingPolicy                                               : loaded 2 times (x 83B)
Class com.google.gson.FormattingStyle                                                 : loaded 2 times (x 78B)
Class com.google.gson.internal.bind.TypeAdapters                                      : loaded 2 times (x 71B)
Class org.objectweb.asm.AnnotationVisitor                                             : loaded 2 times (x 78B)
Class com.google.common.collect.Sets$1                                                : loaded 2 times (x 139B)
Class com.google.common.base.Splitter                                                 : loaded 2 times (x 72B)
Class com.google.common.collect.Iterators$EmptyModifiableIterator                     : loaded 2 times (x 86B)
Class com.google.common.collect.ImmutableEnumMap                                      : loaded 2 times (x 126B)
Class com.google.common.collect.ListMultimap                                          : loaded 2 times (x 70B)
Class com.google.common.cache.CacheLoader$1                                           : loaded 2 times (x 75B)
Class com.google.gson.Gson$1                                                          : loaded 2 times (x 76B)
Class org.gradle.util.internal.GUtil                                                  : loaded 2 times (x 71B)
Class [Lorg.jetbrains.kotlin.config.LanguageOrApiVersion;                             : loaded 2 times (x 69B)
Class org.apache.commons.io.output.StringBuilderWriter                                : loaded 2 times (x 100B)
Class [Lorg.apache.commons.io.StandardLineSeparator;                                  : loaded 2 times (x 69B)
Class org.gradle.api.internal.classpath.EffectiveClassPath                            : loaded 2 times (x 90B)
Class [Lcom.google.common.collect.ImmutableMapEntry;                                  : loaded 2 times (x 69B)
Class com.google.gson.internal.bind.ObjectTypeAdapter                                 : loaded 2 times (x 74B)
Class org.gradle.internal.classloader.ClassLoaderVisitor                              : loaded 2 times (x 76B)
Class com.google.gson.internal.bind.TypeAdapters$32                                   : loaded 2 times (x 76B)
Class org.jetbrains.kotlin.config.LanguageVersionSettings                             : loaded 2 times (x 70B)
Class com.google.common.base.CharMatcher$None                                         : loaded 2 times (x 112B)
Class org.apache.commons.io.file.PathUtils                                            : loaded 2 times (x 71B)
Class [Lcom.google.common.collect.AbstractIterator$State;                             : loaded 2 times (x 69B)
Class org.gradle.internal.classloader.DefaultClassLoaderFactory                       : loaded 2 times (x 82B)
Class com.google.gson.JsonSyntaxException                                             : loaded 2 times (x 82B)
Class com.google.common.io.ByteSource                                                 : loaded 2 times (x 84B)
Class com.google.common.util.concurrent.AbstractFuture$SetFuture                      : loaded 2 times (x 75B)
Class com.google.common.cache.AbstractCache$StatsCounter                              : loaded 2 times (x 70B)
Class com.google.gson.Gson$2                                                          : loaded 2 times (x 76B)
Class com.google.gson.internal.bind.TypeAdapters$31                                   : loaded 2 times (x 76B)
Class com.google.gson.internal.bind.JsonAdapterAnnotationTypeAdapterFactory$DummyTypeAdapterFactory: loaded 2 times (x 75B)
Class com.google.common.base.Suppliers                                                : loaded 2 times (x 71B)
Class [Lcom.google.common.cache.CacheBuilder$OneWeigher;                              : loaded 2 times (x 69B)
Class org.objectweb.asm.MethodTooLargeException                                       : loaded 2 times (x 83B)
Class com.google.common.base.Platform$JdkPatternCompiler                              : loaded 2 times (x 75B)
Class com.google.common.collect.MapMakerInternalMap$Strength                          : loaded 2 times (x 80B)
Class com.google.common.collect.MapMakerInternalMap$StrongKeyDummyValueEntry$LinkedStrongKeyDummyValueEntry: loaded 2 times (x 82B)
Class jdk.internal.jimage.decompressor.StringSharingDecompressorFactory               : loaded 2 times (x 74B)
Class com.google.gson.TypeAdapterFactory                                              : loaded 2 times (x 70B)
Class com.google.gson.internal.bind.JsonTreeReader                                    : loaded 2 times (x 98B)
Class com.google.gson.internal.bind.TypeAdapters$30                                   : loaded 2 times (x 76B)
Class org.objectweb.asm.ClassVisitor                                                  : loaded 2 times (x 88B)
Class [Lorg.objectweb.asm.Symbol;                                                     : loaded 2 times (x 69B)
Class com.google.common.collect.MapMakerInternalMap$1                                 : loaded 2 times (x 83B)
Class com.google.common.io.LineBuffer                                                 : loaded 2 times (x 75B)
Class com.google.common.reflect.Types$TypeVariableImpl                                : loaded 2 times (x 72B)
Class com.google.gson.internal.bind.ReflectiveTypeAdapterFactory$BoundField           : loaded 2 times (x 75B)
Class com.google.gson.Gson$3                                                          : loaded 2 times (x 75B)
Class org.gradle.internal.installation.GradleInstallation                             : loaded 2 times (x 75B)
Class org.jetbrains.kotlin.config.ExplicitApiMode$Companion                           : loaded 2 times (x 71B)
Class com.google.common.reflect.TypeCapture                                           : loaded 2 times (x 71B)
Class com.google.common.collect.TransformedListIterator                               : loaded 2 times (x 93B)
Class com.google.common.cache.LocalCache$Values                                       : loaded 2 times (x 118B)
Class org.apache.commons.io.function.IOFunction                                       : loaded 2 times (x 70B)
Class com.google.common.collect.ImmutableMap$MapViewOfValuesAsSingletonSets           : loaded 2 times (x 126B)
Class com.google.common.collect.RegularImmutableMap                                   : loaded 2 times (x 121B)
Class com.google.gson.stream.MalformedJsonException                                   : loaded 2 times (x 82B)
Class org.apache.commons.io.FileSystem                                                : loaded 2 times (x 80B)
Class com.google.common.base.Splitter$Strategy                                        : loaded 2 times (x 70B)
Class com.google.common.collect.ElementTypesAreNonnullByDefault                       : loaded 2 times (x 70B)
Class org.jetbrains.kotlin.config.LanguageFeature$State                               : loaded 2 times (x 82B)
Class com.google.gson.internal.bind.DefaultDateTypeAdapter$1                          : loaded 2 times (x 75B)
Class com.google.gson.Gson$4                                                          : loaded 2 times (x 76B)
Class com.google.gson.internal.ConstructorConstructor                                 : loaded 2 times (x 72B)
Class com.google.common.collect.Iterables                                             : loaded 2 times (x 71B)
Class jdk.internal.jimage.decompressor.ResourceDecompressor$StringsProvider           : loaded 2 times (x 70B)
Class org.gradle.api.internal.classpath.ManifestUtil                                  : loaded 2 times (x 71B)
Class com.google.gson.JsonObject                                                      : loaded 2 times (x 93B)
Class com.google.common.util.concurrent.ExecutionError                                : loaded 2 times (x 82B)
Class com.google.common.collect.ImmutableEnumSet                                      : loaded 2 times (x 146B)
Class org.jetbrains.kotlin.com.intellij.util.xmlb.annotations.Transient               : loaded 2 times (x 70B)
Class com.google.common.collect.AbstractMapBasedMultimap$WrappedCollection            : loaded 2 times (x 124B)
Class org.gradle.internal.classloader.ClassLoaderHierarchy                            : loaded 2 times (x 70B)
Class jdk.internal.jimage.BasicImageReader                                            : loaded 2 times (x 95B)
Class [Lcom.google.common.base.AbstractIterator$State;                                : loaded 2 times (x 69B)
Class com.google.common.io.FileWriteMode                                              : loaded 2 times (x 79B)
Class [Lcom.google.common.collect.MapMakerInternalMap$Segment;                        : loaded 2 times (x 69B)
Class com.google.common.cache.LocalCache$ValueIterator                                : loaded 2 times (x 86B)
Class org.gradle.internal.classloader.FilteringClassLoader                            : loaded 2 times (x 105B)
Class com.google.common.collect.RegularImmutableMap$KeySet                            : loaded 2 times (x 152B)
Class com.google.gson.internal.bind.ObjectTypeAdapter$1                               : loaded 2 times (x 76B)
Class com.google.common.base.Equivalence$Identity                                     : loaded 2 times (x 82B)
Class com.google.common.base.PairwiseEquivalence                                      : loaded 2 times (x 83B)
Class com.google.gson.Gson$FutureTypeAdapter                                          : loaded 2 times (x 76B)
Class com.google.common.io.LineReader                                                 : loaded 2 times (x 72B)
Class com.google.gson.ReflectionAccessFilter$FilterResult                             : loaded 2 times (x 79B)
Class com.google.gson.Gson$5                                                          : loaded 2 times (x 76B)

---------------  S Y S T E M  ---------------

OS:
 Windows 11 , 64 bit Build 26100 (10.0.26100.8737)
OS uptime: 19 days 3:35 hours

CPU: total 8 (initial active 8) (4 cores per cpu, 2 threads per core) family 6 model 142 stepping 12 microcode 0xde, cx8, cmov, fxsr, ht, mmx, 3dnowpref, sse, sse2, sse3, ssse3, sse4.1, sse4.2, popcnt, lzcnt, tsc, tscinvbit, avx, avx2, aes, erms, clmul, bmi1, bmi2, adx, fma, vzeroupper, clflush, clflushopt, rdtscp, f16c
Processor Information for the first 8 processors :
  Max Mhz: 2112, Current Mhz: 1609, Mhz Limit: 1605

Memory: 4k page, system-wide physical 8022M (583M free)
TotalPageFile size 20687M (AvailPageFile size 21M)
current process WorkingSet (physical memory assigned to process): 1196M, peak: 1199M
current process commit charge ("private bytes"): 1433M, peak: 1492M

vm_info: OpenJDK 64-Bit Server VM (21.0.10+-14961533-b1163.108) for windows-amd64 JRE (21.0.10+-14961533-b1163.108), built on 2026-03-02T19:58:50Z by "builder" with MS VC++ 16.10 / 16.11 (VS2019)

END.
